date,USD_GBP,USD_EUR,USD_JPY,USD_HKD,USD_AUD
1999-01-04,0.60319,0.84825,113.44,7.7472,1.6202
1999-01-05,0.60407,0.84818,111.08,7.7473,1.6068
1999-01-06,0.60257,0.85157,111.91,7.7501,1.6027
1999-01-07,0.60682,0.8597,111.27,7.7485,1.5882
1999-01-08,0.60846,0.85771,111.58,7.7453,1.5787
1999-01-11,0.60887,0.86438,109.2,7.7496,1.5675
1999-01-12,0.61337,0.86806,112.53,7.747,1.5703
1999-01-13,0.6032,0.8515,112.3,7.7493,1.5855
1999-01-14,0.60602,0.85815,113.91,7.748,1.575
1999-01-15,0.60545,0.86014,113.31,7.75,1.5816
1999-01-18,0.60394,0.86118,114.45,7.7458,1.5753
1999-01-19,0.60262,0.86088,113.76,7.7431,1.575
1999-01-20,0.60596,0.86393,113.68,7.7413,1.5606
1999-01-21,0.6069,0.86415,112.63,7.7469,1.5703
1999-01-22,0.6056,0.86453,114.01,7.7581,1.5756
1999-01-25,0.60333,0.86326,114.03,7.7491,1.5812
1999-01-26,0.60231,0.86341,113.81,7.7541,1.5879
1999-01-27,0.60439,0.86738,114.42,7.75,1.5884
1999-01-28,0.60719,0.87642,115.91,7.75,1.6005
1999-01-29,0.60699,0.87843,116.04,7.747,1.5888
1999-02-01,0.60893,0.88199,115.43,7.7473,1.5772
1999-02-02,0.60757,0.88207,112.64,7.7489,1.5649
1999-02-03,0.61083,0.88207,111.9,7.7511,1.5532
1999-02-04,0.61209,0.88786,113.34,7.7507,1.5574
1999-02-05,0.60972,0.88558,113.31,7.7506,1.5315
1999-02-08,0.61248,0.88921,113.66,7.7489,1.5321
1999-02-09,0.60981,0.88238,114.63,7.7509,1.5484
1999-02-10,0.61312,0.88168,115.26,7.7485,1.549
1999-02-11,0.6166,0.88402,114.35,7.7529,1.5406
1999-02-12,0.61517,0.88936,114.66,7.752,1.5527
1999-02-15,0.61354,0.88984,115.06,7.7492,1.5441
1999-02-16,0.61328,0.89477,117.95,7.749,1.5629
1999-02-17,0.61077,0.88865,118.62,7.7511,1.5774
1999-02-18,0.61173,0.89031,119.66,7.7475,1.5747
1999-02-19,0.61256,0.89582,120.01,7.7534,1.5679
1999-02-22,0.61763,0.90975,121.55,7.7497,1.5681
1999-02-23,0.61956,0.91166,121.38,7.7327,1.563
1999-02-24,0.62363,0.90604,121.28,7.7462,1.5824
1999-02-25,0.62442,0.90654,120.45,7.7478,1.5924
1999-02-26,0.6238,0.90761,119.2,7.7493,1.6173
1999-03-01,0.62161,0.91025,119.36,7.7498,1.6171
1999-03-02,0.62129,0.91853,120.67,7.7481,1.6067
1999-03-03,0.61685,0.91752,121.28,7.7453,1.6014
1999-03-04,0.62203,0.9203,123.25,7.7467,1.61
1999-03-05,0.62184,0.92302,122.94,7.7496,1.5995
1999-03-08,0.6212,0.91676,121.72,7.7457,1.5904
1999-03-09,0.62174,0.92056,121.93,7.7519,1.5765
1999-03-10,0.6159,0.91299,120.28,7.7468,1.5737
1999-03-11,0.61464,0.91819,120.28,7.7512,1.5741
1999-03-12,0.6116,0.91475,119.65,7.7473,1.5777
1999-03-15,0.61549,0.91333,117.68,7.7511,1.5823
1999-03-16,0.6149,0.91735,118.02,7.7437,1.593
1999-03-17,0.61499,0.91191,118.71,7.7488,1.596
1999-03-18,0.61388,0.9081,117.85,7.7487,1.5854
1999-03-19,0.61457,0.91617,117.26,7.7499,1.5864
1999-03-22,0.6146,0.92047,117.82,7.7499,1.5808
1999-03-23,0.61546,0.91777,118.34,7.7477,1.5642
1999-03-24,0.6088,0.91508,117.68,7.7501,1.5642
1999-03-25,0.61186,0.9176,118.05,7.7419,1.5693
1999-03-26,0.61489,0.92464,119.21,7.7427,1.5717
1999-03-29,0.61869,0.93528,120.45,7.7486,1.581
1999-03-30,0.61974,0.93362,120.31,7.7536,1.5874
1999-03-31,0.62028,0.93093,118.98,7.7477,1.5882
1999-04-01,0.62105,0.92833,119.49,7.7689,1.5715
1999-04-02,0.62384,0.92833,120.54,7.7508,1.5774
1999-04-05,0.62333,0.93006,121.42,7.7509,1.577
1999-04-06,0.63015,0.93231,121.19,7.7536,1.5908
1999-04-07,0.62634,0.9249,121.41,7.7494,1.592
1999-04-08,0.6222,0.92439,120.59,7.7481,1.6014
1999-04-09,0.62386,0.92782,121.31,7.7468,1.5923
1999-04-12,0.61866,0.92022,119.88,7.7535,1.5741
1999-04-13,0.61969,0.92894,120.45,7.7501,1.5718
1999-04-14,0.61806,0.92704,119.17,7.7512,1.5654
1999-04-15,0.61951,0.92713,118.68,7.7487,1.5744
1999-04-16,0.62177,0.93738,118.26,7.7531,1.55
1999-04-19,0.61922,0.9402,118.16,7.7467,1.5349
1999-04-20,0.61892,0.93932,117.87,7.7394,1.538
1999-04-21,0.6228,0.94464,119.27,7.748,1.5444
1999-04-22,0.62234,0.94509,119.98,7.7516,1.5467
1999-04-23,0.61905,0.94038,119.66,7.7491,1.5288
1999-04-26,0.6189,0.94215,118.92,7.7473,1.5403
1999-04-27,0.61966,0.94073,119.79,7.7534,1.5455
1999-04-28,0.61719,0.93756,119.12,7.7485,1.5305
1999-04-29,0.6209,0.94304,118.97,7.7502,1.5205
1999-04-30,0.62008,0.94366,119.75,7.7498,1.5172
1999-05-03,0.62055,0.94438,119.87,7.7508,1.5098
1999-05-04,0.62031,0.94661,121.2,7.7506,1.5142
1999-05-05,0.61423,0.93747,120.73,7.7486,1.5181
1999-05-06,0.61126,0.92601,120.94,7.7504,1.4915
1999-05-07,0.61283,0.92713,120.65,7.7501,1.4947
1999-05-10,0.61518,0.93153,120.93,7.7513,1.4916
1999-05-11,0.61675,0.93179,121.11,7.7553,1.4881
1999-05-12,0.61785,0.93941,121.07,7.7499,1.4994
1999-05-13,0.61759,0.94144,121.63,7.7503,1.496
1999-05-14,0.6183,0.93668,122.5,7.7491,1.5035
1999-05-17,0.6175,0.93589,123.04,7.7535,1.5084
1999-05-18,0.61665,0.93545,123.12,7.7533,1.487
1999-05-19,0.61774,0.94038,124.51,7.7518,1.5094
1999-05-20,0.61951,0.93994,124.22,7.7543,1.5117
1999-05-21,0.62268,0.94589,124.15,7.7532,1.5045
1999-05-24,0.62513,0.94473,123.63,7.7547,1.5213
1999-05-25,0.62426,0.941,122.72,7.7531,1.5182
1999-05-26,0.62458,0.94922,122.23,7.754,1.5382
1999-05-27,0.62551,0.95484,122.27,7.7551,1.5332
1999-05-28,0.62468,0.95429,120.91,7.7534,1.5313
1999-05-31,0.62395,0.95639,121.63,7.7542,1.5373
1999-06-01,0.62344,0.95841,121.09,7.7558,1.5514
1999-06-02,0.62059,0.96321,121.08,7.7519,1.5484
1999-06-03,0.62204,0.96321,121.17,7.7559,1.549
1999-06-04,0.62162,0.96946,121.62,7.7574,1.5353
1999-06-07,0.62175,0.96937,120.88,7.7598,1.5142
1999-06-08,0.62484,0.96293,121.32,7.7574,1.5149
1999-06-09,0.62326,0.95547,118.94,7.7579,1.5075
1999-06-10,0.62421,0.95475,118.87,7.7579,1.5117
1999-06-11,0.62116,0.95475,118.47,7.7566,1.5081
1999-06-14,0.6202,0.95813,120.17,7.7562,1.5105
1999-06-15,0.62558,0.96228,120.54,7.7585,1.5141
1999-06-16,0.62929,0.96665,120.25,7.7546,1.5229
1999-06-17,0.62679,0.96712,119.89,7.7563,1.5174
1999-06-18,0.6263,0.96265,119.87,7.7555,1.5313
1999-06-21,0.62927,0.96721,122.16,7.7608,1.5286
1999-06-22,0.63008,0.96965,121.79,7.7599,1.5366
1999-06-23,0.63337,0.97276,122.13,7.7731,1.5262
1999-06-24,0.63298,0.9689,122.13,7.7641,1.5185
1999-06-25,0.6299,0.95758,121.42,7.7589,1.5078
1999-06-28,0.63188,0.96265,121.26,7.758,1.5192
1999-06-29,0.63142,0.96488,120.9,7.7557,1.5221
1999-06-30,0.63546,0.96824,120.86,7.7572,1.5103
1999-07-01,0.63348,0.97428,120.93,7.7566,1.4942
1999-07-02,0.63451,0.97647,121.01,7.7636,1.4986
1999-07-05,0.63438,0.97733,122.34,7.7608,1.5022
1999-07-06,0.63732,0.97838,122.17,7.7608,1.4944
1999-07-07,0.64205,0.97828,122.06,7.76,1.5082
1999-07-08,0.6427,0.98213,122.49,7.7586,1.5068
1999-07-09,0.64455,0.98001,122.17,7.7572,1.4983
1999-07-12,0.64471,0.98775,122.3,7.7629,1.5109
1999-07-13,0.64205,0.98203,121.6,7.7593,1.5114
1999-07-14,0.64152,0.98348,120.94,7.7708,1.5155
1999-07-15,0.63847,0.9803,120.62,7.7593,1.5131
1999-07-16,0.63801,0.9802,120.71,7.7626,1.5153
1999-07-19,0.64173,0.98561,119.85,7.7594,1.5216
1999-07-20,0.63573,0.96061,118.24,7.7559,1.5334
1999-07-21,0.63592,0.95584,118.72,7.7609,1.5518
1999-07-22,0.63263,0.95247,118.16,7.7627,1.5429
1999-07-23,0.63205,0.95274,116.2,7.7617,1.5411
1999-07-26,0.62918,0.93475,115.72,7.7646,1.5408
1999-07-27,0.62859,0.941,116.94,7.7616,1.5508
1999-07-28,0.63029,0.94313,116.15,7.7638,1.5529
1999-07-29,0.62406,0.93633,115.34,7.7603,1.5407
1999-07-30,0.61698,0.9351,115.2,7.7631,1.534
1999-08-02,0.618,0.93765,114.28,7.7597,1.5416
1999-08-03,0.61888,0.93941,115.26,7.7647,1.5306
1999-08-04,0.61583,0.92928,114.66,7.7626,1.5175
1999-08-05,0.61811,0.9267,114.33,7.7622,1.5243
1999-08-06,0.61918,0.9311,114.65,7.7639,1.5325
1999-08-09,0.62261,0.93414,115.25,7.7624,1.5366
1999-08-10,0.61982,0.93136,114.79,7.7668,1.5345
1999-08-11,0.62083,0.93738,115.22,7.7612,1.5423
1999-08-12,0.62173,0.94003,115.86,7.7638,1.5407
1999-08-13,0.62051,0.93747,114.76,7.7665,1.5359
1999-08-16,0.62399,0.9476,114.92,7.7626,1.5336
1999-08-17,0.62544,0.94994,114.32,7.7627,1.5429
1999-08-18,0.62337,0.95084,113.06,7.7669,1.5547
1999-08-19,0.62337,0.95084,111.27,7.7645,1.5736
1999-08-20,0.61779,0.93747,111.71,7.6553,1.5715
1999-08-23,0.6204,0.94286,111.29,7.7649,1.5688
1999-08-24,0.62557,0.95129,111.7,7.767,1.5661
1999-08-25,0.62992,0.9585,110.9,7.7636,1.5827
1999-08-26,0.62897,0.95675,111.35,7.7612,1.5824
1999-08-27,0.63043,0.95694,111.66,7.7653,1.5778
1999-08-30,0.62962,0.95657,111.06,7.764,1.5784
1999-08-31,0.62281,0.94581,109.27,7.7659,1.5666
1999-09-01,0.62122,0.94224,109.3,7.7644,1.5687
1999-09-02,0.62193,0.93791,108.95,7.7652,1.553
1999-09-03,0.62104,0.93615,109.83,7.7637,1.5499
1999-09-06,0.62365,0.94393,109.78,7.7639,1.5524
1999-09-07,0.62243,0.94652,111.16,7.7672,1.5515
1999-09-08,0.61585,0.94224,110.7,7.765,1.5406
1999-09-09,0.6149,0.94411,108.91,7.7653,1.5372
1999-09-10,0.61435,0.95057,109.32,7.766,1.5346
1999-09-13,0.61951,0.96693,106.22,7.7661,1.5249
1999-09-14,0.6242,0.96506,106.4,7.765,1.5273
1999-09-15,0.6232,0.96441,104.1,7.767,1.5416
1999-09-16,0.61859,0.96413,104.2,7.7645,1.5453
1999-09-17,0.61777,0.96182,106.43,7.7624,1.5402
1999-09-20,0.61599,0.96098,107.71,7.7649,1.5537
1999-09-21,0.61446,0.96265,104.66,7.767,1.5482
1999-09-22,0.61119,0.95157,104.18,7.7678,1.535
1999-09-23,0.61266,0.95877,103.98,7.7694,1.5459
1999-09-24,0.60844,0.95456,104.43,7.7642,1.5369
1999-09-27,0.60755,0.96025,105.31,7.7688,1.5284
1999-09-28,0.60689,0.95393,106.18,7.7701,1.5333
1999-09-29,0.60873,0.9467,106.84,7.7672,1.5235
1999-09-30,0.60713,0.93765,105.64,7.7668,1.5373
1999-10-01,0.6058,0.93214,105.56,7.7664,1.52
1999-10-04,0.60351,0.93292,105.98,7.7729,1.5168
1999-10-05,0.60415,0.9358,106.66,7.769,1.5022
1999-10-06,0.60427,0.93136,107.65,7.7687,1.5134
1999-10-07,0.6049,0.93205,107.63,7.7662,1.5135
1999-10-08,0.60533,0.93835,107.49,7.7671,1.5213
1999-10-11,0.60427,0.94065,106.69,7.7659,1.5291
1999-10-12,0.60546,0.93738,106.35,7.7469,1.5262
1999-10-13,0.60475,0.92782,107.85,7.7705,1.5212
1999-10-14,0.60411,0.92954,106.85,7.7709,1.5363
1999-10-15,0.59978,0.92005,105.94,7.7657,1.5428
1999-10-18,0.59891,0.92013,105.11,7.7674,1.5529
1999-10-19,0.59845,0.92439,105.66,7.7731,1.5461
1999-10-20,0.59942,0.9279,106.19,7.7701,1.5425
1999-10-21,0.59702,0.92618,106.07,7.7558,1.5403
1999-10-22,0.59732,0.92954,105.64,7.7703,1.5358
1999-10-25,0.60217,0.93607,105.46,7.7711,1.5369
1999-10-26,0.60312,0.94047,104.7,7.7737,1.5312
1999-10-27,0.60576,0.94769,104.01,7.7783,1.5473
1999-10-28,0.60898,0.94931,104.22,7.768,1.5543
1999-10-29,0.61159,0.95666,104.84,7.774,1.5652
1999-11-01,0.6066,0.94589,104.27,7.7642,1.5658
1999-11-02,0.6074,0.95175,104.81,7.7777,1.5602
1999-11-03,0.60633,0.9532,104.06,7.7705,1.5522
1999-11-04,0.60824,0.95202,104.72,7.7732,1.5707
1999-11-05,0.61462,0.9608,105.49,7.7695,1.5718
1999-11-08,0.61624,0.96108,106.06,7.7738,1.5629
1999-11-09,0.61541,0.95932,104.92,7.7745,1.5706
1999-11-10,0.6168,0.96135,105.1,7.7721,1.5621
1999-11-11,0.61638,0.96098,105.04,7.7754,1.5573
1999-11-12,0.61894,0.97012,104.99,7.7723,1.5542
1999-11-15,0.61848,0.97078,104.83,7.7725,1.5522
1999-11-16,0.6162,0.96749,105.86,7.7752,1.5553
1999-11-17,0.61491,0.9608,105.28,7.7752,1.5565
1999-11-18,0.61628,0.96339,105.62,7.7646,1.5636
1999-11-19,0.61806,0.97286,106.14,7.7917,1.5644
1999-11-22,0.61691,0.96984,105.08,7.769,1.5665
1999-11-23,0.61541,0.96946,104.68,7.7716,1.5699
1999-11-24,0.61977,0.97895,104.38,7.7729,1.5807
1999-11-25,0.61919,0.98097,104.23,7.7718,1.5776
1999-11-26,0.6238,0.99,103.81,7.777,1.5696
1999-11-29,0.62489,0.99236,102.03,7.7921,1.5687
1999-11-30,0.62642,0.99039,102.01,7.772,1.5765
1999-12-01,0.62472,0.99098,102.42,7.7817,1.5696
1999-12-02,0.62563,0.99433,102.45,7.7812,1.5753
1999-12-03,0.62456,0.9985,102.42,7.7825,1.5848
1999-12-06,0.61972,0.98213,102.75,7.7645,1.5782
1999-12-07,0.61549,0.97666,102.6,7.7689,1.5702
1999-12-08,0.61489,0.97694,102.89,7.7767,1.5691
1999-12-09,0.61533,0.9828,102.6,7.7668,1.5628
1999-12-10,0.61601,0.9861,102.37,7.7754,1.575
1999-12-13,0.61592,0.98736,102.64,7.7714,1.5723
1999-12-14,0.61915,0.99621,103.67,7.7728,1.5735
1999-12-15,0.62279,0.9979,103.48,7.7751,1.5746
1999-12-16,0.61955,0.98561,102.97,7.7746,1.5636
1999-12-17,0.62075,0.98736,103.36,7.8128,1.5524
1999-12-20,0.62203,0.99049,102.85,7.7645,1.5564
1999-12-21,0.62237,0.99167,102.21,7.7822,1.5554
1999-12-22,0.62071,0.99265,101.73,7.7685,1.5497
1999-12-23,0.62097,0.99118,101.62,7.7726,1.5538
1999-12-24,0.61793,0.986,102.83,7.7685,1.556
1999-12-27,0.61841,0.98678,102.38,7.7672,1.5541
1999-12-28,0.61939,0.99118,102.22,7.7952,1.5529
1999-12-29,0.61815,0.99285,102.28,7.7788,1.5421
1999-12-30,0.61885,0.99542,102.26,7.7676,1.5351
1999-12-31,0.618895,0.994335,102.1525,7.773775,1.53155
2000-01-03,0.61903,0.99108,101.83,7.7923,1.5209
2000-01-04,0.61097,0.9704,102.75,7.7827,1.5213
2000-01-05,0.60995,0.96451,103.53,7.7767,1.5213
2000-01-06,0.60666,0.96265,104.66,7.7823,1.5237
2000-01-07,0.60891,0.97238,105.11,7.782,1.5303
2000-01-10,0.61091,0.97761,104.86,7.7692,1.5238
2000-01-11,0.6095,0.97504,106.13,7.7793,1.5273
2000-01-12,0.60662,0.97012,105.84,7.7734,1.5185
2000-01-13,0.6087,0.97314,105.97,7.7828,1.5035
2000-01-14,0.60841,0.978,105.67,7.7797,1.4995
2000-01-17,0.61224,0.99069,104.82,7.7905,1.507
2000-01-18,0.61171,0.99079,105.44,7.7771,1.5082
2000-01-19,0.61079,0.98961,105.88,7.7816,1.5064
2000-01-20,0.6073,0.99118,105.5,7.7801,1.5048
2000-01-21,0.60543,0.99039,104.52,7.7797,1.5069
2000-01-24,0.60457,0.99731,105.26,7.7903,1.5254
2000-01-25,0.60781,0.9992,105.61,7.7832,1.5263
2000-01-26,0.60824,0.9981,105.84,7.7832,1.5253
2000-01-27,0.61036,1.0024,105.68,7.7699,1.5326
2000-01-28,0.61444,1.0154,105.34,7.7789,1.5412
2000-01-31,0.61761,1.0213,106.85,7.7833,1.5759
2000-02-01,0.61998,1.0299,107.74,7.7787,1.5733
2000-02-02,0.62272,1.0291,108.58,7.7837,1.5718
2000-02-03,0.62433,1.0259,108.51,7.7801,1.578
2000-02-04,0.62989,1.0168,107.77,7.7908,1.5831
2000-02-07,0.62803,1.0239,108.55,7.7874,1.5625
2000-02-08,0.62426,1.0098,108.97,7.7817,1.5787
2000-02-09,0.621,1.0066,108.88,7.7684,1.5724
2000-02-10,0.62079,1.0134,108.54,7.7809,1.5796
2000-02-11,0.62606,1.0203,109.6,7.782,1.5841
2000-02-14,0.62846,1.0135,108.29,7.777,1.5847
2000-02-15,0.62988,1.0227,108.88,7.7804,1.5951
2000-02-16,0.62515,1.02,109.11,7.779,1.5841
2000-02-17,0.62083,1.0082,110.19,7.7868,1.5774
2000-02-18,0.62331,1.0145,110.86,7.7886,1.5854
2000-02-21,0.62504,1.0145,111.32,7.7872,1.5945
2000-02-22,0.62123,0.9978,110.87,7.7825,1.5941
2000-02-23,0.62098,0.99325,111.12,7.7682,1.6115
2000-02-24,0.62518,1.0103,110.68,7.794,1.6233
2000-02-25,0.62723,1.0191,110.86,7.785,1.6136
2000-02-28,0.62994,1.0375,109.16,7.7749,1.6298
2000-02-29,0.63146,1.0294,109.95,7.7816,1.626
2000-03-01,0.63339,1.0344,108.25,7.7802,1.652
2000-03-02,0.63136,1.0283,107.33,7.7838,1.6403
2000-03-03,0.6333,1.0353,107.85,7.7824,1.6475
2000-03-06,0.63392,1.0373,107.33,7.7893,1.6556
2000-03-07,0.63546,1.0424,107.37,7.7841,1.6553
2000-03-08,0.63324,1.0479,107.14,7.7814,1.6474
2000-03-09,0.6329,1.0399,106.53,7.7832,1.6329
2000-03-10,0.63404,1.0403,106.39,7.7799,1.6288
2000-03-13,0.63256,1.0292,105.22,7.7766,1.6281
2000-03-14,0.63649,1.0395,104.92,7.7827,1.6248
2000-03-15,0.63647,1.0366,105.46,7.7836,1.6313
2000-03-16,0.63697,1.0349,105.28,7.8001,1.6302
2000-03-17,0.63544,1.0339,105.78,7.7833,1.642
2000-03-20,0.63829,1.0293,106.75,7.7838,1.6508
2000-03-21,0.63664,1.0308,106.65,7.7864,1.642
2000-03-22,0.63782,1.0413,107.13,7.7828,1.6471
2000-03-23,0.63215,1.0356,107.58,7.756,1.6537
2000-03-24,0.62944,1.0293,107.14,7.787,1.6475
2000-03-27,0.62675,1.0297,106.85,7.7869,1.6287
2000-03-28,0.63108,1.0366,106.34,7.786,1.6296
2000-03-29,0.63043,1.0452,105.32,7.7871,1.6445
2000-03-30,0.62899,1.0466,105.02,7.7819,1.6338
2000-03-31,0.6265,1.0468,103.14,7.7836,1.6551
2000-04-03,0.62735,1.0456,104.84,7.7726,1.6459
2000-04-04,0.62602,1.0484,105.62,7.7918,1.6575
2000-04-05,0.62938,1.0338,105.15,7.7795,1.6493
2000-04-06,0.63117,1.039,104.98,7.7805,1.6584
2000-04-07,0.63227,1.0456,105.3,7.7942,1.6774
2000-04-10,0.63233,1.0428,106.28,7.7796,1.671
2000-04-11,0.63112,1.0423,106.95,7.7901,1.678
2000-04-12,0.63053,1.0443,105.59,7.7844,1.679
2000-04-13,0.62902,1.0485,106.0,7.7924,1.6689
2000-04-14,0.63061,1.0482,105.72,7.79,1.677
2000-04-17,0.62948,1.0446,103.83,7.8004,1.6889
2000-04-18,0.63209,1.053,104.21,7.7892,1.6854
2000-04-19,0.63239,1.057,104.42,7.8029,1.6742
2000-04-20,0.63289,1.0666,104.92,7.7935,1.6846
2000-04-21,0.63308,1.06828,105.038,7.79256,1.68388
2000-04-24,0.6336499999999999,1.07332,105.39200000000001,7.78974,1.68172
2000-04-25,0.63384,1.075,105.51,7.7888,1.681
2000-04-26,0.63385,1.0878,106.44,7.7899,1.6978
2000-04-27,0.63593,1.0913,106.48,7.7936,1.6998
2000-04-28,0.63775,1.1007,107.3,7.7794,1.7118
2000-05-01,0.638845,1.097925,108.39500000000001,7.7836,1.707975
2000-05-02,0.63921,1.097,108.76,7.785,1.7067
2000-05-03,0.64075,1.122,109.35,7.7997,1.7004
2000-05-04,0.65027,1.1177,108.81,7.789,1.6939
2000-05-05,0.64982,1.1131,108.2,7.7848,1.687
2000-05-08,0.6536,1.1171,108.55,7.7782,1.7011
2000-05-09,0.65126,1.1138,109.43,7.7729,1.7315
2000-05-10,0.6562,1.0981,108.85,7.779,1.7143
2000-05-11,0.66648,1.1014,108.53,7.8049,1.7364
2000-05-12,0.6601,1.1075,108.55,7.8046,1.7318
2000-05-15,0.66087,1.0933,109.4,7.7923,1.7422
2000-05-16,0.66685,1.1031,109.09,7.7988,1.7386
2000-05-17,0.67104,1.1208,109.82,7.7928,1.7623
2000-05-18,0.67535,1.1183,109.15,7.79,1.7647
2000-05-19,0.6747,1.1268,107.82,7.7848,1.7544
2000-05-22,0.67222,1.1111,107.3,7.7854,1.7518
2000-05-23,0.67512,1.0976,106.79,7.7885,1.7342
2000-05-24,0.67762,1.0991,107.25,7.8,1.7485
2000-05-25,0.67921,1.1135,107.79,7.8139,1.7604
2000-05-26,0.6791,1.0937,107.43,7.7814,1.7502
2000-05-29,0.67189,1.0797,107.23,7.7968,1.7426
2000-05-30,0.66524,1.0685,106.64,7.7987,1.732
2000-05-31,0.66914,1.0749,107.38,7.7848,1.7467
2000-06-01,0.66881,1.0718,108.69,7.7951,1.7477
2000-06-02,0.6682,1.0689,108.63,7.7939,1.7418
2000-06-05,0.66045,1.0601,107.61,7.7908,1.7136
2000-06-06,0.66041,1.0543,106.74,7.7845,1.7171
2000-06-07,0.6569,1.0467,105.71,7.8015,1.6977
2000-06-08,0.65774,1.0343,105.63,7.802,1.6875
2000-06-09,0.66491,1.0537,106.87,7.813,1.7066
2000-06-12,0.66159,1.0496,106.59,7.7917,1.6964
2000-06-13,0.66054,1.0435,106.49,7.79,1.6774
2000-06-14,0.66438,1.0378,106.39,7.7952,1.66
2000-06-15,0.66317,1.05,105.96,7.7937,1.6647
2000-06-16,0.66168,1.0455,106.27,7.7958,1.6439
2000-06-19,0.6611,1.0373,105.66,7.7953,1.662
2000-06-20,0.66324,1.0484,105.49,7.7962,1.6551
2000-06-21,0.666,1.056,105.34,7.7939,1.6666
2000-06-22,0.6639,1.0633,105.37,7.7964,1.6677
2000-06-23,0.66398,1.0624,104.24,7.7907,1.6773
2000-06-26,0.66635,1.0722,105.48,7.7947,1.6819
2000-06-27,0.66812,1.0637,105.48,7.7952,1.6647
2000-06-28,0.66415,1.0621,105.75,7.7941,1.6639
2000-06-29,0.65835,1.0522,104.76,7.7981,1.655
2000-06-30,0.66168,1.0465,105.24,7.7915,1.6632
2000-07-03,0.66165,1.0534,105.95,7.7987,1.6686
2000-07-04,0.66101,1.0541,106.23,7.8006,1.6729
2000-07-05,0.66195,1.0485,106.67,7.803,1.6833
2000-07-06,0.66129,1.048,107.36,7.8131,1.6941
2000-07-07,0.66203,1.0545,107.41,7.8016,1.7009
2000-07-10,0.65946,1.0501,106.92,7.794,1.6843
2000-07-11,0.66128,1.0496,106.82,7.7943,1.6971
2000-07-12,0.66007,1.0527,107.69,7.8003,1.6928
2000-07-13,0.66574,1.0696,107.09,7.7979,1.6934
2000-07-14,0.66642,1.0702,107.9,7.8057,1.7113
2000-07-17,0.67044,1.0693,108.69,7.812,1.7112
2000-07-18,0.66727,1.0692,107.91,7.8,1.7134
2000-07-19,0.66797,1.0851,108.07,7.7907,1.7274
2000-07-20,0.66866,1.0846,108.18,7.7849,1.73
2000-07-21,0.66058,1.068,108.44,7.7895,1.703
2000-07-24,0.65913,1.0716,108.92,7.7928,1.7044
2000-07-25,0.65898,1.0627,109.22,7.7968,1.708
2000-07-26,0.65911,1.065,109.08,7.8024,1.6942
2000-07-27,0.66013,1.0651,108.91,7.798,1.6933
2000-07-28,0.663,1.0781,109.2,7.7991,1.6981
2000-07-31,0.66851,1.0819,109.32,7.8064,1.7295
2000-08-01,0.66623,1.0794,109.63,7.7991,1.7233
2000-08-02,0.67195,1.0939,109.17,7.7993,1.7175
2000-08-03,0.67235,1.1077,108.39,7.8094,1.7158
2000-08-04,0.66526,1.1073,108.54,7.8019,1.7182
2000-08-07,0.66402,1.1008,108.82,7.7988,1.7065
2000-08-08,0.66276,1.1053,108.54,7.7966,1.7041
2000-08-09,0.66622,1.1145,107.89,7.7995,1.7277
2000-08-10,0.66637,1.1073,108.44,7.8052,1.7257
2000-08-11,0.66371,1.0951,108.75,7.7974,1.7194
2000-08-14,0.66408,1.1098,109.4,7.8012,1.7284
2000-08-15,0.66451,1.0967,109.43,7.8061,1.7117
2000-08-16,0.66711,1.1023,108.52,7.8063,1.7027
2000-08-17,0.66696,1.0941,108.45,7.7867,1.6905
2000-08-18,0.66824,1.0957,108.93,7.8014,1.6886
2000-08-21,0.67062,1.1083,108.2,7.8028,1.6973
2000-08-22,0.67298,1.1146,108.42,7.7996,1.7084
2000-08-23,0.67582,1.1213,107.31,7.7992,1.7559
2000-08-24,0.67543,1.1096,107.23,7.7974,1.7468
2000-08-25,0.67864,1.1085,107.09,7.8008,1.7438
2000-08-28,0.67947,1.1102,106.45,7.8007,1.7468
2000-08-29,0.68477,1.1154,106.46,7.803,1.749
2000-08-30,0.69009,1.1225,106.41,7.8117,1.7517
2000-08-31,0.68852,1.1228,106.41,7.8026,1.7457
2000-09-01,0.68917,1.1233,106.46,7.7999,1.745
2000-09-04,0.68378,1.1111,105.69,7.8012,1.7369
2000-09-05,0.68917,1.1254,105.99,7.7963,1.7487
2000-09-06,0.69029,1.134,105.77,7.8021,1.7697
2000-09-07,0.69698,1.1526,105.13,7.7963,1.8038
2000-09-08,0.70109,1.1448,105.61,7.7983,1.7873
2000-09-11,0.70601,1.1616,106.11,7.7849,1.7911
2000-09-12,0.71337,1.1609,106.28,7.7968,1.791
2000-09-13,0.70973,1.1555,107.27,7.7945,1.8041
2000-09-14,0.70551,1.1504,107.16,7.8148,1.8101
2000-09-15,0.71097,1.1608,107.53,7.8037,1.8178
2000-09-18,0.71499,1.1729,106.85,7.798,1.8405
2000-09-19,0.71233,1.1708,106.91,7.8014,1.8424
2000-09-20,0.70658,1.1798,106.54,7.7876,1.8458
2000-09-21,0.70436,1.1732,106.43,7.7845,1.8536
2000-09-22,0.682,1.1249,107.71,7.7893,1.7942
2000-09-25,0.68734,1.1403,107.61,7.8021,1.8344
2000-09-26,0.68836,1.1419,107.29,7.7959,1.8262
2000-09-27,0.6822,1.1285,107.76,7.7984,1.8226
2000-09-28,0.68218,1.1322,107.54,7.7935,1.8199
2000-09-29,0.68078,1.1409,108.32,7.7926,1.846
2000-10-02,0.68064,1.1361,108.49,7.7966,1.8404
2000-10-03,0.68538,1.1412,108.57,7.7956,1.8458
2000-10-04,0.68763,1.1455,109.18,7.7939,1.8629
2000-10-05,0.68598,1.1382,109.21,7.7958,1.8558
2000-10-06,0.69103,1.149,108.95,7.7956,1.8738
2000-10-09,0.69074,1.1501,108.97,7.7976,1.8718
2000-10-10,0.68708,1.1467,108.02,7.7975,1.8788
2000-10-11,0.6844,1.1468,107.99,7.7982,1.8624
2000-10-12,0.68467,1.1563,107.54,7.7968,1.8839
2000-10-13,0.68019,1.1592,107.8,7.7973,1.8827
2000-10-16,0.69134,1.175,108.2,7.7974,1.9027
2000-10-17,0.69539,1.177,107.97,7.7979,1.9253
2000-10-18,0.68891,1.173,108.23,7.7979,1.9173
2000-10-19,0.69266,1.1889,108.11,7.7974,1.9303
2000-10-20,0.69001,1.1832,108.92,7.7974,1.8881
2000-10-23,0.6876,1.1937,108.63,7.7989,1.8847
2000-10-24,0.68805,1.1925,108.23,7.7992,1.8915
2000-10-25,0.69472,1.2038,108.1,7.799,1.9234
2000-10-26,0.70371,1.2118,108.22,7.7994,1.9344
2000-10-27,0.69726,1.2013,108.76,7.7999,1.9234
2000-10-30,0.68522,1.179,108.71,7.7996,1.8999
2000-10-31,0.69015,1.1881,109.16,7.7992,1.9457
2000-11-01,0.69114,1.169,108.52,7.7974,1.9103
2000-11-02,0.68887,1.1566,108.29,7.7956,1.8945
2000-11-03,0.68877,1.1455,107.25,7.7966,1.8923
2000-11-06,0.6917,1.1538,107.14,7.798,1.8951
2000-11-07,0.6999,1.1646,107.29,7.7985,1.8982
2000-11-08,0.70172,1.1684,107.75,7.7985,1.8922
2000-11-09,0.70531,1.1722,107.31,7.7985,1.9055
2000-11-10,0.6986,1.153,107.71,7.799,1.9015
2000-11-13,0.69791,1.1601,107.68,7.7988,1.923
2000-11-14,0.69847,1.1651,107.89,7.799,1.9221
2000-11-15,0.70161,1.1633,108.45,7.7994,1.9214
2000-11-16,0.7023,1.167,108.87,7.7993,1.923
2000-11-17,0.70287,1.1716,108.9,7.7995,1.9217
2000-11-20,0.70158,1.1781,109.21,7.7998,1.948
2000-11-21,0.70427,1.1801,110.08,7.7996,1.9574
2000-11-22,0.70696,1.1864,109.69,7.7997,1.9262
2000-11-23,0.712,1.1867,110.24,7.7997,1.9249
2000-11-24,0.71053,1.1854,111.17,7.7998,1.9118
2000-11-27,0.70973,1.1896,111.16,7.7998,1.9224
2000-11-28,0.70307,1.1681,110.43,7.7998,1.8953
2000-11-29,0.70162,1.1561,109.84,7.7998,1.9061
2000-11-30,0.70567,1.1515,111.05,7.7997,1.9059
2000-12-01,0.69777,1.1448,111.91,7.7999,1.8663
2000-12-04,0.68893,1.1226,110.69,7.7997,1.8343
2000-12-05,0.69251,1.1351,110.69,7.7997,1.8488
2000-12-06,0.69687,1.1328,110.74,7.7981,1.833
2000-12-07,0.69239,1.1182,110.59,7.7975,1.8206
2000-12-08,0.68893,1.1242,111.02,7.7967,1.8308
2000-12-11,0.68707,1.1358,110.78,7.7963,1.8456
2000-12-12,0.6905,1.1387,111.47,7.7972,1.8447
2000-12-13,0.69044,1.1431,112.48,7.7998,1.8509
2000-12-14,0.6822,1.1313,112.63,7.7999,1.8448
2000-12-15,0.67765,1.1131,112.34,7.7999,1.832
2000-12-18,0.67745,1.1153,112.13,7.7998,1.8413
2000-12-19,0.68202,1.1232,112.28,7.7997,1.8499
2000-12-20,0.68142,1.1039,112.65,7.7998,1.8225
2000-12-21,0.67571,1.0934,111.93,7.7995,1.8128
2000-12-22,0.67554,1.0823,112.32,7.7995,1.7975
2000-12-25,0.673266,1.07738,113.292,7.79926,1.79792
2000-12-26,0.672508,1.0757400000000001,113.616,7.79918,1.79806
2000-12-27,0.67175,1.0741,113.94,7.7991,1.7982
2000-12-28,0.67184,1.077,114.59,7.799,1.804
2000-12-29,0.67071,1.0747,114.91,7.7999,1.8023
2001-01-01,0.670305,1.064575,114.895,7.7997499999999995,1.7912750000000002
2001-01-02,0.67017,1.0612,114.89,7.7997,1.7876
2001-01-03,0.66369,1.0493,114.25,7.7999,1.7749
2001-01-04,0.66885,1.0573,114.45,7.7997,1.7715
2001-01-05,0.66517,1.0477,116.52,7.7995,1.7532
2001-01-08,0.66632,1.053,116.41,7.7998,1.7632
2001-01-09,0.67163,1.0637,115.71,7.7998,1.7835
2001-01-10,0.67021,1.0625,116.16,7.7998,1.7899
2001-01-11,0.66681,1.0501,117.35,7.7997,1.7904
2001-01-12,0.67135,1.0477,117.71,7.7997,1.7814
2001-01-15,0.67756,1.0607,118.71,7.7996,1.8082
2001-01-16,0.68073,1.0625,118.22,7.7997,1.7986
2001-01-17,0.67752,1.0643,117.71,7.7997,1.796
2001-01-18,0.67897,1.0634,118.33,7.7993,1.8003
2001-01-19,0.67872,1.0638,117.72,7.7995,1.789
2001-01-22,0.68784,1.0764,116.56,7.7994,1.8101
2001-01-23,0.67907,1.063,117.17,7.7997,1.8013
2001-01-24,0.68227,1.076,118.13,7.7995,1.8172
2001-01-25,0.68926,1.0934,117.16,7.7996,1.8387
2001-01-26,0.68433,1.0837,116.7,7.7995,1.8469
2001-01-29,0.68574,1.0878,116.56,7.7996,1.8411
2001-01-30,0.68479,1.0873,116.76,7.7994,1.8356
2001-01-31,0.68514,1.0761,116.08,7.7991,1.833
2001-02-01,0.67733,1.0632,115.56,7.7989,1.8033
2001-02-02,0.67652,1.063,115.27,7.7987,1.8028
2001-02-05,0.67767,1.061,115.42,7.799,1.8098
2001-02-06,0.6829,1.0727,114.84,7.7997,1.8242
2001-02-07,0.68461,1.0724,116.2,7.7999,1.8263
2001-02-08,0.68926,1.0846,116.02,7.7998,1.8416
2001-02-09,0.69167,1.0838,117.37,7.7993,1.8608
2001-02-12,0.68885,1.0767,117.59,7.7995,1.861
2001-02-13,0.68744,1.0782,117.08,7.7998,1.8601
2001-02-14,0.68708,1.0896,116.16,7.7997,1.8878
2001-02-15,0.69076,1.1001,116.07,7.7994,1.9067
2001-02-16,0.68956,1.0973,115.09,7.7996,1.8943
2001-02-19,0.68859,1.0854,115.83,7.7998,1.8892
2001-02-20,0.69614,1.1025,115.61,7.7998,1.9092
2001-02-21,0.69265,1.0934,116.65,7.7997,1.8983
2001-02-22,0.69236,1.1042,116.31,7.7998,1.9149
2001-02-23,0.6912,1.1033,116.62,7.7996,1.9153
2001-02-26,0.69006,1.0983,116.5,7.7999,1.9042
2001-02-27,0.6929,1.0913,116.13,7.7997,1.902
2001-02-28,0.69064,1.0813,117.27,7.7998,1.8985
2001-03-01,0.68961,1.0789,117.29,7.7998,1.8938
2001-03-02,0.67884,1.068,119.14,7.7999,1.8952
2001-03-05,0.68028,1.0747,119.44,7.8,1.9142
2001-03-06,0.68143,1.0777,118.43,7.8,1.9294
2001-03-07,0.68314,1.0745,119.67,7.7997,1.9487
2001-03-08,0.68127,1.0739,119.61,7.7998,1.9675
2001-03-09,0.6812,1.0687,119.39,7.7996,1.9523
2001-03-12,0.68335,1.0785,120.19,7.7996,1.9686
2001-03-13,0.68909,1.0867,119.83,7.7998,1.9879
2001-03-14,0.68656,1.0891,119.86,7.7995,2.0024
2001-03-15,0.6934,1.1033,121.94,7.7998,2.0248
2001-03-16,0.69867,1.1177,122.78,7.7992,2.0244
2001-03-19,0.69942,1.1116,122.09,7.7992,1.9964
2001-03-20,0.69989,1.1086,122.66,7.7992,2.0063
2001-03-21,0.7,1.1123,123.75,7.7992,2.0086
2001-03-22,0.7039,1.125,124.03,7.7987,2.0391
2001-03-23,0.70141,1.1208,122.94,7.7997,2.0306
2001-03-26,0.69737,1.1192,123.2,7.7998,2.0229
2001-03-27,0.69705,1.1171,123.06,7.7999,2.0102
2001-03-28,0.6991,1.1287,121.68,7.7995,2.0225
2001-03-29,0.69548,1.1312,123.26,7.7995,2.0295
2001-03-30,0.70109,1.1322,125.38,7.7991,2.0559
2001-04-02,0.70451,1.14,126.35,7.7983,2.0708
2001-04-03,0.70232,1.1306,125.9,7.7988,2.0694
2001-04-04,0.6963,1.1072,125.69,7.7985,2.0537
2001-04-05,0.69645,1.1086,124.21,7.7986,2.0355
2001-04-06,0.70078,1.1186,124.59,7.7983,2.0346
2001-04-09,0.69228,1.1089,125.08,7.799,2.0235
2001-04-10,0.69301,1.1179,124.47,7.7996,2.0193
2001-04-11,0.69898,1.1312,124.21,7.7995,1.9949
2001-04-12,0.69759,1.1301,123.18,7.7992,1.9691
2001-04-13,0.6975560000000001,1.13158,123.286,7.7992799999999995,1.97124
2001-04-16,0.697454,1.13602,123.604,7.79952,1.97766
2001-04-17,0.69742,1.1375,123.71,7.7996,1.9798
2001-04-18,0.7013,1.1392,122.83,7.7997,2.0137
2001-04-19,0.69922,1.1329,121.77,7.7994,1.9737
2001-04-20,0.69363,1.1125,122.57,7.7993,1.9398
2001-04-23,0.69385,1.1109,121.87,7.799,1.9767
2001-04-24,0.69497,1.1145,121.63,7.7991,1.9863
2001-04-25,0.69599,1.1177,122.44,7.7994,1.9839
2001-04-26,0.693,1.1095,122.45,7.7993,1.969
2001-04-27,0.69312,1.1083,124.14,7.7994,1.954
2001-04-30,0.69795,1.1266,123.56,7.7989,1.9689
2001-05-01,0.69842,1.12465,122.86,7.79915,1.9476499999999999
2001-05-02,0.69889,1.1227,122.16,7.7994,1.9264
2001-05-03,0.69887,1.1232,121.58,7.7992,1.9182
2001-05-04,0.6965,1.1187,121.03,7.7993,1.9193
2001-05-07,0.69515,1.1212,121.31,7.7994,1.9285
2001-05-08,0.69761,1.1279,122.05,7.7996,1.9232
2001-05-09,0.70386,1.1329,121.79,7.7997,1.92
2001-05-10,0.70316,1.1299,122.23,7.7998,1.9122
2001-05-11,0.70455,1.1399,122.36,7.7997,1.9084
2001-05-14,0.70577,1.1435,123.06,7.7999,1.9333
2001-05-15,0.70541,1.1405,123.57,7.8,1.9345
2001-05-16,0.70104,1.132,123.68,7.7999,1.9156
2001-05-17,0.69938,1.1344,123.18,7.7998,1.8931
2001-05-18,0.69921,1.1393,123.45,7.7998,1.9012
2001-05-21,0.69568,1.1423,123.13,7.7997,1.8934
2001-05-22,0.69879,1.1514,123.15,7.7998,1.9105
2001-05-23,0.7032,1.1648,121.15,7.7999,1.9307
2001-05-24,0.7063,1.1623,119.89,7.7997,1.9425
2001-05-25,0.70364,1.164,120.52,7.7998,1.9189
2001-05-28,0.70457,1.165,121.13,7.7999,1.9228
2001-05-29,0.70533,1.1693,120.3,7.7998,1.942
2001-05-30,0.7039,1.1685,120.09,7.7998,1.9482
2001-05-31,0.70436,1.1792,119.1,7.7998,1.9725
2001-06-01,0.70512,1.1795,118.68,7.7997,1.9651
2001-06-04,0.70527,1.1747,119.7,7.7989,1.9611
2001-06-05,0.70856,1.1813,119.83,7.7998,1.9699
2001-06-06,0.71251,1.1705,120.72,7.7998,1.9418
2001-06-07,0.72336,1.1812,120.13,7.7996,1.9342
2001-06-08,0.72367,1.1809,120.62,7.7991,1.9115
2001-06-11,0.72239,1.1773,121.72,7.7989,1.9022
2001-06-12,0.72599,1.1801,121.74,7.7987,1.9043
2001-06-13,0.72618,1.1707,122.08,7.7989,1.899
2001-06-14,0.71997,1.1776,121.9,7.7988,1.9091
2001-06-15,0.71,1.1545,120.92,7.7991,1.8963
2001-06-18,0.71367,1.1654,123.19,7.7996,1.9163
2001-06-19,0.7161,1.1678,123.12,7.7996,1.9129
2001-06-20,0.71773,1.1747,123.34,7.7995,1.9312
2001-06-21,0.70907,1.1693,124.09,7.7995,1.9341
2001-06-22,0.7079,1.1726,124.27,7.7997,1.936
2001-06-25,0.70663,1.1618,123.98,7.7996,1.9321
2001-06-26,0.70723,1.1613,123.92,7.7999,1.9302
2001-06-27,0.70645,1.1598,124.16,7.7996,1.9238
2001-06-28,0.70908,1.175,124.72,7.7996,1.9545
2001-06-29,0.7112,1.1792,124.26,7.7999,1.9735
2001-07-02,0.70727,1.1827,124.38,7.7996,1.9648
2001-07-03,0.70837,1.1769,124.08,7.7998,1.9328
2001-07-04,0.71288,1.183,124.41,7.7998,1.9262
2001-07-05,0.71123,1.1874,125.55,7.7998,1.9316
2001-07-06,0.71517,1.1927,126.01,7.7999,1.9773
2001-07-09,0.71096,1.1822,125.53,7.7999,1.9771
2001-07-10,0.70825,1.1703,125.55,7.7999,1.959
2001-07-11,0.70584,1.1613,124.5,7.7999,1.9559
2001-07-12,0.71106,1.1712,124.34,7.7997,1.9825
2001-07-13,0.71332,1.1711,124.28,7.7995,1.9699
2001-07-16,0.71374,1.1651,125.19,7.8,1.9609
2001-07-17,0.71489,1.1743,125.23,7.7999,1.974
2001-07-18,0.70997,1.1587,124.91,7.7999,1.9576
2001-07-19,0.70503,1.1464,123.47,7.7998,1.941
2001-07-20,0.69713,1.1395,123.47,7.7998,1.9497
2001-07-23,0.70274,1.1526,124.04,7.7998,1.9713
2001-07-24,0.70498,1.1484,124.1,7.7998,1.9697
2001-07-25,0.70022,1.1373,123.85,7.7997,1.9746
2001-07-26,0.70128,1.141,123.89,7.7997,1.9671
2001-07-27,0.70039,1.1405,123.92,7.7996,1.9757
2001-07-30,0.70118,1.1427,125.07,7.7996,1.9785
2001-07-31,0.70166,1.1422,124.84,7.7997,1.974
2001-08-01,0.6982,1.1342,124.59,7.7996,1.9494
2001-08-02,0.69925,1.1379,124.06,7.7993,1.9289
2001-08-03,0.69998,1.1356,123.84,7.7992,1.9328
2001-08-06,0.70301,1.1357,123.88,7.7988,1.937
2001-08-07,0.70655,1.1405,124.02,7.7992,1.9411
2001-08-08,0.70604,1.1412,123.18,7.7994,1.9411
2001-08-09,0.70417,1.1296,123.3,7.7995,1.9355
2001-08-10,0.70154,1.1191,122.33,7.7994,1.9396
2001-08-13,0.70204,1.1122,121.6,7.7992,1.9274
2001-08-14,0.70384,1.1151,122.7,7.7997,1.938
2001-08-15,0.69607,1.0972,120.28,7.804,1.8972
2001-08-16,0.69204,1.0936,119.93,7.7997,1.8983
2001-08-17,0.69238,1.0943,120.75,7.7998,1.8735
2001-08-20,0.69188,1.093,120.43,7.7998,1.874
2001-08-21,0.69062,1.0955,119.85,7.7997,1.8745
2001-08-22,0.68641,1.0851,119.78,7.7998,1.857
2001-08-23,0.69205,1.0975,120.34,7.7997,1.8786
2001-08-24,0.69357,1.0979,120.29,7.7998,1.8863
2001-08-27,0.69384,1.1001,120.11,7.7998,1.8956
2001-08-28,0.69465,1.106,120.27,7.7999,1.898
2001-08-29,0.68724,1.0963,119.43,7.7997,1.8858
2001-08-30,0.68796,1.0995,119.79,7.7998,1.8844
2001-08-31,0.68629,1.0919,118.64,7.7997,1.8896
2001-09-03,0.68728,1.1023,118.96,7.7998,1.8987
2001-09-04,0.69086,1.1148,119.4,7.7999,1.9142
2001-09-05,0.69149,1.1247,120.27,7.7999,1.921
2001-09-06,0.68989,1.1293,121.24,7.7998,1.92
2001-09-07,0.68823,1.1171,121.0,7.7997,1.9249
2001-09-10,0.68222,1.1053,120.54,7.7999,1.9492
2001-09-11,0.68675,1.1156,121.93,7.7998,1.947
2001-09-12,0.68228,1.1047,119.48,7.7993,1.9408
2001-09-13,0.68091,1.1038,119.07,7.7998,1.9434
2001-09-14,0.67762,1.0847,117.51,7.7999,1.9356
2001-09-17,0.68012,1.0789,117.18,7.7998,1.9937
2001-09-18,0.68107,1.0804,117.22,7.7997,2.0151
2001-09-19,0.68298,1.0801,117.56,7.7995,2.0347
2001-09-20,0.68258,1.08,116.81,7.7994,2.0248
2001-09-21,0.68489,1.087,116.5,7.7999,2.0652
2001-09-24,0.68376,1.0912,117.27,7.7998,2.0325
2001-09-25,0.68385,1.0898,117.19,7.7996,2.0281
2001-09-26,0.67849,1.0847,117.82,7.7995,2.0149
2001-09-27,0.67833,1.0864,119.23,7.7995,2.0587
2001-09-28,0.6812,1.0952,119.4,7.7995,2.0173
2001-10-01,0.6766,1.0959,119.67,7.7985,2.0313
2001-10-02,0.67559,1.0883,120.5,7.7988,2.0266
2001-10-03,0.67814,1.0859,121.12,7.7992,2.0049
2001-10-04,0.67917,1.0969,120.6,7.7994,2.0079
2001-10-05,0.67626,1.09,120.24,7.7997,1.9722
2001-10-08,0.67842,1.0853,119.76,7.7997,1.972
2001-10-09,0.68063,1.0878,120.32,7.7997,1.9849
2001-10-10,0.68805,1.0946,120.0,7.7998,1.9909
2001-10-11,0.68991,1.1035,120.89,7.7997,2.001
2001-10-12,0.69115,1.1062,121.29,7.8,2.0011
2001-10-15,0.68957,1.0993,120.7,7.7999,1.9459
2001-10-16,0.69178,1.1047,121.58,7.7999,1.9489
2001-10-17,0.69175,1.1084,121.65,7.8,1.9539
2001-10-18,0.69233,1.1079,121.02,7.8,1.9665
2001-10-19,0.69364,1.11,121.1,7.8,1.975
2001-10-22,0.69907,1.115,121.73,7.7999,1.9703
2001-10-23,0.70417,1.1252,122.68,7.7999,1.9658
2001-10-24,0.70169,1.1215,122.78,7.7999,1.9682
2001-10-25,0.70199,1.125,123.25,7.7999,1.9758
2001-10-26,0.69958,1.1222,122.6,7.7998,1.9938
2001-10-29,0.68962,1.1105,122.09,7.7999,1.9803
2001-10-30,0.68756,1.1033,121.82,7.7999,1.9656
2001-10-31,0.68713,1.106,122.06,7.8,1.9843
2001-11-01,0.6822,1.0993,121.71,7.8018,1.9546
2001-11-02,0.68275,1.1042,121.52,7.8,1.9726
2001-11-05,0.68765,1.1159,121.97,7.8,1.9713
2001-11-06,0.68653,1.1159,121.04,7.7999,1.9496
2001-11-07,0.68283,1.1094,120.9,7.7999,1.9398
2001-11-08,0.68301,1.1146,120.65,7.8,1.9432
2001-11-09,0.68802,1.1198,120.35,7.7999,1.9426
2001-11-12,0.68791,1.1212,120.71,7.7999,1.9247
2001-11-13,0.69272,1.131,121.17,7.8,1.9272
2001-11-14,0.6959,1.136,121.78,7.8,1.9147
2001-11-15,0.69677,1.1331,122.28,7.7999,1.9251
2001-11-16,0.69813,1.1306,122.62,7.7994,1.9099
2001-11-19,0.70351,1.1373,123.37,7.7996,1.9183
2001-11-20,0.70569,1.1333,122.93,7.7992,1.9199
2001-11-21,0.70458,1.1375,122.88,7.799,1.9317
2001-11-22,0.70756,1.1392,123.79,7.799,1.9373
2001-11-23,0.70711,1.137,124.05,7.799,1.9341
2001-11-26,0.70538,1.134,123.99,7.7989,1.9287
2001-11-27,0.7096,1.1379,124.02,7.7986,1.9151
2001-11-28,0.70604,1.1324,123.36,7.7986,1.9194
2001-11-29,0.7017,1.1252,122.91,7.7985,1.927
2001-11-30,0.70106,1.1238,123.69,7.7989,1.9187
2001-12-03,0.70308,1.1204,123.48,7.7987,1.9275
2001-12-04,0.7031,1.1233,124.13,7.7991,1.9352
2001-12-05,0.70299,1.1212,124.27,7.7995,1.9423
2001-12-06,0.70373,1.125,124.56,7.7996,1.9323
2001-12-07,0.70037,1.1222,125.13,7.7992,1.9352
2001-12-10,0.70034,1.1299,126.35,7.7992,1.9445
2001-12-11,0.69713,1.1226,126.07,7.7995,1.9449
2001-12-12,0.69445,1.1188,125.98,7.7997,1.9283
2001-12-13,0.69181,1.1142,126.23,7.7998,1.921
2001-12-14,0.68955,1.1091,127.61,7.7996,1.9297
2001-12-17,0.6866,1.1051,127.84,7.7995,1.9293
2001-12-18,0.68675,1.1096,127.9,7.7993,1.9365
2001-12-19,0.68986,1.1132,127.66,7.799,1.9442
2001-12-20,0.6913,1.1145,128.22,7.7984,1.97
2001-12-21,0.6906,1.1182,129.58,7.7975,1.9735
2001-12-24,0.69641,1.1366,129.84,7.7975,1.9685
2001-12-25,0.6943533333333333,1.1355333333333333,130.34666666666666,7.7973333333333334,1.9690999999999999
2001-12-26,0.6922966666666667,1.1344666666666667,130.85333333333335,7.797166666666667,1.9697
2001-12-27,0.69024,1.1334,131.36,7.797,1.9703
2001-12-28,0.69046,1.1347,130.86,7.7979,1.9607
2001-12-31,0.691894,1.11772,131.69400000000002,7.7982000000000005,1.9529
2002-01-01,0.692372,1.11206,131.972,7.7983,1.9503
2002-01-02,0.69285,1.1064,132.25,7.7984,1.9477
2002-01-03,0.69212,1.1067,131.72,7.798,1.9389
2002-01-04,0.69433,1.1168,130.87,7.7985,1.9299
2002-01-07,0.69556,1.123,131.07,7.799,1.9293
2002-01-08,0.69391,1.1225,132.7,7.7989,1.9205
2002-01-09,0.69359,1.121,132.33,7.7986,1.9135
2002-01-10,0.69278,1.1225,132.41,7.7986,1.9046
2002-01-11,0.69279,1.1212,132.1,7.7984,1.9194
2002-01-14,0.68971,1.1202,131.78,7.7985,1.93
2002-01-15,0.69099,1.1208,131.1,7.7985,1.9274
2002-01-16,0.69581,1.1342,131.37,7.7986,1.9435
2002-01-17,0.69668,1.1339,132.07,7.7987,1.9432
2002-01-18,0.69705,1.1351,132.89,7.7989,1.9443
2002-01-21,0.69638,1.1312,132.62,7.799,1.9312
2002-01-22,0.70034,1.1325,134.24,7.7994,1.927
2002-01-23,0.70043,1.1292,134.06,7.7993,1.9211
2002-01-24,0.70366,1.1406,134.54,7.7995,1.9364
2002-01-25,0.70715,1.1543,134.31,7.7993,1.9399
2002-01-28,0.71066,1.1658,133.96,7.7994,1.9444
2002-01-29,0.70802,1.1596,133.28,7.7993,1.9446
2002-01-30,0.70701,1.1571,132.71,7.7992,1.9757
2002-01-31,0.70754,1.1578,132.84,7.7994,1.9655
2002-02-01,0.70667,1.1585,133.99,7.7994,1.9617
2002-02-04,0.70534,1.1569,133.29,7.7996,1.9586
2002-02-05,0.70425,1.1517,133.23,7.7994,1.957
2002-02-06,0.7066,1.1542,133.37,7.7995,1.9699
2002-02-07,0.70972,1.1542,133.59,7.7994,1.9702
2002-02-08,0.70744,1.1442,134.39,7.7997,1.9594
2002-02-11,0.7023,1.1371,133.91,7.7995,1.9492
2002-02-12,0.70102,1.1425,133.61,7.7998,1.9662
2002-02-13,0.69889,1.1453,132.46,7.7996,1.9688
2002-02-14,0.70091,1.1504,132.19,7.7996,1.94
2002-02-15,0.70017,1.1488,132.81,7.7993,1.9337
2002-02-18,0.69971,1.1474,132.74,7.7993,1.9323
2002-02-19,0.70191,1.1505,133.8,7.7994,1.9363
2002-02-20,0.6993,1.1438,133.71,7.7993,1.9333
2002-02-21,0.70164,1.1493,134.23,7.7992,1.9404
2002-02-22,0.69933,1.1432,133.84,7.7991,1.9407
2002-02-25,0.70083,1.1463,133.72,7.7993,1.9481
2002-02-26,0.70168,1.1518,134.05,7.7992,1.9455
2002-02-27,0.70528,1.1562,134.81,7.7991,1.9461
2002-02-28,0.70645,1.1559,134.17,7.7991,1.9375
2002-03-01,0.70319,1.1522,133.3,7.7995,1.9337
2002-03-04,0.70494,1.1562,132.27,7.7995,1.9216
2002-03-05,0.70364,1.1518,131.84,7.7995,1.9226
2002-03-06,0.70305,1.1478,131.84,7.7995,1.9218
2002-03-07,0.70345,1.141,128.89,7.7993,1.9089
2002-03-08,0.70047,1.1368,127.88,7.7997,1.908
2002-03-11,0.70392,1.144,128.73,7.7996,1.9203
2002-03-12,0.70732,1.1451,128.71,7.7997,1.9249
2002-03-13,0.70895,1.145,129.4,7.7997,1.9247
2002-03-14,0.70533,1.136,128.65,7.7995,1.9175
2002-03-15,0.7018,1.1296,128.91,7.7995,1.9066
2002-03-18,0.70223,1.1374,131.15,7.7992,1.91
2002-03-19,0.70008,1.1326,131.35,7.7995,1.907
2002-03-20,0.70297,1.1346,131.29,7.7996,1.8877
2002-03-21,0.70092,1.1342,132.2,7.7996,1.8849
2002-03-22,0.70142,1.137,132.76,7.7997,1.8802
2002-03-25,0.70042,1.1417,133.19,7.7996,1.8812
2002-03-26,0.70253,1.1446,133.13,7.7991,1.8918
2002-03-27,0.70192,1.1434,132.54,7.7995,1.8945
2002-03-28,0.70266,1.1463,132.4,7.7996,1.8778
2002-03-29,0.70119,1.1446800000000001,132.598,7.7996,1.87702
2002-04-01,0.69678,1.13982,133.19199999999998,7.7996,1.87468
2002-04-02,0.69531,1.1382,133.39,7.7996,1.8739
2002-04-03,0.69533,1.136,132.76,7.7995,1.8825
2002-04-04,0.69619,1.134,132.32,7.7996,1.8788
2002-04-05,0.69713,1.1382,132.01,7.7995,1.8815
2002-04-08,0.69697,1.1392,131.7,7.7996,1.8941
2002-04-09,0.69873,1.1412,131.56,7.7997,1.8886
2002-04-10,0.69595,1.1366,130.42,7.7997,1.8841
2002-04-11,0.69673,1.1371,131.68,7.7996,1.8707
2002-04-12,0.69579,1.136,132.09,7.7997,1.8692
2002-04-15,0.69575,1.1361,131.55,7.7997,1.8774
2002-04-16,0.6959,1.136,131.47,7.7997,1.8837
2002-04-17,0.69234,1.1261,130.6,7.7995,1.8608
2002-04-18,0.69185,1.1242,130.51,7.7994,1.8581
2002-04-19,0.69142,1.1254,130.45,7.7993,1.8528
2002-04-22,0.69106,1.1259,129.88,7.7994,1.8536
2002-04-23,0.69116,1.1271,130.09,7.7993,1.8589
2002-04-24,0.69163,1.1246,129.81,7.7994,1.8528
2002-04-25,0.68882,1.115,128.52,7.7993,1.8364
2002-04-26,0.68855,1.1147,128.44,7.7994,1.84
2002-04-29,0.68444,1.1064,128.0,7.7992,1.8465
2002-04-30,0.68694,1.1101,128.4,7.7992,1.8619
2002-05-01,0.68553,1.10865,128.145,7.799049999999999,1.8623
2002-05-02,0.68412,1.1072,127.89,7.7989,1.8627
2002-05-03,0.68171,1.101,127.22,7.7992,1.858
2002-05-06,0.68132,1.0936,127.23,7.7991,1.8572
2002-05-07,0.68274,1.0959,128.19,7.7993,1.8484
2002-05-08,0.68519,1.1004,128.59,7.7987,1.8464
2002-05-09,0.68657,1.1036,128.68,7.799,1.8489
2002-05-10,0.68425,1.0967,127.88,7.7992,1.8392
2002-05-13,0.6848,1.0967,127.68,7.7991,1.83
2002-05-14,0.68859,1.1035,128.19,7.7991,1.8314
2002-05-15,0.6897,1.1074,128.27,7.7991,1.8309
2002-05-16,0.68534,1.096,127.47,7.7987,1.8205
2002-05-17,0.68608,1.0927,126.37,7.7988,1.8144
2002-05-20,0.68485,1.0867,125.61,7.7988,1.8131
2002-05-21,0.6861,1.0854,124.85,7.8028,1.8008
2002-05-22,0.68467,1.0799,124.35,7.7997,1.7924
2002-05-23,0.68631,1.0854,125.13,7.7997,1.8016
2002-05-24,0.68862,1.0884,125.1,7.7997,1.8043
2002-05-27,0.68749,1.0881,124.95,7.7998,1.7972
2002-05-28,0.68547,1.0805,124.59,7.7999,1.7831
2002-05-29,0.6838,1.073,124.32,7.7999,1.7697
2002-05-30,0.68213,1.0667,123.48,7.7998,1.7707
2002-05-31,0.68233,1.0653,123.99,7.7997,1.7592
2002-06-03,0.68743,1.0738,124.2,7.7998,1.7636
2002-06-04,0.68362,1.0599,123.41,7.7998,1.7382
2002-06-05,0.68616,1.0671,124.37,7.7998,1.7458
2002-06-06,0.68592,1.0654,124.79,7.7997,1.7474
2002-06-07,0.68398,1.058,124.38,7.7999,1.7438
2002-06-10,0.68432,1.0572,124.67,7.7998,1.7531
2002-06-11,0.68281,1.0619,125.45,7.7997,1.7652
2002-06-12,0.68039,1.058,125.61,7.7997,1.7556
2002-06-13,0.68005,1.0619,125.56,7.7998,1.7594
2002-06-14,0.67736,1.0551,124.24,7.8,1.7641
2002-06-17,0.67749,1.0609,124.23,7.7998,1.7928
2002-06-18,0.67408,1.0544,124.56,7.8,1.7752
2002-06-19,0.67022,1.0459,123.81,7.7999,1.7667
2002-06-20,0.66952,1.0425,123.73,7.7999,1.7577
2002-06-21,0.66874,1.0378,122.37,7.7999,1.7467
2002-06-24,0.66466,1.0224,121.28,7.7999,1.7332
2002-06-25,0.66557,1.0297,121.71,7.7999,1.7531
2002-06-26,0.65453,1.0084,119.53,7.7999,1.7415
2002-06-27,0.65757,1.0179,120.19,7.8,1.7742
2002-06-28,0.65143,1.0025,118.5,7.8,1.7746
2002-07-01,0.65258,1.0088,119.76,7.7999,1.7822
2002-07-02,0.65379,1.0165,120.46,7.8,1.7852
2002-07-03,0.65654,1.0225,120.08,7.8,1.792
2002-07-04,0.65516,1.0215,119.98,7.8,1.7986
2002-07-05,0.65933,1.0283,120.29,7.7998,1.7943
2002-07-08,0.65344,1.0175,118.84,7.7999,1.775
2002-07-09,0.64703,1.007,118.15,7.7997,1.766
2002-07-10,0.64619,1.0103,117.9,7.7999,1.7584
2002-07-11,0.64854,1.0167,117.35,7.7998,1.7954
2002-07-12,0.64641,1.0129,117.11,7.7999,1.7874
2002-07-15,0.63976,0.99761,115.94,7.7999,1.7796
2002-07-16,0.63573,0.98746,115.71,7.7998,1.7828
2002-07-17,0.63911,0.99364,116.64,7.8,1.8028
2002-07-18,0.63909,0.99423,117.02,7.8,1.812
2002-07-19,0.63375,0.98561,116.05,7.7999,1.8008
2002-07-22,0.63563,0.99147,116.33,7.7999,1.8087
2002-07-23,0.63865,1.0091,117.43,7.7999,1.8396
2002-07-24,0.63853,1.0086,116.71,7.7999,1.8653
2002-07-25,0.63511,0.9986,116.64,7.7999,1.8469
2002-07-26,0.63319,0.9992,117.46,7.7999,1.8533
2002-07-29,0.63996,1.0182,119.56,7.7998,1.8545
2002-07-30,0.63996,1.0168,119.61,7.7999,1.8358
2002-07-31,0.63999,1.0222,120.02,7.7999,1.8282
2002-08-01,0.64283,1.0246,119.82,7.7999,1.8567
2002-08-02,0.6376,1.0129,119.13,7.7999,1.8512
2002-08-05,0.6402,1.0167,119.05,7.7999,1.8633
2002-08-06,0.64805,1.0321,120.88,7.8,1.8981
2002-08-07,0.65075,1.0311,120.53,7.8,1.8773
2002-08-08,0.65397,1.0323,120.7,7.7998,1.8698
2002-08-09,0.6532,1.0279,120.43,7.7999,1.8659
2002-08-12,0.65297,1.0225,119.15,7.8001,1.849
2002-08-13,0.65221,1.0205,118.93,7.7999,1.8591
2002-08-14,0.64868,1.0145,116.57,7.7998,1.8578
2002-08-15,0.65265,1.0228,117.44,7.8008,1.8481
2002-08-16,0.6517,1.0178,117.42,7.7999,1.8341
2002-08-19,0.65109,1.0205,118.53,7.7999,1.8388
2002-08-20,0.65523,1.0212,118.77,7.7999,1.8321
2002-08-21,0.65622,1.0244,118.63,7.7998,1.8336
2002-08-22,0.65455,1.0235,118.98,7.7999,1.8513
2002-08-23,0.65835,1.0312,119.93,7.7999,1.8397
2002-08-26,0.65787,1.0308,119.71,7.7998,1.8395
2002-08-27,0.6548,1.0231,118.13,7.7999,1.8074
2002-08-28,0.65072,1.0177,118.07,7.8,1.8097
2002-08-29,0.64848,1.016,117.89,7.7999,1.8114
2002-08-30,0.64599,1.017,118.33,7.8,1.8102
2002-09-02,0.64586,1.0182,118.2,7.7999,1.8127
2002-09-03,0.64208,1.0091,117.29,7.7999,1.818
2002-09-04,0.63879,1.0053,117.67,7.7998,1.8359
2002-09-05,0.63699,1.0025,117.63,7.8,1.8366
2002-09-06,0.63778,1.0083,118.29,7.8,1.8373
2002-09-09,0.64192,1.021,119.25,7.8002,1.8312
2002-09-10,0.64355,1.0246,119.3,7.8002,1.8186
2002-09-11,0.64253,1.0257,119.94,7.8,1.8285
2002-09-12,0.64303,1.0249,120.09,7.7995,1.8085
2002-09-13,0.64077,1.0194,120.22,7.7992,1.8138
2002-09-16,0.64856,1.0327,122.17,7.7994,1.8271
2002-09-17,0.65261,1.0364,122.96,7.7995,1.8326
2002-09-18,0.64946,1.0283,121.85,7.7996,1.8266
2002-09-19,0.64337,1.019,121.1,7.7996,1.8115
2002-09-20,0.64688,1.0215,123.25,7.7997,1.8303
2002-09-23,0.64276,1.0172,123.12,7.7999,1.8291
2002-09-24,0.64214,1.0175,123.14,7.7999,1.8404
2002-09-25,0.6418,1.0234,122.8,7.7996,1.8333
2002-09-26,0.64047,1.0208,122.72,7.7997,1.8396
2002-09-27,0.6424,1.0226,122.52,7.7999,1.8354
2002-09-30,0.63844,1.0142,121.37,7.7997,1.8358
2002-10-01,0.63655,1.0141,122.37,7.7994,1.8441
2002-10-02,0.63843,1.0168,122.97,7.7996,1.837
2002-10-03,0.6366,1.0111,122.82,7.7998,1.8381
2002-10-04,0.63761,1.0137,122.77,7.7997,1.8271
2002-10-07,0.63876,1.0196,124.23,7.7998,1.8181
2002-10-08,0.63939,1.0204,124.21,7.7996,1.8243
2002-10-09,0.64377,1.019,124.2,7.7997,1.8265
2002-10-10,0.6397,1.0127,123.63,7.7998,1.8226
2002-10-11,0.64127,1.0145,124.31,7.7999,1.8242
2002-10-14,0.64033,1.0129,124.15,7.7998,1.8295
2002-10-15,0.64322,1.0194,124.93,7.7996,1.8296
2002-10-16,0.64318,1.018,124.06,7.7992,1.827
2002-10-17,0.64186,1.0243,124.29,7.7994,1.8171
2002-10-18,0.6454,1.0272,125.15,7.7991,1.8146
2002-10-21,0.64629,1.0259,124.67,7.7989,1.8071
2002-10-22,0.6465,1.0238,125.23,7.799,1.8062
2002-10-23,0.64583,1.023,123.96,7.799,1.8075
2002-10-24,0.64644,1.0269,124.34,7.799,1.8015
2002-10-25,0.64386,1.0243,124.15,7.7988,1.7999
2002-10-28,0.64638,1.0262,124.71,7.799,1.7959
2002-10-29,0.64226,1.0183,123.43,7.7992,1.7901
2002-10-30,0.64295,1.0178,122.8,7.7995,1.8057
2002-10-31,0.64132,1.0138,122.71,7.7993,1.8059
2002-11-01,0.63846,1.0026,121.9,7.7996,1.7962
2002-11-04,0.6426,1.0056,122.54,7.7994,1.7826
2002-11-05,0.63976,0.99761,121.66,7.799,1.7772
2002-11-06,0.64229,1.0045,122.39,7.7994,1.7836
2002-11-07,0.63757,0.9987,121.82,7.7992,1.7735
2002-11-08,0.63075,0.98941,120.66,7.7992,1.7672
2002-11-11,0.62907,0.98756,119.4,7.7993,1.785
2002-11-12,0.63069,0.99197,119.64,7.7996,1.7808
2002-11-13,0.63002,0.99325,119.98,7.7995,1.7862
2002-11-14,0.62952,0.99059,119.71,7.7999,1.7766
2002-11-15,0.63436,0.99711,120.7,7.7996,1.7754
2002-11-18,0.63328,0.99354,121.19,7.7996,1.778
2002-11-19,0.62943,0.98765,121.23,7.7993,1.7766
2002-11-20,0.63519,0.9981,122.44,7.7996,1.7881
2002-11-21,0.63345,0.99661,122.33,7.7993,1.7785
2002-11-22,0.63198,0.99761,122.59,7.7989,1.7745
2002-11-25,0.63867,1.0096,123.01,7.7986,1.7862
2002-11-26,0.64026,1.0091,122.02,7.7985,1.7859
2002-11-27,0.64602,1.0074,121.46,7.7985,1.796
2002-11-28,0.64375,1.0066,122.18,7.7986,1.7924
2002-11-29,0.6442,1.0074,122.45,7.7986,1.7886
2002-12-02,0.64654,1.0131,124.75,7.7987,1.788
2002-12-03,0.63951,1.0033,124.49,7.7985,1.7886
2002-12-04,0.63556,0.9982,124.53,7.7985,1.7822
2002-12-05,0.63697,1.0009,125.29,7.7985,1.7829
2002-12-06,0.63732,0.9994,124.95,7.7985,1.7836
2002-12-09,0.63341,0.99079,122.51,7.7987,1.7762
2002-12-10,0.63456,0.98902,123.29,7.7988,1.7749
2002-12-11,0.63634,0.99334,123.35,7.799,1.7836
2002-12-12,0.63381,0.98464,122.64,7.7993,1.7666
2002-12-13,0.63056,0.97838,121.77,7.7986,1.766
2002-12-16,0.62926,0.97924,121.07,7.7986,1.7695
2002-12-17,0.6253,0.97021,120.69,7.7986,1.76
2002-12-18,0.62529,0.97656,121.44,7.7979,1.7695
2002-12-19,0.62328,0.97343,120.58,7.798,1.7682
2002-12-20,0.62399,0.97513,120.71,7.7978,1.7694
2002-12-23,0.62692,0.97257,119.97,7.7985,1.7788
2002-12-24,0.62811,0.97125,120.22,7.7987,1.7737
2002-12-25,0.6269133333333333,0.9687533333333332,120.12666666666667,7.798733333333334,1.7750666666666668
2002-12-26,0.6257166666666666,0.9662566666666667,120.03333333333333,7.798766666666666,1.7764333333333333
2002-12-27,0.62452,0.96376,119.94,7.7988,1.7778
2002-12-30,0.62368,0.95951,119.24,7.7989,1.7765
2002-12-31,0.62029,0.95356,118.61,7.7983,1.7694
2003-01-01,0.622225,0.95543,118.85,7.79755,1.7728000000000002
2003-01-02,0.62416,0.9573,119.09,7.7968,1.7762
2003-01-03,0.62548,0.96228,119.86,7.799,1.7744
2003-01-06,0.61928,0.95347,118.61,7.7991,1.743
2003-01-07,0.62312,0.95923,119.73,7.7992,1.742
2003-01-08,0.6259,0.96367,120.36,7.7996,1.7473
2003-01-09,0.62149,0.95175,119.12,7.7992,1.7295
2003-01-10,0.62211,0.95211,119.7,7.7992,1.724
2003-01-13,0.62262,0.94796,119.2,7.799,1.7167
2003-01-14,0.62239,0.94545,118.22,7.7991,1.7127
2003-01-15,0.62626,0.95003,118.25,7.7991,1.7123
2003-01-16,0.62334,0.94661,118.08,7.7989,1.7066
2003-01-17,0.61791,0.93879,117.67,7.7988,1.691
2003-01-20,0.62283,0.9387,118.24,7.7989,1.6949
2003-01-21,0.62198,0.9387,118.75,7.7991,1.7022
2003-01-22,0.61999,0.93301,118.04,7.7991,1.7049
2003-01-23,0.61709,0.92963,118.05,7.799,1.691
2003-01-24,0.61257,0.9273,118.14,7.7991,1.6909
2003-01-27,0.6115,0.91996,117.68,7.7995,1.687
2003-01-28,0.61038,0.92524,118.5,7.7995,1.6994
2003-01-29,0.6072,0.92013,118.23,7.7998,1.6926
2003-01-30,0.60793,0.93041,119.31,7.7997,1.7012
2003-01-31,0.60623,0.92456,119.42,7.7998,1.7009
2003-02-03,0.61077,0.93205,120.49,7.7999,1.7154
2003-02-04,0.60719,0.92404,120.08,7.7996,1.6966
2003-02-05,0.60559,0.91659,119.43,7.7996,1.6888
2003-02-06,0.60964,0.92481,119.87,7.7994,1.6935
2003-02-07,0.61433,0.92687,120.02,7.7996,1.6944
2003-02-10,0.61195,0.92524,120.49,7.7994,1.6867
2003-02-11,0.61704,0.93406,121.46,7.7994,1.6981
2003-02-12,0.61858,0.93188,121.11,7.7994,1.6895
2003-02-13,0.61759,0.92954,121.19,7.7995,1.6933
2003-02-14,0.61864,0.92653,120.49,7.7994,1.685
2003-02-17,0.62561,0.93318,120.22,7.7994,1.6963
2003-02-18,0.62656,0.93336,118.84,7.7995,1.6931
2003-02-19,0.62769,0.9331,119.03,7.7995,1.687
2003-02-20,0.62664,0.92911,118.78,7.7994,1.6779
2003-02-21,0.6265,0.92268,118.75,7.7992,1.6683
2003-02-24,0.63427,0.93275,117.85,7.7992,1.6612
2003-02-25,0.63486,0.92816,117.15,7.7989,1.6511
2003-02-26,0.63443,0.92997,117.37,7.7988,1.6514
2003-02-27,0.63223,0.92404,116.85,7.7987,1.645
2003-02-28,0.63458,0.92747,118.09,7.7991,1.6524
2003-03-03,0.63454,0.92593,117.98,7.7988,1.6345
2003-03-04,0.63183,0.91583,117.57,7.7988,1.6309
2003-03-05,0.62703,0.91191,117.43,7.799,1.6212
2003-03-06,0.6231,0.91216,117.42,7.7989,1.6273
2003-03-07,0.62207,0.90588,116.57,7.7987,1.6213
2003-03-10,0.62534,0.90563,116.56,7.7988,1.6254
2003-03-11,0.62347,0.90253,116.73,7.7988,1.6375
2003-03-12,0.61979,0.90678,117.17,7.7989,1.6727
2003-03-13,0.62325,0.92047,118.37,7.799,1.6887
2003-03-14,0.62896,0.92807,118.52,7.7986,1.6775
2003-03-17,0.63207,0.92584,117.73,7.7991,1.6675
2003-03-18,0.6399,0.94464,119.08,7.7991,1.6978
2003-03-19,0.6421,0.94607,119.28,7.7991,1.69
2003-03-20,0.63916,0.94411,120.35,7.799,1.6881
2003-03-21,0.63914,0.94589,120.9,7.7988,1.6866
2003-03-24,0.63598,0.94038,120.63,7.7989,1.6859
2003-03-25,0.63455,0.93537,119.93,7.7991,1.6751
2003-03-26,0.63551,0.93747,120.17,7.7988,1.6715
2003-03-27,0.63518,0.93257,119.73,7.7992,1.6648
2003-03-28,0.63979,0.93197,120.12,7.7991,1.6638
2003-03-31,0.63295,0.91785,118.57,7.7994,1.6591
2003-04-01,0.63429,0.91819,118.26,7.7994,1.6571
2003-04-02,0.635,0.92336,118.86,7.7992,1.6642
2003-04-03,0.64035,0.9344,119.46,7.7993,1.6759
2003-04-04,0.63843,0.93284,120.06,7.7995,1.6644
2003-04-07,0.64525,0.945,120.79,7.7995,1.6832
2003-04-08,0.64465,0.93809,119.98,7.7993,1.6668
2003-04-09,0.64252,0.93093,119.96,7.7995,1.6577
2003-04-10,0.63859,0.9255,119.56,7.7994,1.6508
2003-04-11,0.63735,0.93153,120.29,7.7993,1.6549
2003-04-14,0.63584,0.93136,120.78,7.7994,1.6602
2003-04-15,0.63585,0.9273,120.35,7.7993,1.6535
2003-04-16,0.63464,0.92285,120.33,7.7996,1.6357
2003-04-17,0.63342,0.91575,119.31,7.7996,1.629
2003-04-18,0.633634,0.914898,119.396,7.79962,1.62512
2003-04-21,0.634276,0.912342,119.654,7.7996799999999995,1.61348
2003-04-22,0.63449,0.91149,119.74,7.7997,1.6096
2003-04-23,0.63368,0.91374,120.28,7.7994,1.6124
2003-04-24,0.62818,0.90843,119.94,7.7996,1.6187
2003-04-25,0.63009,0.91133,120.96,7.7997,1.624
2003-04-28,0.62712,0.90703,120.22,7.7995,1.6108
2003-04-29,0.62897,0.91274,120.4,7.7993,1.6179
2003-04-30,0.62618,0.89839,119.47,7.7989,1.6011
2003-05-01,0.6244149999999999,0.894075,119.08,7.79895,1.5925
2003-05-02,0.62265,0.88976,118.69,7.799,1.5839
2003-05-05,0.62364,0.89142,118.97,7.799,1.5819
2003-05-06,0.62094,0.88152,118.05,7.792,1.5692
2003-05-07,0.62317,0.87512,116.93,7.799,1.5582
2003-05-08,0.62256,0.87451,116.12,7.7976,1.56
2003-05-09,0.62411,0.87214,117.53,7.7991,1.5529
2003-05-12,0.62059,0.86229,116.45,7.7988,1.5407
2003-05-13,0.62207,0.86821,116.7,7.7991,1.5471
2003-05-14,0.61901,0.86964,116.75,7.7987,1.5488
2003-05-15,0.61721,0.87275,115.95,7.7993,1.5497
2003-05-16,0.61478,0.87017,116.19,7.7992,1.5433
2003-05-19,0.61208,0.85822,116.66,7.7987,1.5283
2003-05-20,0.61233,0.85881,117.11,7.799,1.5249
2003-05-21,0.60878,0.85551,117.16,7.799,1.5207
2003-05-22,0.61118,0.85324,116.98,7.799,1.5183
2003-05-23,0.61077,0.84818,116.94,7.7989,1.5148
2003-05-26,0.61034,0.84653,117.27,7.7985,1.5198
2003-05-27,0.60793,0.84027,116.74,7.7987,1.5159
2003-05-28,0.61203,0.85193,118.3,7.7986,1.5342
2003-05-29,0.60888,0.85063,118.69,7.799,1.5529
2003-05-30,0.6087,0.84588,118.69,7.7986,1.5341
2003-06-02,0.61472,0.85675,118.79,7.7987,1.5341
2003-06-03,0.61187,0.85302,118.95,7.7986,1.5189
2003-06-04,0.61346,0.85536,118.55,7.7985,1.5039
2003-06-05,0.60476,0.84926,118.28,7.7986,1.5013
2003-06-06,0.60044,0.84653,117.9,7.7986,1.5087
2003-06-09,0.60404,0.85281,118.22,7.7998,1.5159
2003-06-10,0.6039,0.85477,118.15,7.7985,1.5188
2003-06-11,0.59985,0.85121,117.81,7.7987,1.5134
2003-06-12,0.59839,0.85222,117.73,7.799,1.5081
2003-06-13,0.6002,0.85099,117.81,7.7991,1.5046
2003-06-16,0.5944,0.8436,117.62,7.7987,1.4957
2003-06-17,0.59507,0.84767,118.11,7.7988,1.4953
2003-06-18,0.59535,0.85477,118.55,7.7988,1.4923
2003-06-19,0.5976,0.858,118.85,7.799,1.4951
2003-06-20,0.59768,0.858,118.35,7.7989,1.4903
2003-06-23,0.60205,0.86663,118.03,7.7987,1.5052
2003-06-24,0.60009,0.86468,117.88,7.7985,1.5029
2003-06-25,0.59865,0.86573,117.46,7.7985,1.4952
2003-06-26,0.60094,0.87474,118.77,7.7982,1.5023
2003-06-27,0.60466,0.87619,119.83,7.798,1.5041
2003-06-30,0.60663,0.87512,120.17,7.7982,1.4979
2003-07-01,0.60301,0.86633,119.73,7.7985,1.4798
2003-07-02,0.60139,0.86693,119.08,7.7982,1.4755
2003-07-03,0.6019,0.87283,118.47,7.7982,1.4719
2003-07-04,0.59894,0.87214,118.09,7.7982,1.4707
2003-07-07,0.60612,0.88028,118.06,7.7982,1.4679
2003-07-08,0.60984,0.88292,118.12,7.7985,1.4966
2003-07-09,0.61277,0.88067,118.1,7.7987,1.5141
2003-07-10,0.6155,0.88168,117.71,7.7992,1.5303
2003-07-11,0.61144,0.88378,117.76,7.7991,1.5196
2003-07-14,0.6151,0.88503,117.65,7.8007,1.5148
2003-07-15,0.6213,0.88347,117.33,7.7998,1.5169
2003-07-16,0.62965,0.89783,118.45,7.7994,1.5355
2003-07-17,0.62782,0.89039,118.68,7.7993,1.5272
2003-07-18,0.62869,0.89246,119.13,7.7991,1.5442
2003-07-21,0.62823,0.88621,118.61,7.7993,1.5434
2003-07-22,0.62444,0.8816,119.17,7.7993,1.5315
2003-07-23,0.62363,0.87712,119.0,7.7991,1.5262
2003-07-24,0.62056,0.87207,119.04,7.799,1.5071
2003-07-25,0.6195,0.87131,118.9,7.799,1.5081
2003-07-28,0.6152,0.8704,119.44,7.7991,1.5077
2003-07-29,0.61612,0.87245,119.75,7.799,1.5058
2003-07-30,0.61681,0.87566,119.94,7.799,1.5213
2003-07-31,0.62016,0.88355,119.92,7.7992,1.5422
2003-08-01,0.62333,0.89534,120.54,7.7992,1.5452
2003-08-04,0.62041,0.88441,120.53,7.7992,1.5366
2003-08-05,0.62164,0.88238,120.44,7.7992,1.5512
2003-08-06,0.61886,0.87781,120.22,7.7993,1.5425
2003-08-07,0.62217,0.88082,119.89,7.7994,1.5438
2003-08-08,0.621,0.88292,119.04,7.7995,1.5349
2003-08-11,0.62457,0.88535,118.51,7.7993,1.524
2003-08-12,0.62456,0.88402,118.49,7.7992,1.5201
2003-08-13,0.62357,0.88676,119.05,7.7991,1.5267
2003-08-14,0.62218,0.88731,119.57,7.7991,1.5244
2003-08-15,0.62572,0.88913,119.14,7.8028,1.5194
2003-08-18,0.62862,0.89381,119.71,7.7992,1.5164
2003-08-19,0.63181,0.90375,119.58,7.7986,1.5296
2003-08-20,0.62778,0.90017,118.34,7.7985,1.5223
2003-08-21,0.63076,0.90835,117.87,7.7985,1.5184
2003-08-22,0.63512,0.91794,117.84,7.7985,1.5383
2003-08-25,0.63455,0.91844,117.42,7.7988,1.5359
2003-08-26,0.63961,0.92456,117.47,7.7991,1.5541
2003-08-27,0.63656,0.91684,117.92,7.7991,1.5622
2003-08-28,0.63756,0.92353,117.39,7.7991,1.5646
2003-08-29,0.63384,0.91516,116.46,7.7992,1.5569
2003-09-01,0.63666,0.91199,116.35,7.7992,1.5487
2003-09-02,0.63794,0.92174,117.01,7.7994,1.5596
2003-09-03,0.6399,0.92739,116.29,7.7986,1.5708
2003-09-04,0.63662,0.92439,116.83,7.7993,1.5662
2003-09-05,0.63343,0.9155,116.85,7.7993,1.5557
2003-09-08,0.63093,0.90326,116.89,7.7994,1.5472
2003-09-09,0.63089,0.89807,116.36,7.7995,1.5301
2003-09-10,0.62925,0.89509,116.82,7.7991,1.5201
2003-09-11,0.62726,0.8915,117.08,7.7991,1.5178
2003-09-12,0.62746,0.89509,117.07,7.7993,1.5158
2003-09-15,0.62388,0.88645,117.49,7.7993,1.5073
2003-09-16,0.62733,0.89008,116.28,7.7989,1.5075
2003-09-17,0.62451,0.8919,116.46,7.7994,1.5068
2003-09-18,0.61913,0.88574,115.28,7.7991,1.4978
2003-09-19,0.61448,0.88402,114.85,7.7989,1.4937
2003-09-22,0.6076,0.87199,111.93,7.7946,1.4732
2003-09-23,0.60502,0.8723,111.59,7.7472,1.4768
2003-09-24,0.6044,0.87214,111.47,7.7612,1.4774
2003-09-25,0.60328,0.87009,111.68,7.7638,1.4663
2003-09-26,0.60212,0.87055,112.1,7.7556,1.4815
2003-09-29,0.60729,0.87619,111.59,7.7514,1.4915
2003-09-30,0.59955,0.85822,110.54,7.7458,1.4676
2003-10-01,0.6038,0.85682,111.08,7.743,1.4681
2003-10-02,0.59998,0.85529,110.91,7.7298,1.4652
2003-10-03,0.59918,0.85572,110.64,7.7074,1.4617
2003-10-06,0.6004,0.86363,111.11,7.7104,1.4693
2003-10-07,0.5987,0.84976,110.4,7.7114,1.4506
2003-10-08,0.60122,0.84882,109.8,7.735,1.4462
2003-10-09,0.6012,0.84832,109.12,7.7345,1.4455
2003-10-10,0.60099,0.84832,108.46,7.7347,1.4469
2003-10-13,0.60263,0.85558,108.5,7.7358,1.45
2003-10-14,0.6034,0.85955,109.84,7.7535,1.4609
2003-10-15,0.59907,0.85697,109.44,7.7432,1.4514
2003-10-16,0.59811,0.86096,109.73,7.7447,1.4535
2003-10-17,0.59902,0.86363,109.85,7.7462,1.452
2003-10-20,0.59665,0.85992,110.25,7.7492,1.4451
2003-10-21,0.59864,0.86036,110.19,7.7537,1.444
2003-10-22,0.59432,0.85514,109.58,7.7527,1.4238
2003-10-23,0.59096,0.84846,109.72,7.751,1.4309
2003-10-24,0.58976,0.84882,109.52,7.752,1.4286
2003-10-27,0.59031,0.85121,108.42,7.7549,1.421
2003-10-28,0.59145,0.85668,108.53,7.7575,1.4223
2003-10-29,0.58696,0.85587,108.02,7.7592,1.4171
2003-10-30,0.58644,0.85208,108.19,7.763,1.4101
2003-10-31,0.59052,0.86044,109.03,7.766,1.4166
2003-11-03,0.58991,0.86289,110.2,7.7656,1.4135
2003-11-04,0.59644,0.87199,110.28,7.767,1.4274
2003-11-05,0.59605,0.87161,109.56,7.7675,1.4095
2003-11-06,0.59656,0.87344,109.97,7.7679,1.408
2003-11-07,0.60145,0.87535,110.14,7.7694,1.4134
2003-11-10,0.59793,0.87085,108.68,7.7454,1.4002
2003-11-11,0.59981,0.86979,108.75,7.7552,1.4013
2003-11-12,0.59741,0.86207,108.98,7.7628,1.3974
2003-11-13,0.59401,0.85616,108.47,7.7642,1.3908
2003-11-14,0.59244,0.84998,108.3,7.7576,1.3901
2003-11-17,0.59168,0.84731,108.93,7.7616,1.3953
2003-11-18,0.59182,0.84904,108.82,7.7585,1.3934
2003-11-19,0.5895,0.83963,109.0,7.7562,1.384
2003-11-20,0.58729,0.8397,108.88,7.7603,1.3824
2003-11-21,0.58686,0.84041,108.72,7.7608,1.3825
2003-11-24,0.58873,0.84581,109.05,7.7644,1.3865
2003-11-25,0.58996,0.84991,109.99,7.7676,1.3944
2003-11-26,0.58911,0.84545,109.63,7.7679,1.3884
2003-11-27,0.58368,0.84019,109.22,7.7652,1.3844
2003-11-28,0.58121,0.83375,109.42,7.7636,1.3826
2003-12-01,0.5795,0.83202,109.34,7.7651,1.3757
2003-12-02,0.58109,0.83507,109.28,7.7621,1.3732
2003-12-03,0.57833,0.82631,108.45,7.7637,1.3599
2003-12-04,0.58013,0.82823,108.22,7.7664,1.36
2003-12-05,0.58087,0.82734,108.21,7.7636,1.3614
2003-12-08,0.57644,0.81846,107.55,7.7649,1.3501
2003-12-09,0.57379,0.81579,107.24,7.7637,1.348
2003-12-10,0.5739,0.81706,108.12,7.764,1.3504
2003-12-11,0.57274,0.82055,108.21,7.7651,1.3546
2003-12-12,0.57226,0.81606,107.83,7.7629,1.3459
2003-12-15,0.57343,0.81766,108.0,7.763,1.3512
2003-12-16,0.57233,0.81044,107.58,7.7629,1.3429
2003-12-17,0.56983,0.81057,107.61,7.7632,1.35
2003-12-18,0.56563,0.80626,107.54,7.7647,1.3577
2003-12-19,0.56603,0.80528,107.61,7.7664,1.3557
2003-12-22,0.56732,0.80425,107.39,7.7637,1.3608
2003-12-23,0.5669,0.80697,107.48,7.7634,1.362
2003-12-24,0.56561,0.806,107.29,7.7658,1.3482
2003-12-25,0.5651379999999999,0.8048120000000001,107.22200000000001,7.7654,1.3474000000000002
2003-12-26,0.564666,0.803624,107.15400000000001,7.765,1.3466
2003-12-29,0.56325,0.80006,106.95,7.7638,1.3442
2003-12-30,0.56306,0.80026,107.01,7.7633,1.3398
2003-12-31,0.55804,0.79177,106.93,7.7632,1.3303
2004-01-01,0.55914,0.7929649999999999,106.96000000000001,7.7638,1.3276
2004-01-02,0.56024,0.79416,106.99,7.7644,1.3249
2004-01-05,0.55511,0.79008,106.29,7.7638,1.3069
2004-01-06,0.5486,0.78394,106.19,7.7631,1.2966
2004-01-07,0.55036,0.78871,106.18,7.7634,1.3022
2004-01-08,0.54975,0.79151,106.15,7.7637,1.2978
2004-01-09,0.54518,0.78511,106.92,7.7631,1.291
2004-01-12,0.53983,0.77954,106.46,7.7631,1.2863
2004-01-13,0.54098,0.78438,106.39,7.7634,1.283
2004-01-14,0.54377,0.7879,106.13,7.7643,1.2858
2004-01-15,0.54737,0.79145,106.13,7.7632,1.2947
2004-01-16,0.55103,0.80045,106.04,7.7659,1.3013
2004-01-19,0.55993,0.80821,107.03,7.7659,1.3192
2004-01-20,0.55145,0.7977,107.24,7.7691,1.3062
2004-01-21,0.54731,0.79321,106.97,7.768,1.2952
2004-01-22,0.54194,0.78678,106.43,7.7663,1.2847
2004-01-23,0.54294,0.7879,105.96,7.7646,1.2882
2004-01-26,0.54775,0.79523,106.11,7.7668,1.2926
2004-01-27,0.55193,0.79891,105.86,7.7642,1.294
2004-01-28,0.54672,0.79599,105.91,7.7669,1.2902
2004-01-29,0.54941,0.80205,105.98,7.7737,1.2992
2004-01-30,0.55281,0.80749,105.83,7.7746,1.324
2004-02-02,0.54843,0.8025,105.59,7.7753,1.3153
2004-02-03,0.54319,0.7946,105.54,7.7754,1.3047
2004-02-04,0.54447,0.79847,105.43,7.7764,1.3105
2004-02-05,0.5447,0.79472,105.48,7.7732,1.309
2004-02-06,0.54526,0.79815,106.58,7.7748,1.3136
2004-02-09,0.53787,0.7866,105.74,7.7684,1.2866
2004-02-10,0.53439,0.78345,105.38,7.7682,1.2767
2004-02-11,0.53462,0.78864,105.55,7.7702,1.2836
2004-02-12,0.52914,0.78113,105.48,7.7713,1.2716
2004-02-13,0.52887,0.78027,105.37,7.7708,1.2636
2004-02-16,0.53041,0.78487,105.48,7.77,1.2655
2004-02-17,0.52473,0.77773,105.58,7.7703,1.2552
2004-02-18,0.52527,0.77979,105.78,7.7707,1.2561
2004-02-19,0.52719,0.78592,106.77,7.7727,1.2638
2004-02-20,0.53179,0.7897,107.8,7.7746,1.2728
2004-02-23,0.53713,0.79517,108.24,7.7761,1.2939
2004-02-24,0.53291,0.79397,108.36,7.7779,1.2909
2004-02-25,0.5291,0.79183,108.67,7.7792,1.2833
2004-02-26,0.53705,0.8036,109.61,7.7833,1.2997
2004-02-27,0.53954,0.80528,109.22,7.783,1.3013
2004-03-01,0.53533,0.80103,109.16,7.7839,1.2935
2004-03-02,0.53782,0.80632,109.64,7.785,1.2958
2004-03-03,0.54624,0.82352,110.2,7.7916,1.3334
2004-03-04,0.54853,0.82325,110.67,7.793,1.3319
2004-03-05,0.54987,0.82021,111.14,7.7854,1.3328
2004-03-08,0.54047,0.80932,112.17,7.7913,1.321
2004-03-09,0.54373,0.809,111.4,7.7904,1.314
2004-03-10,0.54931,0.81307,110.87,7.7927,1.3321
2004-03-11,0.55418,0.81593,110.62,7.7951,1.3569
2004-03-12,0.55693,0.81733,111.28,7.7947,1.3689
2004-03-15,0.5553,0.81446,110.78,7.7939,1.3624
2004-03-16,0.54996,0.80972,109.31,7.7919,1.3487
2004-03-17,0.55147,0.81626,108.36,7.7913,1.353
2004-03-18,0.5482,0.81559,107.02,7.7928,1.3475
2004-03-19,0.54561,0.81011,106.93,7.7924,1.3366
2004-03-22,0.54193,0.80952,106.99,7.7927,1.33
2004-03-23,0.54285,0.8146,106.85,7.7948,1.3323
2004-03-24,0.54551,0.81994,106.4,7.7952,1.3395
2004-03-25,0.55432,0.82427,106.1,7.7968,1.3521
2004-03-26,0.55028,0.82149,105.64,7.7977,1.3402
2004-03-29,0.55075,0.82522,105.74,7.7961,1.3439
2004-03-30,0.54821,0.82055,105.84,7.7962,1.3276
2004-03-31,0.54475,0.81806,103.87,7.7902,1.3132
2004-04-01,0.54107,0.81169,103.75,7.7884,1.3088
2004-04-02,0.54092,0.81182,104.21,7.7877,1.3066
2004-04-05,0.55034,0.82932,104.78,7.7894,1.3265
2004-04-06,0.54442,0.82713,106.07,7.7947,1.3177
2004-04-07,0.54425,0.82638,105.73,7.7951,1.3115
2004-04-08,0.54572,0.82672,106.13,7.7952,1.3157
2004-04-09,0.5460699999999999,0.82839,106.10199999999999,7.7952200000000005,1.3161200000000002
2004-04-12,0.54712,0.8334,106.018,7.79528,1.31738
2004-04-13,0.54747,0.83507,105.99,7.7953,1.3178
2004-04-14,0.55527,0.83864,107.72,7.7972,1.3473
2004-04-15,0.56078,0.83949,108.62,7.8063,1.3563
2004-04-16,0.56017,0.83808,108.52,7.7989,1.3569
2004-04-19,0.55326,0.83029,107.87,7.7988,1.3373
2004-04-20,0.55698,0.8385,107.84,7.7988,1.3516
2004-04-21,0.56455,0.84488,109.66,7.7993,1.3733
2004-04-22,0.56548,0.84225,109.56,7.7988,1.3676
2004-04-23,0.56361,0.8414,109.0,7.7993,1.3653
2004-04-26,0.55999,0.84381,108.79,7.7988,1.3622
2004-04-27,0.55843,0.84126,109.76,7.7997,1.3638
2004-04-28,0.55975,0.83984,109.32,7.7998,1.3693
2004-04-29,0.56765,0.84559,110.65,7.7998,1.3973
2004-04-30,0.56391,0.83703,110.38,7.7997,1.3875
2004-05-03,0.56471,0.83661,110.02,7.7998,1.3893
2004-05-04,0.55932,0.82912,109.88,7.7996,1.3772
2004-05-05,0.55822,0.82467,108.8,7.7999,1.3721
2004-05-06,0.55678,0.82535,109.48,7.7995,1.3697
2004-05-07,0.55653,0.82829,110.61,7.7996,1.39
2004-05-10,0.56388,0.84438,113.51,7.8,1.4384
2004-05-11,0.5693,0.84717,113.79,7.8,1.441
2004-05-12,0.56481,0.84338,113.17,7.7999,1.4317
2004-05-13,0.56695,0.84581,114.3,7.7999,1.4594
2004-05-14,0.571,0.84731,114.83,7.7998,1.4573
2004-05-17,0.56525,0.83174,113.68,7.7999,1.4447
2004-05-18,0.5653,0.83452,113.85,7.7999,1.454
2004-05-19,0.56151,0.8341,112.85,7.7809,1.4361
2004-05-20,0.56475,0.83879,113.13,7.7965,1.4409
2004-05-21,0.55831,0.83119,112.03,7.7907,1.4278
2004-05-24,0.55841,0.83556,112.48,7.7929,1.4301
2004-05-25,0.55393,0.82898,112.78,7.7943,1.4211
2004-05-26,0.55047,0.82604,111.57,7.7944,1.4133
2004-05-27,0.54764,0.82203,111.46,7.7935,1.402
2004-05-28,0.54491,0.81659,110.87,7.7941,1.4016
2004-05-31,0.54497,0.81981,109.23,7.7982,1.3963
2004-06-01,0.54435,0.81759,109.59,7.7958,1.3988
2004-06-02,0.54171,0.8146,110.49,7.796,1.4259
2004-06-03,0.54433,0.81793,111.39,7.7963,1.4383
2004-06-04,0.54401,0.81947,111.27,7.7969,1.4478
2004-06-07,0.54408,0.81175,109.88,7.7948,1.4223
2004-06-08,0.54368,0.8134,109.87,7.7955,1.424
2004-06-09,0.54668,0.82257,109.05,7.7958,1.4347
2004-06-10,0.54879,0.82974,109.39,7.7975,1.4416
2004-06-11,0.54918,0.83292,110.1,7.794,1.4438
2004-06-14,0.55304,0.83326,111.2,7.7971,1.4556
2004-06-15,0.55137,0.82981,111.2,7.7978,1.4628
2004-06-16,0.54686,0.82932,109.99,7.7981,1.4454
2004-06-17,0.54467,0.83022,109.42,7.7982,1.4528
2004-06-18,0.54472,0.83043,109.13,7.7988,1.4552
2004-06-21,0.54586,0.82563,108.31,7.7991,1.447
2004-06-22,0.54917,0.82706,108.49,7.7996,1.4563
2004-06-23,0.55026,0.82734,108.88,7.7989,1.4569
2004-06-24,0.55115,0.82495,107.51,7.7979,1.4364
2004-06-25,0.54918,0.82386,107.79,7.7984,1.4318
2004-06-28,0.54604,0.81913,107.79,7.7979,1.43
2004-06-29,0.5491,0.82176,108.33,7.8001,1.4378
2004-06-30,0.55183,0.82271,108.93,7.7995,1.4442
2004-07-01,0.55071,0.82183,108.19,7.7997,1.4204
2004-07-02,0.55046,0.82318,109.19,7.7998,1.4243
2004-07-05,0.54565,0.8138,109.03,7.7996,1.4023
2004-07-06,0.54375,0.81241,109.17,7.7997,1.3948
2004-07-07,0.54026,0.80926,108.41,7.7999,1.386
2004-07-08,0.54001,0.80985,108.99,7.7993,1.392
2004-07-09,0.54021,0.80828,108.5,7.7995,1.3899
2004-07-12,0.53779,0.80665,108.19,7.7997,1.3771
2004-07-13,0.53726,0.80828,108.28,7.7998,1.3768
2004-07-14,0.53808,0.80769,108.88,7.802,1.3786
2004-07-15,0.5396,0.80815,109.08,7.7997,1.3821
2004-07-16,0.53793,0.80952,109.58,7.8,1.38
2004-07-19,0.53464,0.80567,108.17,7.8,1.3643
2004-07-20,0.53843,0.80743,108.45,7.7998,1.3716
2004-07-21,0.5427,0.81327,109.04,7.7999,1.385
2004-07-22,0.54231,0.81513,109.44,7.8,1.3955
2004-07-23,0.54401,0.82028,109.97,7.7999,1.4088
2004-07-26,0.54349,0.82217,109.53,7.8,1.4071
2004-07-27,0.54323,0.82183,109.81,7.7998,1.4036
2004-07-28,0.54982,0.83098,111.48,7.7998,1.4348
2004-07-29,0.55131,0.83153,112.26,7.7997,1.4371
2004-07-30,0.55034,0.83063,111.46,7.7998,1.4258
2004-08-02,0.54753,0.82953,111.23,7.7998,1.4223
2004-08-03,0.54958,0.83181,110.82,7.7999,1.4293
2004-08-04,0.55045,0.83452,111.59,7.7998,1.4253
2004-08-05,0.54908,0.83043,111.39,7.7998,1.421
2004-08-06,0.54866,0.82891,111.59,7.7985,1.4222
2004-08-09,0.54385,0.81653,110.86,7.7985,1.3968
2004-08-10,0.545,0.8144,110.82,7.7993,1.3966
2004-08-11,0.54688,0.81746,111.04,7.7992,1.4033
2004-08-12,0.54626,0.81593,110.85,7.8004,1.3978
2004-08-13,0.54841,0.8184,111.71,7.7995,1.4102
2004-08-16,0.54324,0.81057,110.77,7.7994,1.3947
2004-08-17,0.54409,0.8105,110.59,7.7999,1.395
2004-08-18,0.54728,0.81096,109.93,7.7999,1.3977
2004-08-19,0.54741,0.80913,109.52,7.7996,1.3855
2004-08-20,0.54852,0.81347,109.62,7.7995,1.3851
2004-08-23,0.55053,0.81633,109.54,7.7998,1.3882
2004-08-24,0.554,0.82379,109.58,7.7997,1.4104
2004-08-25,0.55682,0.82775,110.25,7.8,1.4173
2004-08-26,0.55636,0.82645,109.95,7.8,1.4166
2004-08-27,0.5559,0.82747,109.52,7.8,1.4145
2004-08-30,0.55831,0.83008,109.88,7.8,1.4267
2004-08-31,0.55776,0.8257,109.86,7.8,1.4283
2004-09-01,0.55699,0.82183,109.38,7.8,1.4222
2004-09-02,0.55792,0.82156,109.31,7.7981,1.4326
2004-09-03,0.55844,0.82136,109.21,7.7992,1.4333
2004-09-06,0.56184,0.82843,110.08,7.8,1.4453
2004-09-07,0.56391,0.82788,109.73,7.7995,1.4449
2004-09-08,0.56383,0.83063,109.65,7.7996,1.4492
2004-09-09,0.56009,0.82028,109.68,7.7993,1.4443
2004-09-10,0.55913,0.8184,110.16,7.7999,1.4464
2004-09-13,0.55582,0.81726,110.26,7.7997,1.4339
2004-09-14,0.55679,0.81719,109.88,7.7977,1.4293
2004-09-15,0.55957,0.81713,109.65,7.8,1.4301
2004-09-16,0.55914,0.8225,109.59,7.7996,1.4352
2004-09-17,0.55696,0.81893,110.0,7.7996,1.4283
2004-09-20,0.56083,0.82427,109.8,7.7999,1.4309
2004-09-21,0.55666,0.8146,109.62,7.7997,1.4208
2004-09-22,0.55815,0.81666,110.55,7.7995,1.4205
2004-09-23,0.55522,0.81202,110.71,7.7989,1.4014
2004-09-24,0.555,0.81241,110.63,7.7988,1.399
2004-09-27,0.55386,0.81606,111.23,7.7997,1.4028
2004-09-28,0.55136,0.8107,111.39,7.7994,1.3936
2004-09-29,0.55327,0.81149,110.87,7.799,1.3959
2004-09-30,0.55347,0.80587,110.54,7.7964,1.3871
2004-10-01,0.55663,0.80561,110.25,7.7971,1.3817
2004-10-04,0.55957,0.81268,110.96,7.7985,1.3868
2004-10-05,0.56047,0.81274,110.95,7.7975,1.3828
2004-10-06,0.56139,0.8142,111.1,7.7984,1.3863
2004-10-07,0.56138,0.81294,111.24,7.7973,1.3753
2004-10-08,0.55956,0.81202,110.48,7.7903,1.3759
2004-10-11,0.55705,0.80697,109.2,7.7887,1.3622
2004-10-12,0.55954,0.81222,109.83,7.7923,1.3692
2004-10-13,0.55943,0.8152,109.98,7.7941,1.3847
2004-10-14,0.55555,0.80795,109.4,7.7913,1.3725
2004-10-15,0.55538,0.80554,109.28,7.7877,1.3707
2004-10-18,0.55463,0.80167,109.44,7.7908,1.3711
2004-10-19,0.55504,0.79942,108.57,7.789,1.373
2004-10-20,0.55306,0.79428,108.36,7.7871,1.3614
2004-10-21,0.5474,0.79327,107.67,7.7862,1.3585
2004-10-22,0.54815,0.79327,107.6,7.7866,1.357
2004-10-25,0.54296,0.78174,106.55,7.7772,1.3389
2004-10-26,0.54408,0.78223,106.78,7.7808,1.3394
2004-10-27,0.54296,0.78174,106.61,7.7773,1.3352
2004-10-28,0.54732,0.78672,106.36,7.7822,1.3474
2004-10-29,0.54616,0.78511,106.09,7.7831,1.3416
2004-11-01,0.54581,0.78444,106.31,7.7794,1.3397
2004-11-02,0.54435,0.78709,106.39,7.7818,1.3417
2004-11-03,0.5425,0.78407,106.52,7.782,1.3283
2004-11-04,0.54109,0.77676,106.14,7.7778,1.3199
2004-11-05,0.54274,0.77785,106.18,7.775,1.3198
2004-11-08,0.53956,0.77417,105.72,7.7763,1.3185
2004-11-09,0.53927,0.77453,105.78,7.7759,1.3205
2004-11-10,0.53841,0.77059,105.91,7.78,1.3104
2004-11-11,0.54321,0.7758,106.79,7.7843,1.3168
2004-11-12,0.54222,0.77393,105.97,7.7766,1.3049
2004-11-15,0.53948,0.7719,105.35,7.7756,1.2942
2004-11-16,0.53932,0.77095,105.34,7.774,1.2937
2004-11-17,0.53842,0.7677,104.38,7.7735,1.2827
2004-11-18,0.53939,0.76781,104.07,7.7776,1.2811
2004-11-19,0.53856,0.76805,103.66,7.7763,1.2784
2004-11-22,0.53905,0.76728,103.18,7.7738,1.2781
2004-11-23,0.53442,0.764,102.99,7.7766,1.2705
2004-11-24,0.53237,0.76069,102.89,7.7728,1.2694
2004-11-25,0.53024,0.75683,102.74,7.7717,1.2641
2004-11-26,0.52855,0.7554,103.03,7.7734,1.2707
2004-11-29,0.52918,0.75489,102.85,7.7761,1.275
2004-11-30,0.52396,0.75216,102.7,7.7747,1.2897
2004-12-01,0.5202,0.75222,102.93,7.7753,1.2965
2004-12-02,0.51754,0.75109,102.73,7.7729,1.2822
2004-12-03,0.51887,0.75188,103.05,7.7728,1.2935
2004-12-06,0.51492,0.74432,102.32,7.771,1.2884
2004-12-07,0.51323,0.74316,102.78,7.7713,1.2871
2004-12-08,0.51842,0.75188,104.23,7.7702,1.3223
2004-12-09,0.52003,0.7516,104.6,7.7778,1.3257
2004-12-10,0.52399,0.75809,105.82,7.7757,1.3349
2004-12-13,0.52174,0.75369,104.77,7.7756,1.3193
2004-12-14,0.51926,0.75092,104.9,7.7749,1.3137
2004-12-15,0.51644,0.74722,104.24,7.7749,1.3122
2004-12-16,0.51213,0.74621,103.67,7.7749,1.3071
2004-12-17,0.51708,0.75392,104.32,7.7799,1.3178
2004-12-20,0.51383,0.7475,104.23,7.7796,1.3093
2004-12-21,0.51687,0.7466,104.41,7.7798,1.3048
2004-12-22,0.5223,0.74716,103.99,7.7812,1.3032
2004-12-23,0.52118,0.74316,103.95,7.7814,1.3065
2004-12-24,0.51935,0.73844,103.57,7.7841,1.2987
2004-12-27,0.52014,0.73926,103.75,7.7836,1.2956
2004-12-28,0.51577,0.73351,103.05,7.7728,1.2833
2004-12-29,0.5205,0.73486,103.44,7.7793,1.2843
2004-12-30,0.52102,0.73508,103.67,7.7767,1.2893
2004-12-31,0.51762,0.73416,102.53,7.7734,1.2818
2005-01-03,0.52362,0.74036,102.79,7.7778,1.283
2005-01-04,0.5284,0.74822,103.62,7.7847,1.2944
2005-01-05,0.53301,0.7562,104.42,7.7896,1.3123
2005-01-06,0.53395,0.75855,104.91,7.7944,1.3134
2005-01-07,0.53242,0.75758,104.59,7.7895,1.3107
2005-01-10,0.53255,0.76318,104.43,7.7955,1.317
2005-01-11,0.53268,0.76086,104.01,7.7972,1.3132
2005-01-12,0.53269,0.76109,103.11,7.7963,1.3187
2005-01-13,0.53129,0.75574,102.56,7.7941,1.3062
2005-01-14,0.53518,0.76388,102.6,7.7955,1.3171
2005-01-17,0.53733,0.76423,102.04,7.7972,1.3178
2005-01-18,0.5343,0.7657,102.66,7.7989,1.3235
2005-01-19,0.53241,0.76435,102.41,7.7987,1.3105
2005-01-20,0.53595,0.77304,102.98,7.7989,1.3203
2005-01-21,0.53637,0.77143,103.83,7.7989,1.3098
2005-01-24,0.53241,0.7654,102.82,7.7988,1.3008
2005-01-25,0.53405,0.76775,103.53,7.7992,1.3043
2005-01-26,0.53264,0.76894,103.4,7.7992,1.2979
2005-01-27,0.53117,0.7677,103.47,7.7989,1.2933
2005-01-28,0.5313,0.76717,103.33,7.7992,1.2924
2005-01-31,0.53026,0.76717,103.54,7.7998,1.2908
2005-02-01,0.53163,0.76764,103.75,7.8,1.297
2005-02-02,0.53005,0.76564,103.59,7.7999,1.2912
2005-02-03,0.53027,0.76917,104.25,7.7999,1.2922
2005-02-04,0.53118,0.77172,103.96,7.799,1.2992
2005-02-07,0.53465,0.77857,104.31,7.7998,1.2935
2005-02-08,0.5387,0.78345,105.65,7.7998,1.309
2005-02-09,0.53738,0.78358,105.67,7.7998,1.3044
2005-02-10,0.53866,0.78266,106.41,7.7998,1.2896
2005-02-11,0.53652,0.77791,105.88,7.7999,1.2787
2005-02-14,0.53004,0.77119,105.04,7.7996,1.2702
2005-02-15,0.52896,0.76829,104.81,7.7996,1.2734
2005-02-16,0.53018,0.76687,105.06,7.7997,1.275
2005-02-17,0.53002,0.76681,105.67,7.7998,1.2727
2005-02-18,0.52849,0.76693,105.55,7.7999,1.2723
2005-02-21,0.52784,0.76599,105.52,7.7997,1.2683
2005-02-22,0.52399,0.75798,104.16,7.7991,1.2612
2005-02-23,0.5239,0.7574,104.86,7.7999,1.2645
2005-02-24,0.52334,0.75415,104.88,7.7998,1.2682
2005-02-25,0.52393,0.75959,105.39,7.7998,1.2779
2005-02-28,0.52029,0.75432,104.13,7.7994,1.262
2005-03-01,0.52051,0.75666,104.34,7.7998,1.269
2005-03-02,0.52355,0.7633,104.9,7.7998,1.2817
2005-03-03,0.52328,0.7608,104.86,7.7998,1.274
2005-03-04,0.52429,0.76249,105.47,7.7998,1.2745
2005-03-07,0.52254,0.75775,105.24,7.7998,1.2641
2005-03-08,0.52008,0.75494,104.89,7.7999,1.2574
2005-03-09,0.51989,0.74929,104.29,7.7999,1.2629
2005-03-10,0.51939,0.74577,104.12,7.7992,1.2632
2005-03-11,0.52076,0.74538,104.11,7.7995,1.263
2005-03-14,0.52154,0.74783,104.79,7.7997,1.2709
2005-03-15,0.52021,0.74722,104.42,7.7999,1.2636
2005-03-16,0.52045,0.74778,104.19,7.7997,1.2642
2005-03-17,0.52018,0.7475,104.44,7.7998,1.2615
2005-03-18,0.52222,0.75307,104.89,7.7982,1.2653
2005-03-21,0.52587,0.75763,105.38,7.7996,1.2691
2005-03-22,0.52683,0.75901,105.09,7.7998,1.2682
2005-03-23,0.53226,0.76628,105.52,7.7997,1.2866
2005-03-24,0.53489,0.7703,106.38,7.7999,1.2943
2005-03-25,0.534666,0.770966,106.55,7.7999,1.2944
2005-03-28,0.533994,0.772964,107.06,7.7999,1.2947
2005-03-29,0.53377,0.77363,107.23,7.7999,1.2948
2005-03-30,0.53133,0.77262,107.49,7.7995,1.2972
2005-03-31,0.53109,0.77137,106.79,7.7993,1.293
2005-04-01,0.52986,0.77166,107.32,7.7987,1.2966
2005-04-04,0.53326,0.77622,108.03,7.7994,1.3023
2005-04-05,0.53404,0.78064,108.63,7.7997,1.3082
2005-04-06,0.5327,0.7776,108.67,7.7995,1.3067
2005-04-07,0.53192,0.77381,108.21,7.7993,1.2999
2005-04-08,0.53507,0.78009,108.79,7.7993,1.3041
2005-04-11,0.52918,0.77095,107.75,7.7994,1.291
2005-04-12,0.52784,0.77012,107.79,7.7992,1.289
2005-04-13,0.52883,0.77387,107.34,7.7993,1.2845
2005-04-14,0.53147,0.78003,108.14,7.7989,1.2947
2005-04-15,0.53,0.77712,108.08,7.7987,1.2991
2005-04-18,0.52688,0.77119,107.66,7.799,1.3033
2005-04-19,0.52378,0.76947,107.37,7.7991,1.304
2005-04-20,0.52211,0.76634,106.9,7.7994,1.2905
2005-04-21,0.52439,0.76581,107.42,7.7994,1.2921
2005-04-22,0.52218,0.7647,106.26,7.7956,1.2826
2005-04-25,0.52341,0.77125,105.9,7.7969,1.2831
2005-04-26,0.52473,0.77036,105.95,7.7987,1.2835
2005-04-27,0.52601,0.77399,106.31,7.7988,1.289
2005-04-28,0.52484,0.77489,105.87,7.799,1.2856
2005-04-29,0.52288,0.77178,105.15,7.7963,1.2785
2005-05-02,0.52573,0.77742,105.37,7.7966,1.2813
2005-05-03,0.5289,0.77785,105.19,7.796,1.2932
2005-05-04,0.52633,0.77202,104.39,7.7912,1.2856
2005-05-05,0.52547,0.77196,104.43,7.7937,1.2806
2005-05-06,0.5268,0.77238,104.82,7.7931,1.2838
2005-05-09,0.53143,0.77979,105.63,7.7973,1.2935
2005-05-10,0.5312,0.77797,105.69,7.7984,1.2926
2005-05-11,0.53105,0.77628,105.34,7.7976,1.2842
2005-05-12,0.53504,0.78302,106.23,7.7975,1.2971
2005-05-13,0.53831,0.79145,107.0,7.7988,1.3123
2005-05-16,0.54447,0.79264,107.51,7.7991,1.3236
2005-05-17,0.54396,0.79139,107.25,7.7993,1.3217
2005-05-18,0.5454,0.79233,107.31,7.7961,1.3224
2005-05-19,0.54358,0.79101,107.28,7.7913,1.3185
2005-05-20,0.54505,0.79321,107.86,7.7912,1.3196
2005-05-23,0.54694,0.79694,107.95,7.7875,1.3228
2005-05-24,0.54502,0.79258,107.31,7.7789,1.3099
2005-05-25,0.54748,0.79592,107.71,7.7818,1.3155
2005-05-26,0.54891,0.79853,108.26,7.7808,1.3154
2005-05-27,0.54745,0.79675,107.78,7.7781,1.3126
2005-05-30,0.54919,0.8018,107.99,7.7794,1.3138
2005-05-31,0.5491,0.81096,108.24,7.7793,1.3226
2005-06-01,0.55238,0.8178,108.64,7.784,1.3368
2005-06-02,0.55072,0.81546,108.23,7.7831,1.3296
2005-06-03,0.54984,0.81374,107.88,7.783,1.3216
2005-06-06,0.54987,0.81486,107.11,7.7823,1.3123
2005-06-07,0.54664,0.814,106.74,7.7809,1.3032
2005-06-08,0.54443,0.81142,106.86,7.781,1.2993
2005-06-09,0.54849,0.81706,107.34,7.7816,1.3029
2005-06-10,0.54821,0.81773,107.47,7.7787,1.3044
2005-06-13,0.55405,0.82905,109.22,7.7773,1.3149
2005-06-14,0.55285,0.82576,109.27,7.7749,1.3072
2005-06-15,0.55241,0.82857,109.42,7.7748,1.3056
2005-06-16,0.54862,0.82542,109.17,7.7759,1.2991
2005-06-17,0.54841,0.82122,108.79,7.7741,1.2869
2005-06-20,0.54754,0.819,109.0,7.7746,1.2854
2005-06-21,0.54954,0.82699,109.33,7.7737,1.2915
2005-06-22,0.54921,0.8257,108.82,7.7683,1.2882
2005-06-23,0.54898,0.82878,108.47,7.7701,1.2923
2005-06-24,0.54875,0.82768,109.19,7.7708,1.2951
2005-06-27,0.54678,0.8221,109.27,7.7711,1.3001
2005-06-28,0.54948,0.82679,109.91,7.7705,1.3055
2005-06-29,0.55326,0.8296,110.36,7.7732,1.3131
2005-06-30,0.55756,0.82699,110.78,7.7729,1.3137
2005-07-01,0.56176,0.82734,111.06,7.7711,1.3204
2005-07-04,0.56873,0.84076,111.54,7.7738,1.3348
2005-07-05,0.57002,0.84154,111.95,7.7739,1.3497
2005-07-06,0.56955,0.83942,111.84,7.7733,1.3473
2005-07-07,0.57297,0.83633,111.68,7.7729,1.346
2005-07-08,0.57653,0.84005,112.43,7.7748,1.3516
2005-07-11,0.57305,0.83292,111.94,7.7788,1.3434
2005-07-12,0.56563,0.82196,111.24,7.7768,1.3269
2005-07-13,0.56623,0.82075,111.35,7.7774,1.3276
2005-07-14,0.56887,0.82871,112.07,7.7779,1.3311
2005-07-15,0.56838,0.82829,112.11,7.7734,1.3325
2005-07-18,0.57238,0.8296,112.24,7.7763,1.3363
2005-07-19,0.57489,0.83577,112.89,7.7777,1.336
2005-07-20,0.57556,0.82898,113.03,7.7787,1.3265
2005-07-21,0.5711,0.82055,110.95,7.7689,1.3081
2005-07-22,0.57243,0.82352,111.16,7.7728,1.306
2005-07-25,0.57555,0.82884,111.79,7.7738,1.3143
2005-07-26,0.57525,0.83424,112.25,7.7776,1.3193
2005-07-27,0.57573,0.83403,112.53,7.7782,1.3252
2005-07-28,0.57083,0.82645,112.4,7.7761,1.3203
2005-07-29,0.57,0.82692,112.39,7.7723,1.3151
2005-08-01,0.56584,0.8184,111.85,7.7733,1.3141
2005-08-02,0.56421,0.81853,111.38,7.7728,1.3079
2005-08-03,0.5615,0.81248,111.16,7.7727,1.3
2005-08-04,0.56324,0.81175,111.48,7.7739,1.298
2005-08-05,0.5616,0.80736,111.52,7.7718,1.2974
2005-08-08,0.55909,0.80841,111.67,7.7716,1.3052
2005-08-09,0.56028,0.8086,112.1,7.7721,1.3137
2005-08-10,0.55777,0.80795,111.01,7.7698,1.3094
2005-08-11,0.55482,0.80613,110.39,7.769,1.2981
2005-08-12,0.5513,0.80276,109.43,7.769,1.2928
2005-08-15,0.55245,0.80815,109.54,7.7685,1.2959
2005-08-16,0.55344,0.81215,109.34,7.771,1.3027
2005-08-17,0.55246,0.81327,109.67,7.7712,1.3096
2005-08-18,0.55478,0.8188,110.39,7.7697,1.3239
2005-08-19,0.55684,0.82082,110.41,7.7717,1.3296
2005-08-22,0.55445,0.81759,109.5,7.7712,1.3226
2005-08-23,0.55604,0.81746,110.04,7.7736,1.3238
2005-08-24,0.55716,0.81893,110.37,7.7737,1.325
2005-08-25,0.55574,0.81486,110.02,7.7718,1.3179
2005-08-26,0.55403,0.81255,109.64,7.7693,1.3171
2005-08-29,0.55464,0.81374,110.45,7.7696,1.3257
2005-08-30,0.5605,0.82095,111.49,7.771,1.3381
2005-08-31,0.55985,0.81981,111.54,7.7727,1.3398
2005-09-01,0.55162,0.80723,110.55,7.7707,1.3218
2005-09-02,0.54366,0.79738,109.77,7.7677,1.3086
2005-09-05,0.54119,0.79758,109.02,7.7673,1.3024
2005-09-06,0.5421,0.80109,109.55,7.7682,1.3035
2005-09-07,0.54381,0.80315,110.01,7.7674,1.303
2005-09-08,0.54453,0.80528,110.45,7.7664,1.2988
2005-09-09,0.54398,0.80548,110.05,7.7659,1.2944
2005-09-12,0.54767,0.81215,109.8,7.7613,1.295
2005-09-13,0.54912,0.8146,110.92,7.7621,1.3024
2005-09-14,0.54686,0.81208,109.97,7.7599,1.2955
2005-09-15,0.55346,0.81813,110.36,7.7591,1.3
2005-09-16,0.55256,0.81679,110.9,7.7602,1.3014
2005-09-19,0.55425,0.82379,111.47,7.7617,1.3088
2005-09-20,0.55406,0.82277,111.43,7.7618,1.2974
2005-09-21,0.55219,0.818,111.21,7.7615,1.2952
2005-09-22,0.55522,0.81806,111.17,7.7599,1.3015
2005-09-23,0.55991,0.82522,111.46,7.7585,1.315
2005-09-26,0.56433,0.83119,112.38,7.7575,1.3232
2005-09-27,0.56664,0.83299,113.29,7.7575,1.325
2005-09-28,0.56576,0.83077,113.05,7.7592,1.3174
2005-09-29,0.56586,0.82898,112.68,7.7584,1.3124
2005-09-30,0.56631,0.83043,113.15,7.7572,1.3144
2005-10-03,0.56985,0.83801,114.03,7.7576,1.3117
2005-10-04,0.56844,0.83766,114.29,7.7572,1.309
2005-10-05,0.56742,0.83703,113.89,7.7564,1.3163
2005-10-06,0.56525,0.82912,113.84,7.7554,1.3207
2005-10-07,0.56571,0.82345,113.49,7.7553,1.3188
2005-10-10,0.56937,0.82727,114.08,7.7581,1.3178
2005-10-11,0.57104,0.83181,114.14,7.7573,1.325
2005-10-12,0.5717,0.83278,114.5,7.7587,1.3264
2005-10-13,0.5717,0.83472,114.81,7.7576,1.335
2005-10-14,0.57121,0.8334,114.73,7.7571,1.3319
2005-10-17,0.56946,0.83181,114.79,7.7574,1.3329
2005-10-18,0.57313,0.83773,115.85,7.7589,1.3401
2005-10-19,0.56908,0.83682,115.54,7.7592,1.3356
2005-10-20,0.56613,0.83661,115.61,7.7591,1.3318
2005-10-21,0.56369,0.8325,115.61,7.7572,1.3324
2005-10-24,0.56589,0.83724,115.66,7.756,1.337
2005-10-25,0.56308,0.83215,115.49,7.7553,1.3294
2005-10-26,0.56373,0.82926,115.82,7.7542,1.3252
2005-10-27,0.5601,0.8244,115.33,7.7542,1.3176
2005-10-28,0.56097,0.82386,115.36,7.7533,1.3276
2005-10-31,0.5628,0.83174,116.14,7.7524,1.3339
2005-11-01,0.56546,0.83278,116.61,7.7521,1.3399
2005-11-02,0.56617,0.83389,116.96,7.7528,1.3502
2005-11-03,0.56328,0.8305,116.9,7.7525,1.3472
2005-11-04,0.56683,0.83801,117.76,7.753,1.3582
2005-11-07,0.57218,0.84574,117.75,7.7531,1.3649
2005-11-08,0.57585,0.85172,117.72,7.7543,1.3674
2005-11-09,0.57531,0.85193,117.29,7.7572,1.3627
2005-11-10,0.5721,0.8502,117.68,7.7557,1.3638
2005-11-11,0.57545,0.85492,118.07,7.7554,1.3669
2005-11-14,0.57445,0.85375,118.72,7.7573,1.372
2005-11-15,0.57701,0.85712,119.23,7.7565,1.3731
2005-11-16,0.57969,0.85638,119.38,7.7558,1.3724
2005-11-17,0.58117,0.85529,118.73,7.7536,1.3637
2005-11-18,0.58353,0.85624,119.25,7.7536,1.3671
2005-11-21,0.58145,0.84667,118.88,7.7538,1.3565
2005-11-22,0.58512,0.85463,119.41,7.7537,1.3644
2005-11-23,0.58135,0.84918,118.7,7.7531,1.3577
2005-11-24,0.58003,0.84868,118.84,7.7536,1.3527
2005-11-25,0.58097,0.85012,119.39,7.7545,1.3581
2005-11-28,0.5846,0.85281,119.73,7.7544,1.3601
2005-11-29,0.58026,0.84796,119.2,7.7538,1.3511
2005-11-30,0.57962,0.84969,119.64,7.7545,1.3531
2005-12-01,0.5788,0.85143,120.2,7.755,1.3497
2005-12-02,0.57917,0.85492,120.85,7.7552,1.3439
2005-12-05,0.57559,0.84983,120.84,7.7541,1.3341
2005-12-06,0.5763,0.84868,121.06,7.7541,1.3277
2005-12-07,0.57805,0.85397,120.99,7.7546,1.3395
2005-12-08,0.57374,0.85005,120.55,7.7542,1.3399
2005-12-09,0.57123,0.84854,120.5,7.7543,1.333
2005-12-12,0.56545,0.83857,120.3,7.7542,1.3275
2005-12-13,0.56541,0.83857,120.31,7.7535,1.3268
2005-12-14,0.56431,0.83195,118.33,7.7534,1.3221
2005-12-15,0.56396,0.8334,116.08,7.7526,1.3356
2005-12-16,0.56534,0.83452,116.23,7.7526,1.3454
2005-12-19,0.56742,0.83493,116.26,7.7524,1.3451
2005-12-20,0.56729,0.83647,116.57,7.7525,1.3535
2005-12-21,0.57189,0.84232,117.23,7.7524,1.3632
2005-12-22,0.57604,0.84588,117.44,7.7527,1.3679
2005-12-23,0.57627,0.84324,116.65,7.7532,1.372
2005-12-26,0.57624,0.843615,116.875,7.753125,1.372
2005-12-27,0.57623,0.84374,116.95,7.7531,1.372
2005-12-28,0.57595,0.83921,117.16,7.7531,1.3696
2005-12-29,0.58207,0.84567,117.91,7.7532,1.3697
2005-12-30,0.58091,0.84767,117.74,7.754,1.3655
2006-01-02,0.5805,0.84559,118.01,7.7551,1.3635
2006-01-03,0.57874,0.84211,117.43,7.7542,1.3596
2006-01-04,0.56952,0.82761,116.02,7.754,1.3443
2006-01-05,0.56982,0.82727,116.07,7.7536,1.3407
2006-01-06,0.56959,0.82692,115.94,7.7536,1.3375
2006-01-09,0.56582,0.82795,114.13,7.7521,1.3311
2006-01-10,0.5664,0.82891,114.49,7.7513,1.33
2006-01-11,0.56949,0.82727,114.42,7.7517,1.3287
2006-01-12,0.56518,0.82556,113.51,7.7512,1.3258
2006-01-13,0.56599,0.83063,114.74,7.7511,1.3323
2006-01-16,0.56593,0.82563,114.95,7.7536,1.3265
2006-01-17,0.56758,0.82816,115.3,7.7541,1.3288
2006-01-18,0.5661,0.82474,115.06,7.7541,1.3345
2006-01-19,0.56974,0.82829,115.18,7.7541,1.3432
2006-01-20,0.56782,0.82864,115.3,7.7556,1.3365
2006-01-23,0.56023,0.81453,114.32,7.7549,1.3266
2006-01-24,0.56046,0.81486,114.45,7.7555,1.3334
2006-01-25,0.55857,0.8134,114.79,7.7568,1.3237
2006-01-26,0.55974,0.81606,115.76,7.7561,1.3239
2006-01-27,0.56244,0.82156,116.82,7.7562,1.3299
2006-01-30,0.56584,0.82768,117.52,7.7575,1.3341
2006-01-31,0.5647,0.82522,117.32,7.7566,1.3261
2006-02-01,0.56285,0.82699,117.61,7.7583,1.3267
2006-02-02,0.56257,0.82878,118.55,7.7577,1.3284
2006-02-03,0.56305,0.82912,118.61,7.7576,1.3297
2006-02-06,0.57032,0.83465,118.75,7.7583,1.3397
2006-02-07,0.57287,0.83521,117.97,7.759,1.3466
2006-02-08,0.57424,0.83696,118.44,7.762,1.3555
2006-02-09,0.57476,0.83528,118.53,7.7617,1.3542
2006-02-10,0.57135,0.83542,117.6,7.759,1.3484
2006-02-13,0.57512,0.84118,118.06,7.7605,1.3564
2006-02-14,0.5764,0.84048,117.31,7.7608,1.3564
2006-02-15,0.57418,0.84005,117.57,7.7615,1.3476
2006-02-16,0.57704,0.84331,118.16,7.7606,1.3569
2006-02-17,0.5765,0.84296,118.66,7.7609,1.3588
2006-02-20,0.57392,0.83808,118.26,7.7609,1.35
2006-02-21,0.5729,0.83991,118.94,7.7619,1.3536
2006-02-22,0.57499,0.84211,118.66,7.7615,1.361
2006-02-23,0.57025,0.83633,116.99,7.7591,1.3482
2006-02-24,0.57187,0.84062,116.94,7.7591,1.3502
2006-02-27,0.57463,0.84374,116.24,7.7588,1.3561
2006-02-28,0.57229,0.84211,116.36,7.7586,1.3517
2006-03-01,0.56935,0.83654,115.91,7.758,1.3424
2006-03-02,0.57302,0.83886,116.37,7.7582,1.34
2006-03-03,0.56988,0.83195,116.44,7.7586,1.3413
2006-03-06,0.57044,0.83215,117.37,7.7596,1.3455
2006-03-07,0.57567,0.83942,117.8,7.7614,1.3582
2006-03-08,0.57584,0.83935,117.8,7.7614,1.362
2006-03-09,0.57534,0.83893,117.53,7.7612,1.3586
2006-03-10,0.57572,0.839,118.39,7.7617,1.3606
2006-03-13,0.57889,0.83879,119.06,7.7598,1.3659
2006-03-14,0.57629,0.83696,118.27,7.7585,1.3643
2006-03-15,0.57309,0.83153,117.5,7.759,1.3535
2006-03-16,0.57242,0.82857,117.71,7.7577,1.3579
2006-03-17,0.56996,0.82068,116.1,7.7578,1.368
2006-03-20,0.56982,0.82142,115.88,7.7588,1.3899
2006-03-21,0.57164,0.82345,116.61,7.7597,1.3919
2006-03-22,0.57287,0.82857,117.11,7.76,1.3969
2006-03-23,0.57383,0.82953,117.06,7.7594,1.3922
2006-03-24,0.57716,0.83549,118.24,7.7596,1.4115
2006-03-27,0.57239,0.8316,116.55,7.7598,1.4136
2006-03-28,0.57158,0.82754,116.76,7.7597,1.4062
2006-03-29,0.57597,0.8325,117.87,7.7604,1.4202
2006-03-30,0.57424,0.82672,117.31,7.7604,1.4023
2006-03-31,0.57535,0.82617,117.66,7.7597,1.4042
2006-04-03,0.57838,0.82898,118.35,7.7602,1.395
2006-04-04,0.57162,0.81853,117.61,7.76,1.3875
2006-04-05,0.57136,0.81553,117.57,7.7593,1.38
2006-04-06,0.569,0.81222,117.62,7.759,1.3644
2006-04-07,0.57184,0.82109,117.88,7.7567,1.3674
2006-04-10,0.57344,0.82651,118.37,7.7573,1.3733
2006-04-11,0.57323,0.8261,118.74,7.7591,1.368
2006-04-12,0.57043,0.82474,118.12,7.7577,1.3676
2006-04-13,0.57078,0.82686,118.64,7.7577,1.3754
2006-04-14,0.569504,0.8247260000000001,118.504,7.7574,1.3713
2006-04-17,0.565676,0.8183239999999999,118.09599999999999,7.7565,1.359
2006-04-18,0.5644,0.81619,117.96,7.7562,1.3549
2006-04-19,0.55998,0.80998,117.12,7.7544,1.3442
2006-04-20,0.56083,0.80998,117.67,7.7549,1.3441
2006-04-21,0.56228,0.81202,117.22,7.7549,1.3498
2006-04-24,0.55956,0.80873,114.98,7.7535,1.3394
2006-04-25,0.55887,0.80483,114.37,7.7536,1.3389
2006-04-26,0.56016,0.80483,114.99,7.7549,1.3379
2006-04-27,0.5605,0.80554,114.96,7.7547,1.3329
2006-04-28,0.55372,0.79764,114.29,7.7534,1.324
2006-05-01,0.5469475,0.7926225,113.69,7.754,1.3163500000000001
2006-05-02,0.54469,0.79095,113.49,7.7542,1.3138
2006-05-03,0.54421,0.79227,113.6,7.7531,1.3007
2006-05-04,0.5432,0.79416,114.06,7.7528,1.3019
2006-05-05,0.5413,0.78815,113.9,7.7524,1.299
2006-05-08,0.53669,0.78394,111.23,7.7512,1.2947
2006-05-09,0.53832,0.78759,111.54,7.7523,1.3007
2006-05-10,0.5369,0.78253,110.55,7.7523,1.2899
2006-05-11,0.53665,0.78641,111.21,7.7535,1.2963
2006-05-12,0.52718,0.77435,109.62,7.7536,1.2861
2006-05-15,0.53111,0.77967,110.18,7.7531,1.3091
2006-05-16,0.5314,0.78021,110.27,7.7534,1.3125
2006-05-17,0.52732,0.77628,109.36,7.7537,1.2972
2006-05-18,0.53058,0.78309,111.15,7.7543,1.3108
2006-05-19,0.5327,0.78327,111.73,7.7555,1.3149
2006-05-22,0.53344,0.78413,112.56,7.7542,1.3323
2006-05-23,0.53119,0.77876,111.39,7.755,1.3236
2006-05-24,0.53136,0.77815,111.94,7.7556,1.3246
2006-05-25,0.53559,0.78401,112.18,7.7559,1.322
2006-05-26,0.53528,0.78143,112.14,7.7562,1.3194
2006-05-29,0.53731,0.78382,112.27,7.7565,1.3178
2006-05-30,0.5333,0.77888,112.2,7.7576,1.3123
2006-05-31,0.53303,0.77712,112.15,7.7577,1.3175
2006-06-01,0.53761,0.78518,113.21,7.7578,1.3412
2006-06-02,0.53597,0.78034,112.83,7.7584,1.3384
2006-06-05,0.53125,0.77172,111.64,7.7586,1.3315
2006-06-06,0.53608,0.77839,112.66,7.7597,1.343
2006-06-07,0.53781,0.78192,113.29,7.7614,1.3496
2006-06-08,0.54205,0.78524,114.38,7.7622,1.3428
2006-06-09,0.54258,0.78995,113.95,7.761,1.3352
2006-06-12,0.54279,0.79542,114.45,7.7615,1.3408
2006-06-13,0.54359,0.79548,114.66,7.7631,1.3499
2006-06-14,0.54338,0.79599,115.16,7.7623,1.3535
2006-06-15,0.54104,0.79302,114.86,7.7615,1.3543
2006-06-16,0.5398,0.79045,114.94,7.7635,1.348
2006-06-19,0.54146,0.79422,115.5,7.7661,1.3549
2006-06-20,0.54392,0.79707,115.12,7.7664,1.3564
2006-06-21,0.54267,0.79164,114.96,7.7669,1.3601
2006-06-22,0.5463,0.79479,115.63,7.766,1.36
2006-06-23,0.55031,0.79987,116.38,7.7682,1.3675
2006-06-26,0.5494,0.79611,116.34,7.7668,1.3659
2006-06-27,0.54961,0.79573,116.51,7.7668,1.3663
2006-06-28,0.5492,0.79554,116.25,7.7678,1.3706
2006-06-29,0.5516,0.79815,116.53,7.7681,1.3712
2006-06-30,0.5444,0.7866,114.65,7.7672,1.3464
2006-07-03,0.54206,0.78186,114.67,7.7674,1.3459
2006-07-04,0.54167,0.7818,114.59,7.768,1.3408
2006-07-05,0.54221,0.78162,114.69,7.7712,1.3422
2006-07-06,0.54495,0.78524,115.5,7.7708,1.3472
2006-07-07,0.54347,0.7826,114.72,7.7696,1.3378
2006-07-10,0.5427,0.78419,113.84,7.7707,1.3362
2006-07-11,0.54354,0.78518,114.39,7.7734,1.3305
2006-07-12,0.54355,0.78604,115.2,7.7765,1.3268
2006-07-13,0.54341,0.7879,115.29,7.7764,1.3258
2006-07-14,0.54279,0.78952,115.92,7.7762,1.3269
2006-07-17,0.54892,0.79738,116.94,7.7755,1.3359
2006-07-18,0.54656,0.79802,117.0,7.7742,1.3314
2006-07-19,0.54771,0.80115,117.7,7.7759,1.3432
2006-07-20,0.54022,0.79095,116.81,7.776,1.3311
2006-07-21,0.53856,0.78864,115.9,7.7755,1.3275
2006-07-24,0.53954,0.79158,116.62,7.7777,1.3277
2006-07-25,0.54076,0.79139,116.75,7.7775,1.3238
2006-07-26,0.54354,0.79447,116.87,7.7778,1.3187
2006-07-27,0.53718,0.78511,115.61,7.7733,1.3089
2006-07-28,0.53893,0.78964,115.74,7.7742,1.3149
2006-07-31,0.53599,0.78327,114.22,7.7713,1.3059
2006-08-01,0.53586,0.78376,114.76,7.7729,1.3131
2006-08-02,0.53301,0.78137,114.77,7.7736,1.3058
2006-08-03,0.53051,0.78241,114.89,7.7736,1.3123
2006-08-04,0.52838,0.78174,115.43,7.7739,1.3146
2006-08-07,0.52451,0.77821,115.07,7.7756,1.3123
2006-08-08,0.52481,0.77888,115.04,7.7762,1.3158
2006-08-09,0.52434,0.77646,115.05,7.7772,1.308
2006-08-10,0.52516,0.77779,114.82,7.7762,1.2994
2006-08-11,0.52744,0.78278,116.02,7.7771,1.3024
2006-08-14,0.53023,0.78629,116.64,7.7791,1.3125
2006-08-15,0.52939,0.78585,116.59,7.7794,1.3126
2006-08-16,0.52857,0.78168,116.24,7.7781,1.308
2006-08-17,0.52729,0.77646,115.35,7.7754,1.3051
2006-08-18,0.53144,0.78113,115.86,7.7741,1.3185
2006-08-21,0.52698,0.77405,115.67,7.7752,1.3097
2006-08-22,0.5295,0.78052,116.43,7.7765,1.3116
2006-08-23,0.52865,0.78052,116.37,7.7778,1.3062
2006-08-24,0.52794,0.77936,116.34,7.7772,1.3089
2006-08-25,0.52985,0.78358,117.25,7.7793,1.3162
2006-08-28,0.52773,0.78125,117.07,7.7789,1.3199
2006-08-29,0.52662,0.78076,116.76,7.7773,1.3096
2006-08-30,0.52586,0.78015,117.09,7.7779,1.3099
2006-08-31,0.52455,0.77815,117.16,7.7772,1.3081
2006-09-01,0.52493,0.78021,117.27,7.7783,1.3071
2006-09-04,0.52502,0.77809,116.11,7.7777,1.2979
2006-09-05,0.52689,0.78064,115.9,7.7775,1.2995
2006-09-06,0.53084,0.78168,116.65,7.7775,1.3032
2006-09-07,0.53378,0.78548,116.29,7.7768,1.314
2006-09-08,0.53433,0.7866,116.35,7.7777,1.3197
2006-09-11,0.53614,0.7866,117.31,7.7795,1.3271
2006-09-12,0.53387,0.78684,117.63,7.7792,1.3274
2006-09-13,0.53368,0.78883,117.72,7.7807,1.3319
2006-09-14,0.52999,0.78598,117.57,7.7822,1.3235
2006-09-15,0.53168,0.78895,117.63,7.7824,1.3296
2006-09-18,0.53281,0.78958,118.02,7.7843,1.3281
2006-09-19,0.53201,0.79026,117.6,7.7862,1.3278
2006-09-20,0.531,0.78889,117.31,7.7857,1.3288
2006-09-21,0.52675,0.78548,116.91,7.7835,1.324
2006-09-22,0.52559,0.78021,116.17,7.7835,1.3274
2006-09-25,0.52569,0.78321,116.53,7.7843,1.3304
2006-09-26,0.52737,0.78771,116.45,7.7867,1.328
2006-09-27,0.52905,0.78839,117.39,7.7881,1.3336
2006-09-28,0.53264,0.7866,117.65,7.7894,1.334
2006-09-29,0.53531,0.78989,117.96,7.7915,1.3422
2006-10-02,0.53441,0.78833,118.24,7.791,1.3435
2006-10-03,0.52932,0.78511,117.66,7.7913,1.3388
2006-10-04,0.53161,0.78839,118.1,7.7922,1.3441
2006-10-05,0.53148,0.7861,117.48,7.787,1.3379
2006-10-06,0.53135,0.78964,118.03,7.7844,1.3399
2006-10-09,0.53606,0.79346,119.09,7.7893,1.3431
2006-10-10,0.53816,0.79758,119.61,7.7933,1.3442
2006-10-11,0.53875,0.79726,119.56,7.7931,1.3418
2006-10-12,0.5389,0.79802,119.6,7.792,1.3345
2006-10-13,0.53737,0.79681,119.39,7.7872,1.3298
2006-10-16,0.53751,0.79904,119.16,7.7836,1.3282
2006-10-17,0.53561,0.79847,118.71,7.7815,1.3267
2006-10-18,0.5342,0.79726,118.66,7.7844,1.3249
2006-10-19,0.53523,0.79611,118.68,7.7881,1.3218
2006-10-20,0.53043,0.79252,118.32,7.7859,1.3161
2006-10-23,0.53409,0.79643,119.23,7.7847,1.3185
2006-10-24,0.53437,0.79738,119.59,7.782,1.3213
2006-10-25,0.53275,0.79491,119.18,7.7826,1.3165
2006-10-26,0.53074,0.79033,118.87,7.7812,1.3119
2006-10-27,0.52874,0.78846,118.47,7.782,1.3058
2006-10-30,0.52528,0.78635,117.3,7.774,1.3008
2006-10-31,0.52654,0.78765,117.82,7.7793,1.3003
2006-11-01,0.52399,0.78388,116.99,7.7786,1.2918
2006-11-02,0.52409,0.78327,117.02,7.7774,1.2933
2006-11-03,0.52414,0.7837,117.26,7.7772,1.2952
2006-11-06,0.52732,0.78728,118.45,7.782,1.2996
2006-11-07,0.52509,0.78401,117.89,7.785,1.2936
2006-11-08,0.52477,0.78272,117.68,7.7845,1.2994
2006-11-09,0.52548,0.78149,118.13,7.7847,1.3042
2006-11-10,0.52262,0.77736,117.51,7.7834,1.3025
2006-11-13,0.5251,0.77942,117.91,7.7853,1.3091
2006-11-14,0.52718,0.77979,117.65,7.7852,1.3073
2006-11-15,0.53033,0.78174,118.05,7.7867,1.3081
2006-11-16,0.5296,0.78101,118.06,7.7862,1.3027
2006-11-17,0.53045,0.78284,118.34,7.7881,1.3078
2006-11-20,0.52706,0.77876,118.04,7.787,1.2995
2006-11-21,0.52661,0.7804,118.03,7.7864,1.299
2006-11-22,0.52375,0.77604,116.99,7.7865,1.2936
2006-11-23,0.52227,0.77202,116.27,7.7837,1.2912
2006-11-24,0.51759,0.76464,115.74,7.7776,1.2859
2006-11-27,0.51678,0.76254,116.09,7.7758,1.2847
2006-11-28,0.51438,0.76063,116.37,7.7749,1.2825
2006-11-29,0.5125,0.76005,116.3,7.7756,1.2769
2006-11-30,0.5108,0.75758,116.13,7.7778,1.2692
2006-12-01,0.50808,0.75506,116.11,7.7758,1.2668
2006-12-04,0.50597,0.75137,115.63,7.7727,1.2701
2006-12-05,0.50581,0.75013,114.58,7.7712,1.2712
2006-12-06,0.50881,0.75335,115.01,7.7692,1.2726
2006-12-07,0.50846,0.75205,114.97,7.7674,1.2655
2006-12-08,0.51039,0.75324,115.61,7.7718,1.2672
2006-12-11,0.51317,0.7589,117.12,7.7729,1.2776
2006-12-12,0.50936,0.75506,116.99,7.773,1.2723
2006-12-13,0.5072,0.75386,117.11,7.7719,1.2673
2006-12-14,0.50906,0.75804,117.53,7.771,1.2771
2006-12-15,0.51114,0.76301,118.3,7.7734,1.2821
2006-12-18,0.51283,0.76365,117.86,7.774,1.2813
2006-12-19,0.51015,0.75999,118.16,7.7747,1.2786
2006-12-20,0.50761,0.7574,118.15,7.7748,1.274
2006-12-21,0.50964,0.75884,118.27,7.7748,1.2737
2006-12-22,0.50902,0.75804,118.45,7.7766,1.2729
2006-12-25,0.509488,0.75918,118.55799999999999,7.77606,1.27356
2006-12-26,0.509644,0.75956,118.594,7.77588,1.27378
2006-12-27,0.5098,0.75994,118.63,7.7757,1.274
2006-12-28,0.50949,0.75913,118.89,7.7725,1.2677
2006-12-29,0.50987,0.7593,119.16,7.7759,1.2674
2007-01-01,0.5081225,0.75501,118.94999999999999,7.780775,1.26035
2007-01-02,0.50754,0.75358,118.88,7.7824,1.258
2007-01-03,0.50994,0.7558,119.24,7.7864,1.258
2007-01-04,0.51419,0.76301,119.11,7.7889,1.2728
2007-01-05,0.51567,0.76429,118.12,7.7892,1.2761
2007-01-08,0.51753,0.76888,118.73,7.7936,1.2821
2007-01-09,0.51486,0.76817,119.27,7.7966,1.2809
2007-01-10,0.51601,0.76994,119.33,7.7977,1.283
2007-01-11,0.51248,0.77018,120.27,7.7979,1.2764
2007-01-12,0.51319,0.77561,120.41,7.7988,1.2832
2007-01-15,0.50881,0.77274,120.55,7.7989,1.2752
2007-01-16,0.50892,0.77202,120.64,7.7999,1.2747
2007-01-17,0.50883,0.77465,120.65,7.8036,1.2727
2007-01-18,0.50805,0.77387,121.34,7.8094,1.2709
2007-01-19,0.50664,0.77172,121.26,7.8112,1.2697
2007-01-22,0.50622,0.77304,121.78,7.8019,1.2664
2007-01-23,0.50245,0.76687,121.18,7.7982,1.2604
2007-01-24,0.50711,0.76894,121.54,7.8032,1.2788
2007-01-25,0.5074,0.77053,120.88,7.8061,1.2821
2007-01-26,0.51023,0.77513,121.47,7.8091,1.2932
2007-01-29,0.51095,0.77393,122.05,7.8112,1.2946
2007-01-30,0.50902,0.77089,121.79,7.81,1.2943
2007-01-31,0.512,0.77196,121.41,7.807,1.2958
2007-02-01,0.50791,0.76805,120.47,7.8041,1.2889
2007-02-02,0.50795,0.76805,121.07,7.8069,1.2919
2007-02-05,0.51153,0.77369,120.58,7.8084,1.2908
2007-02-06,0.50776,0.7719,120.08,7.8088,1.2871
2007-02-07,0.50705,0.77,120.69,7.8124,1.2855
2007-02-08,0.51051,0.76976,121.38,7.8156,1.2831
2007-02-09,0.51322,0.76882,121.52,7.8144,1.2878
2007-02-12,0.51378,0.77184,121.9,7.8137,1.2925
2007-02-13,0.51448,0.76793,121.33,7.8142,1.291
2007-02-14,0.51162,0.76441,121.2,7.8133,1.2792
2007-02-15,0.51089,0.76121,120.1,7.8093,1.2728
2007-02-16,0.51307,0.76225,119.12,7.8136,1.2733
2007-02-19,0.51409,0.7615,119.56,7.8128,1.2731
2007-02-20,0.51221,0.76075,120.21,7.8135,1.2711
2007-02-21,0.51168,0.76075,120.89,7.8135,1.2659
2007-02-22,0.51267,0.76301,121.32,7.8114,1.2674
2007-02-23,0.50952,0.76138,121.33,7.8095,1.2662
2007-02-26,0.50957,0.75988,120.59,7.81,1.2625
2007-02-27,0.50922,0.75586,119.18,7.8144,1.2619
2007-02-28,0.50992,0.75694,118.42,7.8114,1.2687
2007-03-01,0.50938,0.75614,117.52,7.8119,1.2714
2007-03-02,0.51417,0.75971,116.93,7.8136,1.2768
2007-03-05,0.52144,0.76435,115.36,7.8145,1.2915
2007-03-06,0.51882,0.76336,116.56,7.8147,1.294
2007-03-07,0.51861,0.76132,116.34,7.8172,1.2841
2007-03-08,0.5181,0.76034,117.11,7.8158,1.2842
2007-03-09,0.51737,0.76017,117.28,7.8144,1.2838
2007-03-12,0.51855,0.76011,117.39,7.8148,1.2795
2007-03-13,0.5168,0.75654,116.61,7.815,1.2705
2007-03-14,0.51987,0.75855,116.56,7.8151,1.2773
2007-03-15,0.51622,0.75609,117.26,7.8121,1.2695
2007-03-16,0.51347,0.75047,116.79,7.811,1.2576
2007-03-19,0.51361,0.75171,117.39,7.8129,1.2503
2007-03-20,0.51076,0.75211,117.44,7.8125,1.25
2007-03-21,0.51072,0.75228,117.84,7.8107,1.248
2007-03-22,0.50824,0.74901,117.8,7.8095,1.239
2007-03-23,0.50859,0.75036,117.54,7.8114,1.2395
2007-03-26,0.50988,0.75386,118.39,7.8137,1.2406
2007-03-27,0.50873,0.74923,118.31,7.8136,1.2355
2007-03-28,0.50907,0.74918,117.16,7.8134,1.2385
2007-03-29,0.50876,0.74895,117.4,7.8132,1.2362
2007-03-30,0.51044,0.75086,118.13,7.8142,1.2377
2007-04-02,0.50584,0.74817,117.72,7.8155,1.2248
2007-04-03,0.50614,0.74862,118.68,7.8149,1.2284
2007-04-04,0.50678,0.74895,118.86,7.8159,1.2293
2007-04-05,0.50826,0.74778,118.9,7.8161,1.2227
2007-04-06,0.5079480000000001,0.747188,118.962,7.8155399999999995,1.22072
2007-04-09,0.507012,0.7454120000000001,119.148,7.81386,1.21478
2007-04-10,0.5067,0.74482,119.21,7.8133,1.2128
2007-04-11,0.50589,0.74527,119.24,7.8136,1.212
2007-04-12,0.50546,0.74256,119.27,7.815,1.2107
2007-04-13,0.50318,0.73899,118.64,7.8136,1.2008
2007-04-16,0.50225,0.73801,119.53,7.813,1.1992
2007-04-17,0.49915,0.73806,119.43,7.812,1.1968
2007-04-18,0.49886,0.73654,118.41,7.8106,1.1999
2007-04-19,0.49945,0.73524,117.73,7.8132,1.2011
2007-04-20,0.49927,0.73497,118.66,7.8141,1.1973
2007-04-23,0.50011,0.73763,118.69,7.8149,1.2006
2007-04-24,0.50015,0.73627,118.83,7.8158,1.2092
2007-04-25,0.49894,0.73265,118.65,7.8176,1.2019
2007-04-26,0.50173,0.73551,119.34,7.8216,1.2069
2007-04-27,0.50007,0.73298,119.3,7.8209,1.2038
2007-04-30,0.5018,0.73502,119.68,7.8204,1.2074
2007-05-01,0.501895,0.73548,119.92,7.82025,1.209
2007-05-02,0.50199,0.73594,120.16,7.8201,1.2106
2007-05-03,0.50158,0.73459,120.08,7.8211,1.2118
2007-05-04,0.5035,0.73741,120.31,7.8214,1.2213
2007-05-07,0.50114,0.73448,119.95,7.817,1.2107
2007-05-08,0.50177,0.73757,119.7,7.8196,1.2063
2007-05-09,0.50229,0.73883,119.95,7.8189,1.2066
2007-05-10,0.50322,0.73926,120.4,7.8207,1.2019
2007-05-11,0.50519,0.74151,119.72,7.82,1.2042
2007-05-14,0.50509,0.73806,120.35,7.8125,1.2013
2007-05-15,0.50587,0.73866,120.46,7.8144,1.2025
2007-05-16,0.50453,0.7367,120.55,7.818,1.2052
2007-05-17,0.50596,0.73986,121.17,7.8202,1.2149
2007-05-18,0.50746,0.742,120.95,7.8211,1.217
2007-05-21,0.50777,0.74383,121.48,7.8213,1.2205
2007-05-22,0.50673,0.74327,121.5,7.824,1.2162
2007-05-23,0.50363,0.74129,121.46,7.8239,1.211
2007-05-24,0.5032,0.7436,121.36,7.8233,1.2159
2007-05-25,0.50405,0.74399,121.64,7.8228,1.2201
2007-05-28,0.50437,0.74333,121.69,7.8198,1.22
2007-05-29,0.50322,0.74025,121.57,7.8189,1.2194
2007-05-30,0.50633,0.74516,121.65,7.8047,1.2213
2007-05-31,0.5055,0.74333,121.58,7.809,1.2093
2007-06-01,0.50554,0.74427,121.92,7.8093,1.2068
2007-06-04,0.50286,0.74173,121.9,7.8047,1.1999
2007-06-05,0.50126,0.73899,121.5,7.8077,1.1914
2007-06-06,0.50196,0.74003,121.12,7.8116,1.188
2007-06-07,0.50408,0.74239,121.33,7.8141,1.1823
2007-06-08,0.50854,0.74912,121.66,7.8153,1.1889
2007-06-11,0.50797,0.74878,121.71,7.8137,1.1867
2007-06-12,0.50656,0.74934,121.81,7.816,1.1873
2007-06-13,0.50764,0.75262,122.32,7.8143,1.1913
2007-06-14,0.50816,0.75165,122.94,7.817,1.1979
2007-06-15,0.5077,0.75109,123.49,7.8191,1.1959
2007-06-18,0.50455,0.74605,123.44,7.818,1.1885
2007-06-19,0.50336,0.7461,123.45,7.8182,1.1845
2007-06-20,0.50175,0.74477,123.54,7.8143,1.1805
2007-06-21,0.50168,0.74644,123.54,7.812,1.1808
2007-06-22,0.50074,0.74399,124.06,7.8152,1.179
2007-06-25,0.50033,0.74289,123.48,7.8129,1.1775
2007-06-26,0.50011,0.74294,123.16,7.8131,1.1775
2007-06-27,0.50078,0.74416,122.56,7.8155,1.188
2007-06-28,0.49911,0.74256,122.97,7.8164,1.182
2007-06-29,0.49907,0.74047,123.38,7.817,1.1762
2007-07-02,0.49724,0.73594,122.65,7.8169,1.1671
2007-07-03,0.49636,0.73524,122.51,7.813,1.1692
2007-07-04,0.49592,0.73432,122.54,7.8127,1.1657
2007-07-05,0.49531,0.73314,122.51,7.8155,1.1623
2007-07-06,0.49746,0.73551,123.25,7.818,1.1676
2007-07-09,0.49651,0.73416,123.43,7.817,1.1623
2007-07-10,0.49565,0.73174,122.83,7.8167,1.1617
2007-07-11,0.49222,0.72711,121.71,7.8165,1.1607
2007-07-12,0.49195,0.72527,122.13,7.8163,1.158
2007-07-13,0.49191,0.72558,122.39,7.8186,1.1522
2007-07-16,0.49093,0.72564,121.79,7.8198,1.1446
2007-07-17,0.48885,0.72616,122.05,7.8195,1.1441
2007-07-18,0.4877,0.72574,122.14,7.821,1.1396
2007-07-19,0.4881,0.72359,122.04,7.8205,1.1376
2007-07-20,0.487,0.72448,122.05,7.8205,1.1357
2007-07-23,0.48589,0.72354,121.25,7.8211,1.132
2007-07-24,0.48486,0.72291,120.88,7.8209,1.13
2007-07-25,0.48683,0.72764,120.46,7.8238,1.1305
2007-07-26,0.48885,0.72876,119.9,7.8248,1.134
2007-07-27,0.49227,0.73255,118.76,7.823,1.1603
2007-07-30,0.4944,0.73212,118.3,7.825,1.1802
2007-07-31,0.49172,0.72955,119.35,7.8251,1.1637
2007-08-01,0.49374,0.7319,118.5,7.8295,1.1746
2007-08-02,0.49272,0.73185,119.15,7.8293,1.168
2007-08-03,0.49168,0.73025,119.21,7.8291,1.1673
2007-08-06,0.49222,0.72369,117.88,7.8291,1.1673
2007-08-07,0.49337,0.72495,118.65,7.8293,1.1701
2007-08-08,0.49148,0.72495,119.25,7.829,1.1628
2007-08-09,0.49315,0.72839,118.49,7.8233,1.1696
2007-08-10,0.49586,0.7326,117.49,7.8193,1.1882
2007-08-13,0.49648,0.73255,118.28,7.8229,1.1855
2007-08-14,0.49945,0.73578,118.27,7.8218,1.1908
2007-08-15,0.50275,0.74206,116.79,7.8176,1.2156
2007-08-16,0.50399,0.74599,114.28,7.8169,1.2736
2007-08-17,0.50483,0.74327,113.53,7.8104,1.2794
2007-08-20,0.50378,0.74206,115.12,7.8162,1.246
2007-08-21,0.50418,0.7403,114.73,7.8115,1.2452
2007-08-22,0.50296,0.74113,115.11,7.8069,1.2415
2007-08-23,0.49838,0.7367,116.59,7.8135,1.2195
2007-08-24,0.4986,0.73448,115.83,7.8023,1.2178
2007-08-27,0.49619,0.73217,116.14,7.8051,1.2026
2007-08-28,0.49685,0.73185,115.3,7.8004,1.2114
2007-08-29,0.49681,0.73362,114.8,7.8007,1.2261
2007-08-30,0.49816,0.73475,115.6,7.7988,1.2253
2007-08-31,0.49467,0.72966,116.2,7.7976,1.2179
2007-09-03,0.49571,0.73357,115.8,7.7945,1.2171
2007-09-04,0.4972,0.73638,115.49,7.7957,1.2125
2007-09-05,0.4975,0.73594,115.62,7.7934,1.2182
2007-09-06,0.4955,0.73158,115.09,7.7907,1.2123
2007-09-07,0.49452,0.73014,115.21,7.7867,1.2094
2007-09-10,0.49253,0.7249,113.55,7.7804,1.2147
2007-09-11,0.49204,0.72338,113.79,7.7843,1.2091
2007-09-12,0.4924,0.7202,113.89,7.7883,1.1965
2007-09-13,0.49309,0.71958,114.79,7.7899,1.192
2007-09-14,0.49722,0.7215,114.86,7.7887,1.1904
2007-09-17,0.50032,0.72062,114.9,7.7885,1.1912
2007-09-18,0.50133,0.72114,115.5,7.7877,1.1967
2007-09-19,0.49993,0.71556,115.78,7.7878,1.174
2007-09-20,0.49808,0.71276,115.06,7.7835,1.1581
2007-09-21,0.49633,0.71179,115.64,7.7836,1.1619
2007-09-24,0.4938,0.70857,115.04,7.7768,1.1513
2007-09-25,0.49649,0.70892,114.31,7.7674,1.1583
2007-09-26,0.49586,0.70786,115.33,7.7674,1.1434
2007-09-27,0.49316,0.70522,115.16,7.7582,1.1339
2007-09-28,0.49143,0.70527,115.35,7.7618,1.1336
2007-10-01,0.48999,0.70264,115.77,7.7695,1.1258
2007-10-02,0.4898,0.70597,115.72,7.7623,1.1276
2007-10-03,0.49003,0.70447,116.14,7.7573,1.1243
2007-10-04,0.49157,0.70877,116.6,7.7565,1.13
2007-10-05,0.49013,0.70741,116.44,7.7563,1.121
2007-10-08,0.49063,0.70977,117.46,7.759,1.1129
2007-10-09,0.49288,0.7124,117.22,7.7595,1.1178
2007-10-10,0.48961,0.70691,117.38,7.7569,1.1139
2007-10-11,0.49088,0.70427,117.59,7.754,1.1072
2007-10-12,0.49284,0.70557,117.48,7.7533,1.1092
2007-10-15,0.48991,0.70294,117.76,7.7523,1.1026
2007-10-16,0.49223,0.70671,116.73,7.7543,1.1257
2007-10-17,0.49106,0.70423,117.09,7.7535,1.1198
2007-10-18,0.48815,0.69935,115.39,7.7511,1.1227
2007-10-19,0.48803,0.69989,115.38,7.751,1.1151
2007-10-22,0.49238,0.70592,113.93,7.7508,1.1379
2007-10-23,0.48811,0.70156,114.7,7.7509,1.1188
2007-10-24,0.48876,0.70274,114.31,7.7517,1.1126
2007-10-25,0.48756,0.69886,114.36,7.7512,1.1051
2007-10-26,0.48735,0.69522,114.36,7.7508,1.0939
2007-10-29,0.48569,0.69488,114.77,7.751,1.0876
2007-10-30,0.48393,0.69411,114.81,7.7503,1.0889
2007-10-31,0.48266,0.69219,115.24,7.7501,1.0838
2007-11-01,0.48007,0.69334,115.3,7.7575,1.0834
2007-11-02,0.48007,0.69066,115.26,7.7584,1.0841
2007-11-05,0.48054,0.69023,114.16,7.7645,1.0881
2007-11-06,0.47903,0.68743,114.73,7.7633,1.0789
2007-11-07,0.47521,0.67926,112.8,7.7688,1.0666
2007-11-08,0.47474,0.68185,113.12,7.766,1.0762
2007-11-09,0.47701,0.68106,111.16,7.7776,1.0892
2007-11-12,0.4832,0.68592,109.44,7.7865,1.1329
2007-11-13,0.48244,0.6846,110.19,7.7845,1.1155
2007-11-14,0.48327,0.68027,111.06,7.7892,1.1094
2007-11-15,0.48832,0.68311,110.65,7.7848,1.122
2007-11-16,0.48887,0.68255,110.56,7.7862,1.1193
2007-11-19,0.48755,0.68241,110.26,7.7848,1.123
2007-11-20,0.48505,0.67636,110.15,7.7824,1.1266
2007-11-21,0.48582,0.67504,108.63,7.7798,1.1443
2007-11-22,0.48456,0.67435,108.72,7.7792,1.1471
2007-11-23,0.48636,0.67527,107.95,7.7787,1.1458
2007-11-26,0.48363,0.67363,108.43,7.7788,1.1344
2007-11-27,0.48309,0.67231,107.64,7.7841,1.1459
2007-11-28,0.484,0.6781,109.87,7.7858,1.1337
2007-11-29,0.48497,0.67852,110.1,7.7883,1.1343
2007-11-30,0.48408,0.67746,110.72,7.7877,1.1275
2007-12-03,0.48459,0.68185,110.34,7.789,1.1327
2007-12-04,0.48497,0.67838,109.8,7.7899,1.1426
2007-12-05,0.49076,0.67935,110.28,7.7956,1.1515
2007-12-06,0.49368,0.6871,111.0,7.7958,1.1492
2007-12-07,0.49164,0.68264,111.53,7.7958,1.1408
2007-12-10,0.48886,0.67944,111.79,7.7969,1.1351
2007-12-11,0.488,0.68157,111.94,7.7982,1.1297
2007-12-12,0.49036,0.68143,111.35,7.798,1.1342
2007-12-13,0.48992,0.68106,111.84,7.7968,1.139
2007-12-14,0.49328,0.68923,113.03,7.7981,1.1513
2007-12-17,0.49587,0.69478,113.33,7.798,1.1649
2007-12-18,0.49587,0.69367,113.37,7.8008,1.1586
2007-12-19,0.49878,0.69517,112.99,7.8017,1.1626
2007-12-20,0.50282,0.69691,113.11,7.8019,1.1652
2007-12-21,0.5032,0.69541,113.54,7.8014,1.1553
2007-12-24,0.505,0.69454,114.08,7.8043,1.1479
2007-12-25,0.5040333333333333,0.69266,114.22333333333333,7.802733333333333,1.147
2007-12-26,0.5030666666666667,0.69078,114.36666666666667,7.801166666666666,1.1461
2007-12-27,0.5021,0.6889,114.51,7.7996,1.1452
2007-12-28,0.50014,0.68064,113.08,7.8015,1.1388
2007-12-31,0.49817,0.6793,112.04,7.7984,1.1383
2008-01-01,0.5014350000000001,0.680065,111.79,7.8048,1.1367
2008-01-02,0.5047,0.68083,111.54,7.8112,1.1351
2008-01-03,0.50485,0.67783,108.91,7.8033,1.1347
2008-01-04,0.50584,0.67902,109.23,7.8002,1.1347
2008-01-07,0.50686,0.67921,109.11,7.8015,1.1449
2008-01-08,0.50629,0.68004,109.64,7.8019,1.1365
2008-01-09,0.50998,0.6812,109.41,7.8057,1.1315
2008-01-10,0.51105,0.68204,109.86,7.8045,1.1329
2008-01-11,0.51075,0.67604,108.96,7.8027,1.1185
2008-01-14,0.51024,0.67137,107.79,7.8025,1.1114
2008-01-15,0.5082,0.67177,107.5,7.7973,1.1106
2008-01-16,0.50973,0.67604,106.33,7.7977,1.1362
2008-01-17,0.5079,0.68069,106.92,7.8036,1.1328
2008-01-18,0.50981,0.68148,107.47,7.8063,1.1379
2008-01-21,0.51322,0.69051,106.24,7.8116,1.1555
2008-01-22,0.51238,0.68994,106.34,7.8092,1.1643
2008-01-23,0.51269,0.68615,105.32,7.8072,1.1584
2008-01-24,0.50934,0.68199,106.59,7.8067,1.1432
2008-01-25,0.50493,0.68004,107.68,7.811,1.1324
2008-01-28,0.50356,0.67774,106.86,7.8061,1.132
2008-01-29,0.50291,0.67691,106.97,7.8047,1.1264
2008-01-30,0.50196,0.67522,106.95,7.8022,1.1245
2008-01-31,0.50282,0.67249,106.21,7.7976,1.1219
2008-02-01,0.50343,0.67164,106.46,7.7968,1.1089
2008-02-04,0.5059,0.67435,106.89,7.8009,1.1016
2008-02-05,0.50793,0.68083,107.43,7.7992,1.1072
2008-02-06,0.51091,0.68395,106.41,7.8,1.1159
2008-02-07,0.51417,0.68639,106.11,7.8036,1.1234
2008-02-08,0.5132,0.68904,107.41,7.8013,1.1185
2008-02-11,0.51313,0.68766,106.88,7.7965,1.1045
2008-02-12,0.51252,0.68785,107.43,7.7977,1.1045
2008-02-13,0.5095,0.68559,107.52,7.8008,1.1142
2008-02-14,0.50704,0.68371,108.18,7.8007,1.1052
2008-02-15,0.50961,0.68148,107.52,7.7998,1.1032
2008-02-18,0.51264,0.68325,108.2,7.8012,1.0959
2008-02-19,0.51248,0.67833,107.61,7.8008,1.0842
2008-02-20,0.51474,0.68231,108.02,7.8016,1.0938
2008-02-21,0.51079,0.67861,108.08,7.7997,1.0883
2008-02-22,0.50835,0.67349,106.92,7.7959,1.0829
2008-02-25,0.50867,0.6749,107.79,7.7974,1.081
2008-02-26,0.50666,0.67231,107.87,7.7945,1.0789
2008-02-27,0.50359,0.66472,106.32,7.787,1.0649
2008-02-28,0.50351,0.66133,106.19,7.7856,1.0606
2008-02-29,0.50452,0.65933,104.19,7.7818,1.0698
2008-03-03,0.50385,0.65776,103.13,7.7832,1.0704
2008-03-04,0.50349,0.65764,103.1,7.7841,1.0722
2008-03-05,0.50573,0.65807,103.74,7.789,1.0796
2008-03-06,0.4986,0.65278,103.5,7.7876,1.0674
2008-03-07,0.49601,0.64863,102.14,7.7846,1.069
2008-03-10,0.49576,0.65189,102.26,7.7886,1.0822
2008-03-11,0.49714,0.65024,102.98,7.789,1.0796
2008-03-12,0.49532,0.64612,102.38,7.7886,1.076
2008-03-13,0.49162,0.64197,100.44,7.7846,1.0667
2008-03-14,0.49325,0.64263,100.94,7.7825,1.0623
2008-03-17,0.49822,0.63412,96.7,7.7703,1.0845
2008-03-18,0.49566,0.63408,97.91,7.7696,1.0763
2008-03-19,0.50083,0.63727,99.52,7.7738,1.0732
2008-03-20,0.50464,0.64838,99.33,7.7795,1.1079
2008-03-21,0.504046,0.647164,99.49,7.779579999999999,1.1051600000000001
2008-03-24,0.5022639999999999,0.643516,99.97,7.77982,1.09694
2008-03-25,0.50167,0.6423,100.13,7.7799,1.0942
2008-03-26,0.50165,0.63654,99.23,7.7817,1.0849
2008-03-27,0.49595,0.63347,99.79,7.7814,1.0825
2008-03-28,0.50063,0.63307,99.94,7.7823,1.087
2008-03-31,0.50329,0.63243,99.53,7.7836,1.0963
2008-04-01,0.5037,0.63857,100.61,7.7875,1.0993
2008-04-02,0.50441,0.63971,101.97,7.7886,1.0968
2008-04-03,0.50444,0.64408,102.89,7.7918,1.0991
2008-04-04,0.49962,0.63605,102.33,7.7914,1.0883
2008-04-07,0.50299,0.63723,102.68,7.7905,1.0818
2008-04-08,0.50809,0.63719,102.43,7.7905,1.0812
2008-04-09,0.50725,0.63589,102.61,7.7905,1.0773
2008-04-10,0.50463,0.62992,100.27,7.7881,1.0721
2008-04-11,0.50635,0.63159,100.95,7.7888,1.0752
2008-04-14,0.50325,0.63016,100.43,7.792,1.0812
2008-04-15,0.50853,0.63179,101.0,7.7935,1.0817
2008-04-16,0.50609,0.62783,101.34,7.7935,1.0716
2008-04-17,0.5051,0.63004,102.53,7.793,1.067
2008-04-18,0.50108,0.63371,103.92,7.7937,1.0698
2008-04-21,0.50365,0.62901,103.43,7.7968,1.0613
2008-04-22,0.50204,0.62771,103.21,7.7957,1.0577
2008-04-23,0.50405,0.62735,103.07,7.7947,1.0511
2008-04-24,0.50606,0.63416,103.41,7.7922,1.0583
2008-04-25,0.50401,0.64119,104.52,7.794,1.0736
2008-04-28,0.50211,0.63988,104.65,7.7902,1.0664
2008-04-29,0.50668,0.64222,103.87,7.7919,1.0731
2008-04-30,0.50846,0.6435,104.65,7.7945,1.0691
2008-05-01,0.506205,0.645205,104.70500000000001,7.79485,1.0699999999999998
2008-05-02,0.50395,0.64691,104.76,7.7952,1.0709
2008-05-05,0.50789,0.64683,105.26,7.795,1.0624
2008-05-06,0.50753,0.644,104.49,7.7944,1.0592
2008-05-07,0.51111,0.64809,105.35,7.7949,1.0572
2008-05-08,0.51153,0.65159,104.35,7.7952,1.0629
2008-05-09,0.51352,0.64691,102.74,7.7967,1.0652
2008-05-12,0.51124,0.64809,103.97,7.7962,1.0612
2008-05-13,0.51302,0.64629,103.86,7.7974,1.0604
2008-05-14,0.51499,0.64771,105.24,7.8003,1.0725
2008-05-15,0.51519,0.64625,105.09,7.8004,1.069
2008-05-16,0.51352,0.64524,104.72,7.8005,1.053
2008-05-19,0.51204,0.64197,104.03,7.8003,1.048
2008-05-20,0.50924,0.63943,104.12,7.8003,1.0419
2008-05-21,0.50876,0.6348,103.36,7.8008,1.0376
2008-05-22,0.504,0.63472,103.28,7.8006,1.0409
2008-05-23,0.50464,0.63524,103.53,7.8026,1.0403
2008-05-26,0.50539,0.63448,103.4,7.8037,1.0418
2008-05-27,0.50571,0.63452,103.84,7.8058,1.0388
2008-05-28,0.50661,0.63873,104.8,7.8044,1.0436
2008-05-29,0.50582,0.64305,105.31,7.8043,1.0426
2008-05-30,0.50684,0.64483,105.58,7.8056,1.0454
2008-06-02,0.50995,0.64429,104.79,7.8042,1.0465
2008-06-03,0.50731,0.64131,104.53,7.8049,1.0435
2008-06-04,0.51093,0.64658,104.63,7.8077,1.041
2008-06-05,0.51273,0.64927,106.13,7.8088,1.0498
2008-06-06,0.51106,0.64115,106.27,7.8091,1.0425
2008-06-09,0.5052,0.63355,105.65,7.8083,1.0399
2008-06-10,0.51098,0.64408,106.77,7.8095,1.0521
2008-06-11,0.51012,0.64454,107.23,7.8098,1.0555
2008-06-12,0.5132,0.64863,107.73,7.8091,1.0699
2008-06-13,0.51405,0.65206,108.27,7.8139,1.069
2008-06-16,0.50928,0.64687,108.2,7.812,1.0631
2008-06-17,0.51328,0.64612,108.28,7.8087,1.0643
2008-06-18,0.51204,0.64545,108.19,7.8056,1.0625
2008-06-19,0.50791,0.64595,107.84,7.8091,1.0557
2008-06-20,0.50586,0.64061,107.51,7.8061,1.0475
2008-06-23,0.50999,0.64429,107.89,7.8073,1.0505
2008-06-24,0.50806,0.64234,107.91,7.8073,1.0487
2008-06-25,0.50689,0.64107,107.96,7.8063,1.0455
2008-06-26,0.50343,0.63569,107.58,7.8048,1.0418
2008-06-27,0.50314,0.635,106.1,7.8014,1.0403
2008-06-30,0.50257,0.63436,105.58,7.799,1.0385
2008-07-01,0.50136,0.63391,105.59,7.7986,1.0472
2008-07-02,0.5031,0.63267,106.55,7.7987,1.04
2008-07-03,0.50312,0.62952,106.15,7.7981,1.0393
2008-07-04,0.50463,0.63812,106.76,7.798,1.0389
2008-07-07,0.50879,0.63894,107.64,7.8006,1.0455
2008-07-08,0.50641,0.63747,107.07,7.8,1.0503
2008-07-09,0.50687,0.63633,107.46,7.8018,1.0501
2008-07-10,0.50653,0.63662,107.27,7.802,1.0413
2008-07-11,0.50467,0.63151,106.32,7.8037,1.0371
2008-07-14,0.50325,0.63103,106.8,7.8032,1.0329
2008-07-15,0.49753,0.62539,104.74,7.7987,1.0181
2008-07-16,0.49972,0.62941,104.27,7.7987,1.024
2008-07-17,0.49934,0.63095,105.64,7.7974,1.025
2008-07-18,0.50149,0.63227,106.87,7.7981,1.0298
2008-07-21,0.50107,0.6306,106.98,7.7983,1.0253
2008-07-22,0.49849,0.62818,106.33,7.7969,1.0229
2008-07-23,0.5001,0.63528,107.84,7.8013,1.0374
2008-07-24,0.50329,0.63788,107.75,7.7994,1.041
2008-07-25,0.50133,0.63557,107.26,7.7983,1.0447
2008-07-28,0.5033,0.63508,107.73,7.8013,1.0457
2008-07-29,0.50287,0.63674,107.82,7.8013,1.0477
2008-07-30,0.50465,0.64148,107.9,7.8038,1.0564
2008-07-31,0.50538,0.64057,108.27,7.8028,1.0598
2008-08-01,0.50588,0.6421,107.51,7.8037,1.0699
2008-08-04,0.50858,0.64243,108.18,7.8042,1.0727
2008-08-05,0.51195,0.6457,107.87,7.8048,1.0906
2008-08-06,0.51173,0.64608,108.64,7.8055,1.0932
2008-08-07,0.51228,0.64637,109.34,7.8056,1.0979
2008-08-08,0.52017,0.66339,109.86,7.8137,1.1201
2008-08-11,0.52068,0.66613,109.73,7.8093,1.1224
2008-08-12,0.5262,0.67083,110.0,7.8081,1.1436
2008-08-13,0.53291,0.67101,108.74,7.808,1.1488
2008-08-14,0.53351,0.67083,109.59,7.8102,1.1411
2008-08-15,0.53683,0.67893,110.46,7.8138,1.1563
2008-08-18,0.53598,0.68009,110.31,7.8126,1.1451
2008-08-19,0.53724,0.68134,109.77,7.8107,1.1536
2008-08-20,0.53831,0.6787,110.1,7.81,1.1486
2008-08-21,0.53571,0.67504,108.24,7.8071,1.1483
2008-08-22,0.53795,0.67531,109.77,7.8071,1.1494
2008-08-25,0.53945,0.67719,109.92,7.8097,1.1526
2008-08-26,0.5448,0.68503,109.73,7.8079,1.1728
2008-08-27,0.54155,0.67719,109.01,7.808,1.1589
2008-08-28,0.54478,0.677,109.3,7.8073,1.154
2008-08-29,0.54632,0.67866,108.73,7.8069,1.1582
2008-09-01,0.55513,0.68395,107.87,7.8062,1.172
2008-09-02,0.56004,0.6889,108.85,7.8075,1.1983
2008-09-03,0.56319,0.69247,108.55,7.808,1.201
2008-09-04,0.56115,0.69023,108.2,7.8065,1.196
2008-09-05,0.56805,0.7019,106.37,7.8072,1.2359
2008-09-08,0.56789,0.70353,108.64,7.803,1.2203
2008-09-09,0.56773,0.70701,108.1,7.7996,1.2293
2008-09-10,0.56904,0.70952,106.8,7.7991,1.2446
2008-09-11,0.5699,0.71767,106.71,7.7991,1.2576
2008-09-12,0.56605,0.71093,107.29,7.7982,1.24
2008-09-15,0.56106,0.70666,105.91,7.7941,1.2398
2008-09-16,0.55898,0.70092,103.78,7.7794,1.2587
2008-09-17,0.55902,0.70304,105.64,7.7803,1.2588
2008-09-18,0.54779,0.68956,104.79,7.7807,1.2385
2008-09-19,0.55303,0.70244,107.5,7.7843,1.2296
2008-09-22,0.54355,0.68629,106.51,7.7732,1.1966
2008-09-23,0.53971,0.67884,105.51,7.7618,1.1887
2008-09-24,0.53938,0.68074,105.9,7.7639,1.1952
2008-09-25,0.53878,0.68027,106.06,7.7723,1.1899
2008-09-26,0.54286,0.68306,105.28,7.7734,1.2066
2008-09-29,0.55467,0.69691,106.14,7.7644,1.2276
2008-09-30,0.55254,0.69915,105.2,7.7693,1.2402
2008-10-01,0.56239,0.71018,106.21,7.768,1.254
2008-10-02,0.56621,0.71927,105.34,7.7691,1.2714
2008-10-03,0.56639,0.72286,104.88,7.7709,1.2867
2008-10-06,0.56682,0.73346,103.26,7.7677,1.3362
2008-10-07,0.57017,0.73357,102.34,7.7664,1.378
2008-10-08,0.56871,0.72828,100.81,7.7647,1.4582
2008-10-09,0.57704,0.73089,100.75,7.7658,1.4254
2008-10-10,0.58767,0.73643,99.18,7.7597,1.5125
2008-10-13,0.57585,0.73319,100.18,7.7623,1.4898
2008-10-14,0.56795,0.72717,102.71,7.7627,1.3864
2008-10-15,0.56965,0.73394,101.42,7.7589,1.4364
2008-10-16,0.57944,0.74036,100.62,7.755,1.482
2008-10-17,0.57826,0.74605,101.14,7.7567,1.4635
2008-10-20,0.57483,0.74493,101.65,7.7572,1.4422
2008-10-21,0.58935,0.7585,100.93,7.7543,1.4624
2008-10-22,0.61368,0.77863,98.79,7.7526,1.4851
2008-10-23,0.61803,0.78064,97.12,7.7527,1.5123
2008-10-24,0.63997,0.7939,93.2,7.751,1.628
2008-10-27,0.64711,0.80257,92.9,7.7507,1.6369
2008-10-28,0.637,0.79834,95.34,7.7533,1.5996
2008-10-29,0.62318,0.78309,97.1,7.7524,1.5405
2008-10-30,0.6066,0.76717,98.76,7.7524,1.4733
2008-10-31,0.61684,0.78388,97.96,7.751,1.5087
2008-11-03,0.62151,0.77991,98.56,7.7504,1.4898
2008-11-04,0.62988,0.78003,99.34,7.7502,1.4473
2008-11-05,0.62665,0.777,98.99,7.7503,1.4459
2008-11-06,0.63038,0.78309,97.78,7.7504,1.4701
2008-11-07,0.63378,0.78394,97.44,7.7502,1.497
2008-11-10,0.63339,0.77574,99.21,7.7501,1.446
2008-11-11,0.63913,0.7845,97.88,7.75,1.4927
2008-11-12,0.6569,0.79808,97.21,7.7509,1.5157
2008-11-13,0.67401,0.7984,96.08,7.7502,1.5646
2008-11-14,0.67834,0.78895,96.39,7.7501,1.5228
2008-11-17,0.67002,0.78989,96.31,7.7501,1.5348
2008-11-18,0.66553,0.79033,96.36,7.75,1.542
2008-11-19,0.66471,0.79151,96.62,7.7501,1.5472
2008-11-20,0.67142,0.79732,95.57,7.7501,1.5888
2008-11-21,0.66735,0.79352,94.67,7.7512,1.6091
2008-11-24,0.6668,0.7829,95.92,7.7527,1.5608
2008-11-25,0.66642,0.78058,96.07,7.7534,1.5679
2008-11-26,0.65373,0.7731,95.17,7.7559,1.5456
2008-11-27,0.64791,0.77519,95.38,7.7525,1.5263
2008-11-28,0.65208,0.78573,95.43,7.7505,1.5348
2008-12-01,0.66747,0.79315,93.92,7.7521,1.5585
2008-12-02,0.66705,0.78759,93.38,7.7511,1.5438
2008-12-03,0.67714,0.7922,93.0,7.7519,1.5547
2008-12-04,0.68352,0.79239,92.79,7.7517,1.5558
2008-12-05,0.68425,0.78958,92.31,7.7508,1.5709
2008-12-08,0.67302,0.77797,93.43,7.7511,1.5075
2008-12-09,0.67853,0.77894,92.58,7.7504,1.5264
2008-12-10,0.67563,0.77369,92.67,7.7502,1.5215
2008-12-11,0.67113,0.75672,91.31,7.7501,1.505
2008-12-12,0.66893,0.74963,90.11,7.7499,1.5211
2008-12-15,0.66573,0.74019,90.61,7.75,1.4986
2008-12-16,0.65274,0.73046,89.99,7.7504,1.4882
2008-12-17,0.65335,0.71129,88.45,7.7502,1.4559
2008-12-18,0.65059,0.68418,88.41,7.75,1.4187
2008-12-19,0.66621,0.71736,89.48,7.75,1.4684
2008-12-22,0.67516,0.71582,89.95,7.7503,1.4598
2008-12-23,0.67531,0.71541,90.16,7.75,1.4624
2008-12-24,0.67783,0.71403,90.43,7.7502,1.4666
2008-12-25,0.679412,0.7113780000000001,90.42200000000001,7.75026,1.4619199999999999
2008-12-26,0.680994,0.7087260000000001,90.414,7.75032,1.4572399999999999
2008-12-29,0.68574,0.70077,90.39,7.7505,1.4432
2008-12-30,0.69102,0.70932,90.37,7.7501,1.4495
2008-12-31,0.68441,0.71855,90.64,7.7501,1.4568
2009-01-01,0.688735,0.71987,90.985,7.75045,1.4454
2009-01-02,0.69306,0.72119,91.33,7.7508,1.434
2009-01-05,0.689,0.73627,93.37,7.7531,1.4128
2009-01-06,0.68827,0.75008,94.39,7.7535,1.4047
2009-01-07,0.66517,0.73556,93.25,7.7527,1.3851
2009-01-08,0.65602,0.73438,91.31,7.754,1.4215
2009-01-09,0.6539,0.73078,90.91,7.7572,1.4156
2009-01-12,0.66866,0.7466,89.95,7.7547,1.4542
2009-01-13,0.68708,0.75403,89.38,7.7554,1.4986
2009-01-14,0.68952,0.75913,89.32,7.7565,1.5007
2009-01-15,0.68521,0.76423,89.39,7.7609,1.5146
2009-01-16,0.67016,0.75358,90.51,7.7595,1.4778
2009-01-19,0.68631,0.75861,90.4,7.7585,1.489
2009-01-20,0.72011,0.7734,90.41,7.7593,1.5206
2009-01-21,0.72703,0.77459,89.94,7.7589,1.5443
2009-01-22,0.72713,0.77018,88.56,7.7591,1.5249
2009-01-23,0.73365,0.78156,88.82,7.756,1.5503
2009-01-26,0.72325,0.76982,89.16,7.7587,1.5222
2009-01-27,0.70988,0.75907,89.26,7.7592,1.5093
2009-01-28,0.69928,0.75415,89.42,7.7587,1.4943
2009-01-29,0.6996,0.76272,90.05,7.7565,1.521
2009-01-30,0.70057,0.78027,89.72,7.7559,1.5695
2009-02-02,0.70795,0.7837,89.37,7.7552,1.5923
2009-02-03,0.7027,0.77827,89.52,7.7538,1.5653
2009-02-04,0.69441,0.78015,89.16,7.7543,1.5608
2009-02-05,0.68439,0.77948,89.67,7.7537,1.5412
2009-02-06,0.68037,0.78149,91.2,7.7546,1.5166
2009-02-09,0.66959,0.76876,91.64,7.7535,1.4804
2009-02-10,0.67641,0.77119,91.3,7.7521,1.4961
2009-02-11,0.69563,0.77292,90.04,7.7514,1.5261
2009-02-12,0.70365,0.77924,89.97,7.7518,1.5463
2009-02-13,0.6895,0.77985,91.7,7.7526,1.5132
2009-02-16,0.70074,0.78339,91.92,7.7539,1.5372
2009-02-17,0.70057,0.79151,91.97,7.7542,1.5632
2009-02-18,0.70229,0.7939,92.75,7.7548,1.5661
2009-02-19,0.69445,0.78709,93.66,7.7545,1.5425
2009-02-20,0.69971,0.79422,94.21,7.754,1.5683
2009-02-23,0.68604,0.78137,94.62,7.7532,1.5468
2009-02-24,0.68926,0.78351,95.9,7.7533,1.5511
2009-02-25,0.69433,0.78156,96.73,7.7538,1.5385
2009-02-26,0.69731,0.78235,98.05,7.7537,1.5326
2009-02-27,0.70634,0.79089,97.46,7.7549,1.5732
2009-03-02,0.70919,0.7939,97.27,7.7565,1.5774
2009-03-03,0.71007,0.79271,98.01,7.7579,1.5552
2009-03-04,0.70904,0.7965,99.3,7.7595,1.5587
2009-03-05,0.70912,0.7965,99.33,7.7583,1.559
2009-03-06,0.70311,0.79001,96.8,7.756,1.5629
2009-03-09,0.72535,0.79586,99.01,7.7561,1.5824
2009-03-10,0.72197,0.78229,98.14,7.7559,1.5522
2009-03-11,0.72384,0.78211,98.04,7.7557,1.5374
2009-03-12,0.72821,0.78235,97.25,7.7547,1.5479
2009-03-13,0.71445,0.77489,98.43,7.7531,1.5178
2009-03-16,0.70583,0.76675,98.54,7.7526,1.5089
2009-03-17,0.71589,0.77268,98.98,7.752,1.5163
2009-03-18,0.71523,0.76161,98.2,7.7522,1.511
2009-03-19,0.68795,0.73148,94.85,7.7516,1.4462
2009-03-20,0.69341,0.73806,95.85,7.7502,1.4529
2009-03-23,0.68554,0.73757,96.71,7.7485,1.4364
2009-03-24,0.68157,0.74036,98.23,7.75,1.4319
2009-03-25,0.68493,0.74107,98.0,7.7501,1.431
2009-03-26,0.68465,0.73492,98.21,7.6857,1.422
2009-03-27,0.69838,0.75216,97.71,7.7504,1.4464
2009-03-30,0.70424,0.75798,96.97,7.7503,1.4694
2009-03-31,0.69943,0.75143,98.56,7.7502,1.4439
2009-04-01,0.695,0.75494,98.79,7.7506,1.4405
2009-04-02,0.68168,0.74671,99.67,7.7501,1.4036
2009-04-03,0.67732,0.74488,99.87,7.7501,1.4013
2009-04-06,0.67072,0.74096,100.79,7.7513,1.4044
2009-04-07,0.6828,0.75443,100.19,7.7509,1.4119
2009-04-08,0.67973,0.7558,100.05,7.7504,1.4091
2009-04-09,0.68138,0.75341,100.24,7.7505,1.401
2009-04-10,0.679406,0.753376,100.164,7.75044,1.3953
2009-04-13,0.6734840000000001,0.753274,99.93599999999999,7.75026,1.3782
2009-04-14,0.67151,0.75324,99.86,7.7502,1.3725
2009-04-15,0.66963,0.75913,99.22,7.7502,1.3932
2009-04-16,0.67111,0.75781,98.89,7.7503,1.3879
2009-04-17,0.67606,0.76581,99.3,7.7502,1.388
2009-04-20,0.6861,0.77125,98.57,7.7503,1.418
2009-04-21,0.68713,0.77328,98.07,7.75,1.4313
2009-04-22,0.68603,0.77238,97.98,7.7501,1.4189
2009-04-23,0.6872,0.76628,98.3,7.75,1.4026
2009-04-24,0.6847,0.75574,96.96,7.75,1.3907
2009-04-27,0.68629,0.7619,96.62,7.75,1.4017
2009-04-28,0.68531,0.7697,96.27,7.7502,1.4248
2009-04-29,0.67748,0.75381,96.89,7.7503,1.3896
2009-04-30,0.67296,0.7533,98.18,7.75,1.3669
2009-05-01,0.67293,0.75404,98.5,7.750025,1.36605
2009-05-04,0.67284,0.75626,99.46,7.7501,1.3635
2009-05-05,0.66097,0.7461,98.93,7.75,1.3428
2009-05-06,0.66514,0.75064,98.46,7.75,1.3449
2009-05-07,0.66205,0.74833,99.32,7.7502,1.3164
2009-05-08,0.66346,0.74488,99.34,7.75,1.3186
2009-05-11,0.662,0.7367,97.85,7.75,1.3139
2009-05-12,0.65293,0.73083,97.13,7.7501,1.3051
2009-05-13,0.6605,0.73405,96.09,7.7504,1.3127
2009-05-14,0.66217,0.7373,95.41,7.7502,1.3356
2009-05-15,0.65875,0.73975,95.18,7.7514,1.3259
2009-05-18,0.65399,0.74107,95.81,7.7523,1.3173
2009-05-19,0.64605,0.73465,96.17,7.7515,1.2903
2009-05-20,0.6447,0.73046,95.73,7.7527,1.2896
2009-05-21,0.6383,0.72616,95.01,7.7523,1.297
2009-05-22,0.62847,0.71572,94.05,7.7519,1.2763
2009-05-25,0.62834,0.71378,95.09,7.7512,1.2794
2009-05-26,0.62985,0.71901,94.95,7.7516,1.2906
2009-05-27,0.62629,0.71937,95.3,7.7527,1.2785
2009-05-28,0.62789,0.72171,96.98,7.7531,1.2812
2009-05-29,0.61917,0.70932,95.91,7.751,1.2534
2009-06-01,0.61041,0.70323,94.86,7.7513,1.2343
2009-06-02,0.60767,0.70235,95.58,7.752,1.2251
2009-06-03,0.60512,0.70388,95.96,7.7515,1.2257
2009-06-04,0.61646,0.70947,96.72,7.7515,1.258
2009-06-05,0.62016,0.70537,96.97,7.7511,1.2419
2009-06-08,0.62808,0.72119,98.46,7.7521,1.2686
2009-06-09,0.61838,0.71638,98.0,7.7514,1.2588
2009-06-10,0.60864,0.70912,97.88,7.7512,1.2329
2009-06-11,0.60899,0.71587,98.35,7.7512,1.2319
2009-06-12,0.60968,0.71408,98.22,7.7509,1.2321
2009-06-15,0.6117,0.72202,98.25,7.7505,1.248
2009-06-16,0.60742,0.71994,97.03,7.7502,1.2472
2009-06-17,0.61575,0.72254,96.3,7.7502,1.2665
2009-06-18,0.61659,0.71839,95.96,7.7504,1.2592
2009-06-19,0.60806,0.71777,96.78,7.7502,1.2405
2009-06-22,0.60799,0.7216,95.99,7.7503,1.257
2009-06-23,0.61336,0.71541,95.5,7.7501,1.2694
2009-06-24,0.60539,0.71281,95.35,7.75,1.2521
2009-06-25,0.61456,0.71736,96.37,7.7501,1.2545
2009-06-26,0.60606,0.70942,95.42,7.7501,1.2384
2009-06-29,0.60368,0.71134,95.34,7.75,1.2414
2009-06-30,0.60287,0.70751,95.88,7.7501,1.2282
2009-07-01,0.60741,0.70942,96.86,7.7502,1.2404
2009-07-02,0.61022,0.71179,96.77,7.7499,1.2474
2009-07-03,0.61121,0.71383,95.88,7.75,1.2529
2009-07-06,0.6197,0.71958,95.3,7.7502,1.2668
2009-07-07,0.61616,0.71332,95.31,7.7501,1.2472
2009-07-08,0.62222,0.71937,94.25,7.7504,1.2753
2009-07-09,0.61515,0.7148,92.96,7.7503,1.2746
2009-07-10,0.61722,0.71937,92.23,7.7502,1.2906
2009-07-13,0.62097,0.71556,92.33,7.7501,1.2887
2009-07-14,0.61293,0.71475,93.16,7.7504,1.2643
2009-07-15,0.6087,0.70977,93.38,7.7503,1.2457
2009-07-16,0.608,0.70771,93.86,7.7503,1.2443
2009-07-17,0.61412,0.70972,93.73,7.75,1.2506
2009-07-20,0.60498,0.70338,94.56,7.7502,1.2316
2009-07-21,0.60838,0.70309,94.28,7.7501,1.226
2009-07-22,0.6094,0.70467,93.36,7.75,1.23
2009-07-23,0.60559,0.70279,94.34,7.75,1.2212
2009-07-24,0.6094,0.70289,94.83,7.75,1.2239
2009-07-27,0.60642,0.70082,95.04,7.7501,1.2146
2009-07-28,0.60595,0.70279,94.55,7.7509,1.2044
2009-07-29,0.61054,0.70902,94.91,7.7501,1.2209
2009-07-30,0.60656,0.71159,95.28,7.75,1.2127
2009-07-31,0.60518,0.70731,95.72,7.75,1.2067
2009-08-03,0.59372,0.69915,94.99,7.7501,1.19
2009-08-04,0.58986,0.69522,94.7,7.7501,1.1899
2009-08-05,0.58775,0.69396,95.34,7.75,1.1853
2009-08-06,0.59318,0.69589,95.55,7.7501,1.1877
2009-08-07,0.59671,0.69652,95.35,7.7504,1.1953
2009-08-10,0.60101,0.70413,97.18,7.7503,1.1896
2009-08-11,0.60596,0.70592,96.51,7.7505,1.1976
2009-08-12,0.60667,0.70572,95.82,7.7507,1.2139
2009-08-13,0.60075,0.69964,96.21,7.7511,1.1846
2009-08-14,0.60277,0.69959,94.87,7.7504,1.185
2009-08-17,0.6132,0.71063,94.47,7.7507,1.2229
2009-08-18,0.60747,0.70917,95.11,7.7514,1.2138
2009-08-19,0.60998,0.70862,93.93,7.7521,1.2216
2009-08-20,0.60647,0.7021,94.16,7.751,1.2023
2009-08-21,0.60412,0.69784,93.64,7.7512,1.2001
2009-08-24,0.60616,0.69818,94.65,7.7507,1.1891
2009-08-25,0.6102,0.69813,94.28,7.7503,1.1906
2009-08-26,0.61528,0.70077,94.13,7.7506,1.2027
2009-08-27,0.61705,0.70087,93.64,7.7509,1.1986
2009-08-28,0.61153,0.69618,93.81,7.751,1.1832
2009-08-31,0.61754,0.70067,93.26,7.7508,1.1972
2009-09-01,0.61583,0.69862,93.1,7.7504,1.1944
2009-09-02,0.6154,0.70323,92.57,7.7512,1.2034
2009-09-03,0.61018,0.69759,92.41,7.7508,1.1885
2009-09-04,0.61141,0.70116,92.87,7.7502,1.186
2009-09-07,0.60956,0.69784,93.04,7.7505,1.1687
2009-09-08,0.60364,0.69094,92.29,7.7502,1.1587
2009-09-09,0.6055,0.68861,92.36,7.7503,1.1593
2009-09-10,0.6021,0.68752,92.07,7.7504,1.1664
2009-09-11,0.59881,0.68521,90.87,7.7502,1.1586
2009-09-14,0.60367,0.68677,90.86,7.7501,1.165
2009-09-15,0.60701,0.68442,91.21,7.75,1.1645
2009-09-16,0.60643,0.68162,90.38,7.75,1.148
2009-09-17,0.60529,0.67972,91.34,7.7502,1.1462
2009-09-18,0.61224,0.68004,91.24,7.7502,1.1516
2009-09-21,0.6185,0.68222,92.41,7.7506,1.1609
2009-09-22,0.61211,0.67659,91.4,7.7505,1.1449
2009-09-23,0.6084,0.67645,91.29,7.7507,1.1436
2009-09-24,0.61664,0.67714,90.64,7.7503,1.143
2009-09-25,0.62628,0.68166,90.38,7.7502,1.1556
2009-09-28,0.6298,0.68259,89.52,7.7503,1.154
2009-09-29,0.62671,0.68733,89.98,7.7502,1.1472
2009-09-30,0.62098,0.68292,89.51,7.7501,1.1334
2009-10-01,0.62649,0.68781,89.95,7.7501,1.1376
2009-10-02,0.63094,0.6879,89.39,7.7502,1.1583
2009-10-05,0.62746,0.68418,89.91,7.7501,1.1435
2009-10-06,0.62902,0.67926,89.13,7.7502,1.1258
2009-10-07,0.62944,0.68055,88.93,7.75,1.1237
2009-10-08,0.62318,0.67737,88.37,7.7501,1.1072
2009-10-09,0.62566,0.67797,88.89,7.7501,1.1043
2009-10-12,0.6321,0.67728,90.07,7.7502,1.1032
2009-10-13,0.63294,0.67277,89.49,7.7501,1.0994
2009-10-14,0.62513,0.672,89.64,7.7501,1.0971
2009-10-15,0.61538,0.67277,90.2,7.75,1.0908
2009-10-16,0.61319,0.67254,91.2,7.75,1.0904
2009-10-19,0.61288,0.67033,90.94,7.7501,1.0863
2009-10-20,0.60898,0.66796,90.53,7.75,1.0768
2009-10-21,0.60324,0.6702,91.03,7.7501,1.084
2009-10-22,0.60353,0.66667,91.27,7.7501,1.0823
2009-10-23,0.61065,0.66578,91.86,7.75,1.0809
2009-10-26,0.61216,0.66582,91.94,7.7501,1.0822
2009-10-27,0.61029,0.67231,92.05,7.75,1.0891
2009-10-28,0.61258,0.67636,91.15,7.7501,1.1043
2009-10-29,0.60691,0.67622,91.38,7.7501,1.1006
2009-10-30,0.60389,0.67568,90.99,7.7501,1.0996
2009-11-02,0.61149,0.67696,90.0,7.7501,1.105
2009-11-03,0.61304,0.68222,90.22,7.7503,1.1154
2009-11-04,0.60538,0.67746,90.98,7.7501,1.1027
2009-11-05,0.60221,0.67263,90.33,7.75,1.1006
2009-11-06,0.60288,0.67286,90.67,7.75,1.0924
2009-11-09,0.5964,0.66738,89.97,7.7495,1.0772
2009-11-10,0.60043,0.66818,89.88,7.7501,1.0788
2009-11-11,0.60045,0.66503,89.85,7.7501,1.0729
2009-11-12,0.60448,0.67015,90.01,7.75,1.0764
2009-11-13,0.59944,0.67259,89.8,7.75,1.0774
2009-11-16,0.59796,0.66823,89.56,7.7499,1.0694
2009-11-17,0.5958,0.67227,89.25,7.7501,1.0772
2009-11-18,0.5947,0.66858,89.18,7.75,1.0715
2009-11-19,0.60139,0.67281,88.84,7.7501,1.0895
2009-11-20,0.60692,0.67499,89.01,7.75,1.1002
2009-11-23,0.60178,0.66809,88.88,7.7501,1.0831
2009-11-24,0.60331,0.66805,88.56,7.75,1.0858
2009-11-25,0.59875,0.663,87.58,7.75,1.0764
2009-11-26,0.60447,0.66353,86.72,7.7501,1.0906
2009-11-27,0.6094,0.67033,86.61,7.7504,1.1065
2009-11-30,0.60677,0.66565,86.38,7.7502,1.0951
2009-12-01,0.60359,0.66339,86.92,7.75,1.085
2009-12-02,0.59927,0.66269,87.18,7.7501,1.0777
2009-12-03,0.60129,0.66138,88.08,7.75,1.0765
2009-12-04,0.60048,0.66366,88.32,7.7501,1.079
2009-12-07,0.61206,0.67627,90.11,7.7504,1.1004
2009-12-08,0.61392,0.67686,88.49,7.7504,1.0997
2009-12-09,0.61254,0.67714,87.97,7.7506,1.0985
2009-12-10,0.61392,0.67889,88.28,7.7507,1.0912
2009-12-11,0.61337,0.67764,88.86,7.7504,1.0894
2009-12-14,0.61487,0.68273,88.45,7.7516,1.0972
2009-12-15,0.61619,0.68771,89.55,7.7529,1.1036
2009-12-16,0.61089,0.68681,89.7,7.7534,1.1112
2009-12-17,0.62048,0.6972,90.13,7.7572,1.1291
2009-12-18,0.61868,0.6975,90.45,7.7567,1.1269
2009-12-21,0.62068,0.69599,90.55,7.7537,1.1283
2009-12-22,0.62543,0.70033,91.62,7.7557,1.1387
2009-12-23,0.62672,0.70048,91.73,7.7541,1.1397
2009-12-24,0.62564,0.69454,91.49,7.7542,1.1317
2009-12-25,0.625675,0.694455,91.5025,7.75445,1.1303
2009-12-28,0.62578,0.6942,91.54,7.7552,1.1261
2009-12-29,0.62544,0.69286,91.76,7.7557,1.1134
2009-12-30,0.63049,0.69745,92.31,7.7547,1.1184
2009-12-31,0.61648,0.69416,92.43,7.7543,1.1112
2010-01-01,0.617235,0.694365,92.53750000000001,7.754849999999999,1.1094
2010-01-04,0.6195,0.69498,92.86,7.7565,1.104
2010-01-05,0.62349,0.69242,91.77,7.7563,1.0919
2010-01-06,0.6262,0.69686,92.47,7.7554,1.0925
2010-01-07,0.62891,0.69911,93.33,7.7552,1.0914
2010-01-08,0.62594,0.70062,93.44,7.7558,1.0937
2010-01-11,0.61874,0.68833,92.39,7.7551,1.0733
2010-01-12,0.61957,0.69056,91.44,7.7551,1.082
2010-01-13,0.6143,0.68667,91.34,7.7549,1.0801
2010-01-14,0.61473,0.69032,91.73,7.7569,1.0763
2010-01-15,0.61295,0.6957,90.97,7.7596,1.0816
2010-01-18,0.61208,0.69594,90.7,7.7618,1.0795
2010-01-19,0.6123,0.70033,90.9,7.7629,1.0884
2010-01-20,0.61506,0.70761,91.03,7.7663,1.0945
2010-01-21,0.6186,0.71104,91.82,7.7691,1.0995
2010-01-22,0.61995,0.70746,90.1,7.7712,1.1078
2010-01-25,0.61996,0.70666,90.27,7.7683,1.1049
2010-01-26,0.62002,0.70998,89.68,7.7738,1.1142
2010-01-27,0.61629,0.71063,89.5,7.7759,1.1126
2010-01-28,0.61547,0.71434,90.26,7.7688,1.1099
2010-01-29,0.62047,0.71602,90.33,7.7667,1.1198
2010-02-01,0.6288,0.71875,90.28,7.7673,1.1319
2010-02-02,0.62693,0.71751,90.55,7.768,1.1347
2010-02-03,0.62657,0.7151,90.62,7.7646,1.1269
2010-02-04,0.63053,0.72218,90.76,7.7694,1.1357
2010-02-05,0.63783,0.73041,89.47,7.7712,1.1556
2010-02-08,0.64066,0.73126,89.27,7.7706,1.1528
2010-02-09,0.63983,0.72674,89.68,7.7693,1.1431
2010-02-10,0.64032,0.7278,89.53,7.7705,1.1426
2010-02-11,0.63967,0.72897,89.69,7.7701,1.126
2010-02-12,0.64036,0.73681,90.13,7.7707,1.1322
2010-02-15,0.63761,0.73492,89.97,7.7707,1.1247
2010-02-16,0.63778,0.73265,89.88,7.7707,1.1158
2010-02-17,0.63311,0.72854,90.84,7.7688,1.1067
2010-02-18,0.64156,0.73708,90.88,7.7662,1.1141
2010-02-19,0.64968,0.7397,91.85,7.7668,1.1222
2010-02-22,0.6456,0.73389,91.28,7.7638,1.1091
2010-02-23,0.6483,0.73654,90.73,7.7618,1.11
2010-02-24,0.64774,0.73817,90.17,7.7644,1.1214
2010-02-25,0.65305,0.74134,89.45,7.7639,1.1258
2010-02-26,0.65785,0.73692,89.11,7.7624,1.1231
2010-03-01,0.67039,0.73937,89.22,7.7639,1.1168
2010-03-02,0.66899,0.73812,89.08,7.7635,1.1067
2010-03-03,0.66395,0.73308,88.78,7.7627,1.1081
2010-03-04,0.66213,0.73164,88.43,7.763,1.1084
2010-03-05,0.66448,0.73627,89.44,7.7631,1.1076
2010-03-08,0.66052,0.73196,90.38,7.7588,1.0957
2010-03-09,0.66858,0.73763,89.78,7.7604,1.1019
2010-03-10,0.66965,0.73475,90.49,7.7594,1.0915
2010-03-11,0.6653,0.73223,90.68,7.7597,1.0922
2010-03-12,0.65986,0.72648,90.5,7.7579,1.0891
2010-03-15,0.66436,0.72966,90.7,7.7591,1.0961
2010-03-16,0.66086,0.7287,90.52,7.7602,1.0934
2010-03-17,0.6515,0.72696,90.46,7.7616,1.083
2010-03-18,0.65447,0.73206,90.29,7.7606,1.085
2010-03-19,0.66025,0.73812,90.68,7.7597,1.087
2010-03-22,0.66736,0.74234,90.01,7.7613,1.0998
2010-03-23,0.6661,0.7397,90.36,7.7622,1.0905
2010-03-24,0.67072,0.74974,91.93,7.7616,1.0987
2010-03-25,0.66966,0.74873,92.42,7.7615,1.0946
2010-03-26,0.67431,0.7489,92.86,7.7625,1.1067
2010-03-29,0.66766,0.74234,92.61,7.7645,1.0938
2010-03-30,0.66259,0.74173,92.57,7.7646,1.0866
2010-03-31,0.66014,0.74189,93.43,7.7642,1.0936
2010-04-01,0.657,0.7425,93.76,7.7669,1.0904
2010-04-02,0.65734,0.743298,93.82600000000001,7.76668,1.08912
2010-04-05,0.65836,0.745692,94.024,7.766019999999999,1.08528
2010-04-06,0.6587,0.74649,94.09,7.7658,1.084
2010-04-07,0.65881,0.74963,93.73,7.7637,1.0802
2010-04-08,0.65809,0.75211,93.08,7.7603,1.0826
2010-04-09,0.65152,0.74716,93.65,7.7584,1.0743
2010-04-12,0.64961,0.73611,93.48,7.7583,1.0773
2010-04-13,0.64875,0.73621,93.01,7.7607,1.0783
2010-04-14,0.64737,0.73448,93.59,7.7609,1.0711
2010-04-15,0.64778,0.73833,93.16,7.7613,1.0715
2010-04-16,0.64802,0.73883,92.57,7.7622,1.0727
2010-04-19,0.65552,0.74449,91.94,7.7628,1.0888
2010-04-20,0.64993,0.74151,92.93,7.7627,1.0736
2010-04-21,0.64982,0.74778,93.21,7.763,1.0758
2010-04-22,0.64979,0.74968,92.98,7.7618,1.0788
2010-04-23,0.65157,0.75126,93.99,7.7625,1.0866
2010-04-26,0.6474,0.75069,94.18,7.7638,1.0762
2010-04-27,0.65241,0.75245,93.83,7.7636,1.0831
2010-04-28,0.65746,0.755,93.98,7.7677,1.0829
2010-04-29,0.65468,0.75438,94.12,7.7652,1.0766
2010-04-30,0.65362,0.75103,94.49,7.7632,1.0734
2010-05-03,0.65569,0.7554,94.39,7.763,1.0794
2010-05-04,0.65952,0.764,94.48,7.7641,1.092
2010-05-05,0.66164,0.77375,94.91,7.7665,1.1026
2010-05-06,0.66233,0.78573,93.77,7.7715,1.1059
2010-05-07,0.68104,0.78456,92.45,7.7797,1.1255
2010-05-10,0.66624,0.77107,93.28,7.779,1.1035
2010-05-11,0.67696,0.78753,92.44,7.7814,1.1183
2010-05-12,0.66956,0.78827,93.06,7.781,1.1149
2010-05-13,0.67768,0.79447,92.95,7.7818,1.1127
2010-05-14,0.68612,0.80051,92.5,7.7829,1.1219
2010-05-17,0.69269,0.80978,92.45,7.8001,1.1372
2010-05-18,0.69114,0.80463,92.79,7.7951,1.1408
2010-05-19,0.69931,0.815,91.68,7.8015,1.1798
2010-05-20,0.70083,0.81077,90.75,7.8023,1.2097
2010-05-21,0.69645,0.80019,89.69,7.8056,1.2111
2010-05-24,0.69644,0.80906,90.32,7.8011,1.2078
2010-05-25,0.69709,0.81813,89.61,7.8025,1.231
2010-05-26,0.69437,0.81241,90.46,7.7977,1.2007
2010-05-27,0.69053,0.81599,90.4,7.7876,1.193
2010-05-28,0.68633,0.80749,91.3,7.7899,1.1736
2010-05-31,0.68955,0.81255,91.51,7.7927,1.1844
2010-06-01,0.68671,0.82271,91.03,7.7927,1.2007
2010-06-02,0.68215,0.81846,91.96,7.7932,1.1983
2010-06-03,0.6812,0.81513,92.71,7.7915,1.1794
2010-06-04,0.68611,0.82919,92.65,7.793,1.191
2010-06-07,0.68952,0.83619,91.86,7.8037,1.2214
2010-06-08,0.69339,0.83738,91.54,7.8046,1.2208
2010-06-09,0.68768,0.83264,91.58,7.8002,1.2053
2010-06-10,0.6851,0.83022,91.19,7.7937,1.188
2010-06-11,0.68385,0.82461,91.64,7.7937,1.1793
2010-06-14,0.67826,0.81639,91.79,7.7925,1.1608
2010-06-15,0.67874,0.81579,91.18,7.7908,1.1667
2010-06-16,0.67675,0.81453,91.35,7.7916,1.1616
2010-06-17,0.67532,0.80887,91.31,7.7893,1.1551
2010-06-18,0.67548,0.80828,90.62,7.7844,1.1517
2010-06-21,0.67315,0.80704,91.28,7.7714,1.1324
2010-06-22,0.68037,0.81579,90.63,7.781,1.1431
2010-06-23,0.67061,0.81493,90.26,7.7781,1.146
2010-06-24,0.66751,0.81553,89.37,7.7792,1.1563
2010-06-25,0.66992,0.8134,89.47,7.7787,1.1566
2010-06-28,0.66456,0.81044,89.35,7.7827,1.1443
2010-06-29,0.66437,0.81981,88.79,7.7847,1.1682
2010-06-30,0.66616,0.81493,88.66,7.7866,1.1737
2010-07-01,0.6669,0.81116,87.72,7.7919,1.1967
2010-07-02,0.65763,0.79694,87.57,7.7936,1.1846
2010-07-05,0.66036,0.79802,87.73,7.7892,1.1903
2010-07-06,0.65943,0.79498,87.81,7.7891,1.1756
2010-07-07,0.66197,0.79573,87.18,7.7913,1.1794
2010-07-08,0.66003,0.78989,88.06,7.7882,1.143
2010-07-09,0.66155,0.79133,88.51,7.7774,1.1436
2010-07-12,0.66521,0.79542,88.57,7.7751,1.1452
2010-07-13,0.66179,0.79561,88.27,7.7743,1.1406
2010-07-14,0.65677,0.78722,88.55,7.7733,1.134
2010-07-15,0.65143,0.77954,88.17,7.7696,1.1307
2010-07-16,0.65027,0.76923,86.57,7.7739,1.1394
2010-07-19,0.6547,0.77178,87.09,7.7766,1.1533
2010-07-20,0.6598,0.77857,86.81,7.7758,1.1459
2010-07-21,0.65495,0.78021,87.01,7.7745,1.1303
2010-07-22,0.65588,0.77821,86.82,7.7735,1.1265
2010-07-23,0.64914,0.77537,87.21,7.7692,1.1186
2010-07-26,0.64516,0.77334,86.85,7.7684,1.1155
2010-07-27,0.64314,0.76728,87.31,7.766,1.105
2010-07-28,0.6419,0.7697,87.75,7.7664,1.1175
2010-07-29,0.64022,0.76517,86.95,7.7663,1.1095
2010-07-30,0.64085,0.76758,86.44,7.7663,1.1104
2010-08-02,0.63184,0.76494,86.64,7.764,1.0975
2010-08-03,0.62764,0.75637,85.86,7.7624,1.0974
2010-08-04,0.62729,0.75723,85.51,7.7636,1.0953
2010-08-05,0.62902,0.7585,86.21,7.764,1.0944
2010-08-06,0.63001,0.75896,85.87,7.7624,1.0896
2010-08-09,0.62658,0.75455,85.63,7.7625,1.0883
2010-08-10,0.63596,0.76144,86.22,7.7636,1.1017
2010-08-11,0.63599,0.76829,84.94,7.7655,1.1064
2010-08-12,0.64159,0.78186,85.61,7.7673,1.1197
2010-08-13,0.64161,0.78131,85.77,7.7715,1.1157
2010-08-16,0.64048,0.78003,85.41,7.7724,1.1216
2010-08-17,0.63997,0.7776,85.27,7.7698,1.1082
2010-08-18,0.63921,0.7764,85.35,7.7707,1.108
2010-08-19,0.63926,0.77906,85.56,7.771,1.1108
2010-08-20,0.6444,0.78672,85.39,7.7746,1.1261
2010-08-23,0.64303,0.78715,85.19,7.7746,1.1163
2010-08-24,0.64967,0.79296,84.2,7.7762,1.134
2010-08-25,0.64893,0.79283,84.43,7.7775,1.1376
2010-08-26,0.64402,0.78784,84.42,7.7777,1.128
2010-08-27,0.64548,0.7866,84.75,7.7795,1.1266
2010-08-30,0.64291,0.7874,84.68,7.78,1.115
2010-08-31,0.65047,0.78864,84.44,7.7802,1.1281
2010-09-01,0.64926,0.78125,84.02,7.7767,1.1048
2010-09-02,0.64967,0.78015,84.11,7.7718,1.0999
2010-09-03,0.64921,0.77918,84.45,7.7719,1.0982
2010-09-06,0.65112,0.77676,84.22,7.7674,1.0899
2010-09-07,0.65254,0.78468,83.85,7.7677,1.0971
2010-09-08,0.64744,0.78759,83.81,7.7717,1.0904
2010-09-09,0.64947,0.78647,83.73,7.7695,1.0814
2010-09-10,0.64707,0.78585,83.96,7.7677,1.0797
2010-09-13,0.64932,0.78119,84.13,7.7675,1.0727
2010-09-14,0.64926,0.77821,83.3,7.7673,1.0707
2010-09-15,0.64324,0.76988,85.49,7.7672,1.0673
2010-09-16,0.64016,0.76464,85.59,7.7676,1.0673
2010-09-17,0.63993,0.7657,85.74,7.7661,1.0632
2010-09-20,0.6412,0.76488,85.72,7.7656,1.0575
2010-09-21,0.6444,0.7622,85.4,7.7622,1.0558
2010-09-22,0.64,0.74828,84.66,7.7607,1.0463
2010-09-23,0.63837,0.75058,84.43,7.7592,1.0552
2010-09-24,0.63633,0.7456,84.4,7.7575,1.0473
2010-09-27,0.631,0.742,84.23,7.7576,1.0407
2010-09-28,0.63139,0.74294,84.12,7.7585,1.041
2010-09-29,0.63316,0.7347,83.65,7.7589,1.0285
2010-09-30,0.63009,0.73271,83.29,7.7607,1.0309
2010-10-01,0.63209,0.72854,83.24,7.7598,1.0283
2010-10-04,0.63159,0.72966,83.25,7.7588,1.0327
2010-10-05,0.62896,0.72569,83.31,7.7566,1.0405
2010-10-06,0.62976,0.72171,82.98,7.7563,1.0263
2010-10-07,0.62609,0.71582,82.39,7.7547,1.0116
2010-10-08,0.63075,0.72077,82.32,7.7585,1.0272
2010-10-11,0.62758,0.71757,81.97,7.7591,1.0156
2010-10-12,0.63153,0.72291,81.94,7.7604,1.0176
2010-10-13,0.63132,0.71644,81.84,7.7602,1.0122
2010-10-14,0.6235,0.70917,81.15,7.7597,1.0031
2010-10-15,0.62283,0.70977,81.11,7.7578,1.0038
2010-10-18,0.62946,0.71963,81.32,7.7585,1.0137
2010-10-19,0.6354,0.72155,81.65,7.7589,1.0216
2010-10-20,0.63632,0.72145,81.23,7.7631,1.0209
2010-10-21,0.63513,0.71347,81.09,7.7635,1.0137
2010-10-22,0.63679,0.71767,81.23,7.7654,1.0189
2010-10-25,0.63613,0.71271,80.69,7.7605,1.0054
2010-10-26,0.63028,0.7188,81.3,7.7577,1.0141
2010-10-27,0.632,0.72448,81.71,7.7589,1.0283
2010-10-28,0.62813,0.72166,81.24,7.7579,1.0217
2010-10-29,0.62683,0.72166,80.73,7.7554,1.0259
2010-11-01,0.6224,0.71808,80.38,7.7522,1.0121
2010-11-02,0.62413,0.71337,80.74,7.7515,1.0002
2010-11-03,0.62102,0.71357,81.11,7.7511,1.0031
2010-11-04,0.61489,0.70205,80.84,7.7509,0.9868
2010-11-05,0.61623,0.71003,81.23,7.7513,0.98445
2010-11-08,0.61989,0.71855,81.11,7.7517,0.98944
2010-11-09,0.61839,0.7171,80.63,7.7514,0.9843
2010-11-10,0.62226,0.72622,82.41,7.7516,0.99971
2010-11-11,0.61978,0.72993,82.32,7.7517,0.99869
2010-11-12,0.62045,0.72934,82.12,7.7514,1.009
2010-11-15,0.62227,0.73389,83.16,7.7525,1.0144
2010-11-16,0.62518,0.73465,83.17,7.7539,1.0192
2010-11-17,0.62974,0.74178,83.45,7.7565,1.0237
2010-11-18,0.62446,0.73276,83.33,7.7538,1.0121
2010-11-19,0.62542,0.73131,83.44,7.7542,1.0167
2010-11-22,0.62644,0.73276,83.51,7.7553,1.0125
2010-11-23,0.6283,0.74096,83.36,7.7587,1.0217
2010-11-24,0.63258,0.74968,83.42,7.7581,1.022
2010-11-25,0.63543,0.75069,83.59,7.7599,1.0206
2010-11-26,0.63871,0.75614,83.87,7.7634,1.0371
2010-11-29,0.64202,0.76069,84.23,7.7633,1.0393
2010-11-30,0.64445,0.76935,83.86,7.7688,1.0459
2010-12-01,0.63995,0.76249,84.16,7.767,1.0381
2010-12-02,0.64196,0.76017,84.36,7.7685,1.0349
2010-12-03,0.64019,0.75494,83.69,7.7643,1.0198
2010-12-06,0.63795,0.75301,82.88,7.7645,1.0131
2010-12-07,0.63362,0.74833,82.64,7.7632,1.0042
2010-12-08,0.63386,0.75758,84.15,7.7693,1.0212
2010-12-09,0.63433,0.75677,84.02,7.7694,1.0165
2010-12-10,0.6321,0.75506,83.66,7.7745,1.0117
2010-12-13,0.63598,0.75375,84.08,7.7768,1.0093
2010-12-14,0.63167,0.74432,83.09,7.7738,0.99985
2010-12-15,0.6384,0.7485,83.74,7.7753,1.0057
2010-12-16,0.64054,0.7554,84.06,7.776,1.0102
2010-12-17,0.64242,0.75415,83.91,7.7771,1.0127
2010-12-20,0.64364,0.76063,83.75,7.778,1.0065
2010-12-21,0.64637,0.76017,83.62,7.7738,1.0021
2010-12-22,0.64765,0.76266,83.65,7.7776,1.0024
2010-12-23,0.64927,0.76546,83.4,7.7793,0.99885
2010-12-24,0.6486,0.76342,82.93,7.7802,0.99641
2010-12-27,0.64883,0.76127,82.89,7.781,0.99825
2010-12-28,0.6468,0.75786,82.0,7.7807,0.9881
2010-12-29,0.65005,0.76127,82.21,7.782,0.98774
2010-12-30,0.64774,0.75301,81.51,7.7824,0.98486
2010-12-31,0.64418,0.74839,81.31,7.7725,0.98309
2011-01-03,0.64527,0.74918,81.44,7.7699,0.9803
2011-01-04,0.63986,0.7451,82.11,7.7679,0.99084
2011-01-05,0.64202,0.75683,82.28,7.772,1.0002
2011-01-06,0.6451,0.76388,83.2,7.7746,1.0036
2011-01-07,0.64679,0.77155,83.55,7.7724,1.0076
2011-01-10,0.64466,0.77501,83.06,7.7765,1.0104
2011-01-11,0.64249,0.77232,83.11,7.7774,1.0144
2011-01-12,0.64099,0.77083,83.38,7.7745,1.0096
2011-01-13,0.63319,0.75763,82.96,7.7743,1.0003
2011-01-14,0.63091,0.74912,82.94,7.7756,1.0134
2011-01-17,0.62813,0.75126,82.57,7.7768,1.0045
2011-01-18,0.62497,0.74789,82.48,7.7765,1.0034
2011-01-19,0.62439,0.74041,82.07,7.7777,0.994
2011-01-20,0.62619,0.74228,82.34,7.7828,1.0082
2011-01-21,0.62736,0.73959,82.74,7.788,1.0107
2011-01-24,0.62751,0.73687,82.87,7.7968,1.0088
2011-01-25,0.63401,0.73551,82.44,7.794,1.0094
2011-01-26,0.63098,0.73094,82.21,7.7853,1.0032
2011-01-27,0.62668,0.72908,83.04,7.7902,1.0094
2011-01-28,0.62794,0.72939,82.25,7.7882,1.003
2011-01-31,0.62876,0.73035,82.16,7.7974,1.0052
2011-02-01,0.62057,0.72701,81.56,7.7921,0.99215
2011-02-02,0.61718,0.72448,81.4,7.7874,0.9908
2011-02-03,0.61742,0.72754,81.82,7.7839,0.98814
2011-02-04,0.62152,0.73362,81.74,7.7855,0.98349
2011-02-07,0.61994,0.73784,82.28,7.7851,0.98539
2011-02-08,0.62237,0.73341,82.21,7.7812,0.98695
2011-02-09,0.62285,0.73276,82.55,7.7874,0.98996
2011-02-10,0.6232,0.73508,82.85,7.7879,0.99669
2011-02-11,0.62533,0.73943,83.56,7.7944,1.0015
2011-02-14,0.625,0.74405,83.44,7.7928,0.99926
2011-02-15,0.61991,0.74019,83.8,7.7929,0.99948
2011-02-16,0.62317,0.74019,83.73,7.7904,0.99978
2011-02-17,0.62013,0.73746,83.62,7.7888,0.99543
2011-02-18,0.61606,0.73384,83.38,7.7846,0.98914
2011-02-21,0.6164,0.73164,83.17,7.7838,0.98924
2011-02-22,0.61889,0.73169,83.14,7.7902,0.99766
2011-02-23,0.61605,0.72828,82.8,7.7932,0.99709
2011-02-24,0.61809,0.72606,81.82,7.7957,0.99339
2011-02-25,0.62149,0.72664,81.76,7.7934,0.98656
2011-02-28,0.61645,0.72286,81.87,7.7903,0.98316
2011-03-01,0.61439,0.72333,82.02,7.7879,0.9817
2011-03-02,0.61395,0.72417,82.07,7.7909,0.98624
2011-03-03,0.61466,0.72202,81.9,7.7898,0.9826
2011-03-04,0.61478,0.71649,82.85,7.7897,0.98811
2011-03-07,0.61377,0.71286,82.09,7.7874,0.98396
2011-03-08,0.61915,0.71953,82.49,7.7898,0.99137
2011-03-09,0.61674,0.71798,82.67,7.7889,0.98787
2011-03-10,0.61992,0.72375,83.07,7.7904,0.99747
2011-03-11,0.62528,0.72606,82.22,7.7917,0.99964
2011-03-14,0.62081,0.71695,81.85,7.7928,0.99269
2011-03-15,0.62475,0.72025,80.95,7.798,1.0159
2011-03-16,0.62168,0.71679,80.59,7.7959,1.0082
2011-03-17,0.61943,0.71408,78.849,7.8015,1.0151
2011-03-18,0.6184,0.70771,81.16,7.8013,1.0078
2011-03-21,0.61413,0.70452,81.05,7.7982,0.99436
2011-03-22,0.61065,0.70368,81.03,7.7942,0.9879
2011-03-23,0.61538,0.70741,80.94,7.7947,0.9908
2011-03-24,0.6187,0.70781,80.93,7.7946,0.98301
2011-03-25,0.62189,0.70847,81.17,7.7945,0.97818
2011-03-28,0.62589,0.71266,81.66,7.7988,0.97477
2011-03-29,0.62665,0.71093,82.18,7.7964,0.97817
2011-03-30,0.62378,0.70972,83.04,7.7854,0.97005
2011-03-31,0.62202,0.70388,82.78,7.782,0.96685
2011-04-01,0.62336,0.70716,83.84,7.7802,0.96521
2011-04-04,0.61864,0.70225,83.96,7.7768,0.96362
2011-04-05,0.61616,0.70592,84.29,7.776,0.96922
2011-04-06,0.61364,0.6993,85.19,7.7773,0.96266
2011-04-07,0.61325,0.70013,85.21,7.7721,0.95316
2011-04-08,0.61173,0.6944,85.27,7.7695,0.95042
2011-04-11,0.61217,0.69281,84.7,7.7702,0.94915
2011-04-12,0.61399,0.69109,84.22,7.7737,0.95252
2011-04-13,0.61395,0.68999,84.07,7.7757,0.95315
2011-04-14,0.6128,0.6944,83.22,7.7772,0.9525
2011-04-15,0.61163,0.69204,83.3,7.7745,0.95017
2011-04-18,0.61471,0.70053,82.84,7.7777,0.95096
2011-04-19,0.6139,0.6992,82.67,7.7779,0.95245
2011-04-20,0.61089,0.68894,82.76,7.7742,0.93772
2011-04-21,0.60429,0.68568,81.95,7.7697,0.92992
2011-04-22,0.604818,0.6853699999999999,81.902,7.77018,0.929898
2011-04-25,0.606402,0.68444,81.758,7.77162,0.929832
2011-04-26,0.60693,0.68413,81.71,7.7721,0.92981
2011-04-27,0.60431,0.68176,82.26,7.7716,0.92467
2011-04-28,0.60078,0.67595,81.77,7.7707,0.91835
2011-04-29,0.60007,0.67295,81.2,7.7676,0.91252
2011-05-02,0.59931,0.67399,81.45,7.766,0.91346
2011-05-03,0.60687,0.67659,80.76,7.7682,0.92043
2011-05-04,0.60469,0.67195,81.05,7.7693,0.92239
2011-05-05,0.60662,0.67504,79.789,7.7728,0.93715
2011-05-06,0.60954,0.68961,80.34,7.7709,0.93656
2011-05-09,0.61072,0.69459,80.77,7.7725,0.92999
2011-05-10,0.61144,0.69648,80.6,7.7723,0.92596
2011-05-11,0.6065,0.69652,81.12,7.7718,0.92324
2011-05-12,0.61482,0.70656,80.93,7.773,0.94192
2011-05-13,0.61481,0.70028,80.76,7.7716,0.9362
2011-05-16,0.61691,0.70706,80.85,7.7768,0.94683
2011-05-17,0.61598,0.70567,81.64,7.7749,0.9451
2011-05-18,0.619,0.70289,81.15,7.7749,0.94475
2011-05-19,0.61781,0.70102,81.9,7.773,0.93845
2011-05-20,0.61604,0.7024,81.67,7.7729,0.93868
2011-05-23,0.62036,0.71327,81.8,7.7766,0.95093
2011-05-24,0.61953,0.70977,81.94,7.7765,0.94599
2011-05-25,0.61639,0.71078,82.07,7.7812,0.95238
2011-05-26,0.613,0.70582,81.84,7.7828,0.94459
2011-05-27,0.60768,0.70102,81.11,7.7814,0.93558
2011-05-30,0.60755,0.70067,80.83,7.7793,0.9354
2011-05-31,0.60622,0.69517,81.49,7.7773,0.93876
2011-06-01,0.60872,0.69406,81.28,7.7774,0.93073
2011-06-02,0.61062,0.69156,80.64,7.78,0.93797
2011-06-03,0.61258,0.69023,80.68,7.7784,0.93816
2011-06-06,0.60996,0.68512,80.19,7.7786,0.93156
2011-06-07,0.6091,0.6825,80.23,7.7789,0.93482
2011-06-08,0.61124,0.68456,79.819,7.7808,0.94304
2011-06-09,0.60859,0.68428,79.964,7.7808,0.94368
2011-06-10,0.61328,0.69032,80.08,7.7828,0.94187
2011-06-13,0.61349,0.69667,80.39,7.7847,0.94636
2011-06-14,0.60977,0.69214,80.23,7.7835,0.93944
2011-06-15,0.61552,0.69969,80.84,7.788,0.93668
2011-06-16,0.62131,0.70982,80.66,7.7994,0.95287
2011-06-17,0.6185,0.70077,80.39,7.7958,0.94184
2011-06-20,0.61784,0.70249,80.25,7.7939,0.95033
2011-06-21,0.61692,0.69575,80.15,7.7894,0.94399
2011-06-22,0.62034,0.69459,80.13,7.7903,0.94374
2011-06-23,0.62595,0.70363,80.62,7.7908,0.95159
2011-06-24,0.62486,0.70323,80.21,7.7895,0.94747
2011-06-27,0.62633,0.70398,80.77,7.7875,0.95776
2011-06-28,0.62702,0.70121,80.86,7.7864,0.95575
2011-06-29,0.62378,0.69324,81.06,7.7827,0.94177
2011-06-30,0.62447,0.6919,80.43,7.7821,0.93302
2011-07-01,0.62465,0.69023,80.7,7.7823,0.93339
2011-07-04,0.62172,0.68966,80.77,7.7812,0.93248
2011-07-05,0.62126,0.69152,81.07,7.782,0.93534
2011-07-06,0.62498,0.69842,81.04,7.7829,0.93728
2011-07-07,0.62617,0.7019,81.17,7.7829,0.93178
2011-07-08,0.62716,0.70215,81.44,7.7815,0.92901
2011-07-11,0.62657,0.71144,80.51,7.7849,0.93682
2011-07-12,0.63159,0.71556,79.678,7.7936,0.9434
2011-07-13,0.62695,0.71058,79.336,7.7903,0.93711
2011-07-14,0.6203,0.70413,79.031,7.7885,0.92959
2011-07-15,0.62032,0.70691,79.153,7.7931,0.93765
2011-07-18,0.62168,0.712,79.103,7.7955,0.94247
2011-07-19,0.62069,0.70621,78.934,7.7957,0.93736
2011-07-20,0.61987,0.70388,78.87,7.7922,0.93039
2011-07-21,0.61785,0.70314,78.815,7.793,0.93137
2011-07-22,0.61337,0.69488,78.403,7.7918,0.9196
2011-07-25,0.6137,0.69541,78.206,7.7914,0.92135
2011-07-26,0.60974,0.69104,78.101,7.7893,0.91224
2011-07-27,0.61131,0.69223,77.849,7.7911,0.90593
2011-07-28,0.61283,0.70126,77.742,7.7917,0.9068
2011-07-29,0.6135,0.70126,77.553,7.7934,0.91515
2011-08-01,0.61016,0.69372,76.892,7.7912,0.90468
2011-08-02,0.61524,0.70572,77.354,7.7943,0.92272
2011-08-03,0.61017,0.6993,77.049,7.7976,0.93077
2011-08-04,0.61245,0.70279,79.584,7.7998,0.94638
2011-08-05,0.61395,0.70646,78.594,7.8068,0.95641
2011-08-08,0.61097,0.70299,77.884,7.8059,0.9652
2011-08-09,0.61197,0.70092,77.269,7.8083,0.98058
2011-08-10,0.61551,0.69604,76.453,7.8045,0.96687
2011-08-11,0.61918,0.70706,76.568,7.8001,0.98105
2011-08-12,0.61498,0.70175,76.54,7.7964,0.96702
2011-08-15,0.6129,0.69886,76.784,7.7947,0.96093
2011-08-16,0.61177,0.69638,76.685,7.7938,0.96031
2011-08-17,0.6062,0.69075,76.514,7.7918,0.94543
2011-08-18,0.60589,0.69594,76.609,7.7958,0.9572
2011-08-19,0.60455,0.69517,76.469,7.7997,0.95815
2011-08-22,0.60615,0.69382,76.771,7.7993,0.95615
2011-08-23,0.60573,0.69147,76.559,7.7974,0.95222
2011-08-24,0.6077,0.69286,76.568,7.7958,0.95386
2011-08-25,0.61093,0.69329,77.17,7.7958,0.95327
2011-08-26,0.61495,0.69435,76.663,7.7974,0.95313
2011-08-29,0.61062,0.69027,76.655,7.795,0.94202
2011-08-30,0.61356,0.69435,76.76,7.7945,0.93987
2011-08-31,0.61287,0.69204,76.505,7.7939,0.93626
2011-09-01,0.61687,0.70004,77.06,7.785,0.93448
2011-09-02,0.61656,0.70151,76.857,7.7876,0.93497
2011-09-05,0.6195,0.70791,76.851,7.7905,0.94655
2011-09-06,0.6221,0.70927,77.374,7.7938,0.9473
2011-09-07,0.62553,0.71245,77.216,7.7943,0.94201
2011-09-08,0.62425,0.71205,77.193,7.7952,0.94076
2011-09-09,0.62669,0.72375,77.788,7.7946,0.94992
2011-09-12,0.62987,0.73228,77.124,7.802,0.96844
2011-09-13,0.63258,0.73287,76.959,7.8033,0.96841
2011-09-14,0.63333,0.72839,76.83,7.8036,0.97611
2011-09-15,0.6328,0.7249,76.6,7.7921,0.97253
2011-09-16,0.6335,0.72674,76.744,7.7907,0.96701
2011-09-19,0.63639,0.73308,76.695,7.7947,0.97691
2011-09-20,0.63625,0.72939,76.528,7.7935,0.97243
2011-09-21,0.64029,0.73335,76.32,7.7918,0.97961
2011-09-22,0.64935,0.7436,76.286,7.8007,1.0181
2011-09-23,0.64955,0.7446,76.188,7.8004,1.0304
2011-09-26,0.64415,0.74074,76.333,7.7982,1.0218
2011-09-27,0.64055,0.73643,76.464,7.7926,1.0082
2011-09-28,0.63953,0.73362,76.458,7.7948,1.0106
2011-09-29,0.63948,0.73448,76.724,7.7934,1.0183
2011-09-30,0.64182,0.74058,76.864,7.7918,1.0275
2011-10-03,0.64501,0.75036,76.829,7.7888,1.0383
2011-10-04,0.6498,0.75867,76.686,7.7857,1.0609
2011-10-05,0.64707,0.74979,76.666,7.7826,1.0432
2011-10-06,0.65325,0.75364,76.773,7.784,1.0344
2011-10-07,0.64374,0.74438,76.686,7.7843,1.0217
2011-10-10,0.63923,0.73567,76.701,7.7832,1.0064
2011-10-11,0.63952,0.73492,76.622,7.7814,1.0057
2011-10-12,0.63588,0.72643,76.834,7.7803,0.9886
2011-10-13,0.63805,0.72849,76.841,7.7797,0.98609
2011-10-14,0.63359,0.72427,77.077,7.7775,0.97537
2011-10-17,0.63444,0.7259,77.258,7.7761,0.97314
2011-10-18,0.6363,0.73121,76.755,7.7781,0.98633
2011-10-19,0.63274,0.72317,76.793,7.7764,0.96919
2011-10-20,0.63374,0.72427,76.823,7.7795,0.97407
2011-10-21,0.6289,0.72474,76.692,7.7803,0.97123
2011-10-24,0.62724,0.72171,76.104,7.7787,0.96132
2011-10-25,0.62516,0.71849,76.146,7.7766,0.95452
2011-10-26,0.62605,0.71803,75.874,7.7732,0.96381
2011-10-27,0.62423,0.71235,75.787,7.7727,0.93945
2011-10-28,0.62101,0.70621,75.77,7.7666,0.93715
2011-10-31,0.6236,0.71423,78.009,7.7662,0.94458
2011-11-01,0.62754,0.73384,78.212,7.7728,0.97138
2011-11-02,0.62416,0.72417,78.051,7.7705,0.96336
2011-11-03,0.6239,0.72606,77.928,7.7695,0.95949
2011-11-04,0.62532,0.72606,78.088,7.7686,0.96421
2011-11-07,0.62331,0.7277,78.082,7.7705,0.96754
2011-11-08,0.62232,0.72527,77.974,7.7701,0.96744
2011-11-09,0.62631,0.73351,77.723,7.772,0.97777
2011-11-10,0.62673,0.73443,77.6,7.7832,0.98333
2011-11-11,0.62769,0.7326,77.355,7.7828,0.98374
2011-11-14,0.62713,0.73212,77.004,7.7798,0.97745
2011-11-15,0.63069,0.73899,76.973,7.7825,0.98662
2011-11-16,0.63357,0.74162,76.958,7.7821,0.98806
2011-11-17,0.63353,0.74184,76.973,7.7867,0.99429
2011-11-18,0.63203,0.73659,76.65,7.7872,0.99286
2011-11-21,0.63903,0.74305,76.861,7.789,1.0116
2011-11-22,0.6396,0.73883,76.949,7.7906,1.0135
2011-11-23,0.64264,0.74699,77.217,7.7929,1.028
2011-11-24,0.64354,0.74778,77.073,7.7946,1.0242
2011-11-25,0.64695,0.75592,77.549,7.7969,1.0329
2011-11-28,0.64294,0.74918,77.779,7.7943,1.0065
2011-11-29,0.64011,0.74985,77.849,7.7931,0.9997
2011-11-30,0.6378,0.74527,77.508,7.7833,0.98114
2011-12-01,0.63675,0.74118,77.705,7.7726,0.97702
2011-12-02,0.63667,0.74014,77.899,7.7683,0.97217
2011-12-05,0.63923,0.74394,77.972,7.7707,0.97247
2011-12-06,0.6395,0.7466,77.759,7.7718,0.9776
2011-12-07,0.64099,0.74755,77.738,7.7741,0.97503
2011-12-08,0.63594,0.74571,77.345,7.7748,0.97025
2011-12-09,0.63744,0.74716,77.667,7.7793,0.98468
2011-12-12,0.63995,0.75466,77.821,7.7812,0.98891
2011-12-13,0.64202,0.75867,77.839,7.78,0.98748
2011-12-14,0.64573,0.76965,78.073,7.7831,1.0023
2011-12-15,0.64471,0.76811,77.809,7.7825,1.0065
2011-12-16,0.64341,0.76546,77.848,7.7827,0.99969
2011-12-19,0.64407,0.76693,77.859,7.784,1.0036
2011-12-20,0.64005,0.76488,77.926,7.7827,1.0006
2011-12-21,0.63758,0.76605,77.877,7.7814,0.9915
2011-12-22,0.63808,0.76646,78.125,7.7813,0.98705
2011-12-23,0.63805,0.76587,78.065,7.777,0.9843
2011-12-26,0.63784,0.765345,77.90825,7.776925,0.984195
2011-12-27,0.63777,0.76517,77.856,7.7769,0.98416
2011-12-28,0.63806,0.76488,77.643,7.7771,0.9805
2011-12-29,0.64862,0.77586,77.772,7.7726,0.99302
2011-12-30,0.64557,0.77286,77.44,7.768,0.98331
2012-01-02,0.64564,0.7731,76.939,7.7675,0.97889
2012-01-03,0.64169,0.7684,76.733,7.7687,0.9678
2012-01-04,0.64188,0.77232,76.792,7.7684,0.96942
2012-01-05,0.64429,0.7793,76.894,7.7655,0.97343
2012-01-06,0.64684,0.78272,77.145,7.7653,0.97621
2012-01-09,0.64739,0.78567,76.893,7.7649,0.97957
2012-01-10,0.64663,0.78076,76.819,7.7663,0.96651
2012-01-11,0.64939,0.78629,76.954,7.7679,0.97193
2012-01-12,0.65213,0.78518,76.884,7.768,0.966
2012-01-13,0.65242,0.78302,76.783,7.7673,0.96813
2012-01-16,0.65313,0.78933,76.762,7.7687,0.97001
2012-01-17,0.6493,0.78186,76.779,7.7661,0.96005
2012-01-18,0.64987,0.77936,76.791,7.7624,0.96205
2012-01-19,0.6472,0.77453,76.826,7.7613,0.95972
2012-01-20,0.64633,0.77507,77.143,7.762,0.95946
2012-01-23,0.64243,0.76823,76.899,7.7601,0.94738
2012-01-24,0.64185,0.76905,77.59,7.7607,0.95586
2012-01-25,0.64291,0.77268,78.056,7.761,0.95557
2012-01-26,0.6375,0.76075,77.581,7.7569,0.93769
2012-01-27,0.63663,0.76075,76.972,7.7556,0.93769
2012-01-30,0.63753,0.76278,76.682,7.758,0.9479
2012-01-31,0.6338,0.75896,76.374,7.7561,0.93852
2012-02-01,0.63089,0.75901,76.121,7.7553,0.9345
2012-02-02,0.63208,0.76371,76.111,7.7548,0.93524
2012-02-03,0.63237,0.75988,76.216,7.7559,0.93549
2012-02-06,0.63495,0.76675,76.652,7.7546,0.93483
2012-02-07,0.63311,0.7626,76.771,7.7543,0.9274
2012-02-08,0.62901,0.75335,76.925,7.754,0.92293
2012-02-09,0.62963,0.75256,77.235,7.7556,0.92527
2012-02-10,0.63409,0.75821,77.663,7.7566,0.93874
2012-02-13,0.6329,0.75449,77.607,7.7548,0.92998
2012-02-14,0.63608,0.75936,78.1,7.7536,0.93386
2012-02-15,0.63764,0.76383,78.468,7.7539,0.93148
2012-02-16,0.63815,0.7703,78.809,7.7552,0.9373
2012-02-17,0.63158,0.75994,79.33,7.7541,0.9294
2012-02-20,0.63048,0.75381,79.504,7.7546,0.92741
2012-02-21,0.63258,0.75632,79.7,7.7558,0.9367
2012-02-22,0.6381,0.75586,80.29,7.7558,0.94036
2012-02-23,0.63617,0.75188,80.24,7.7557,0.93459
2012-02-24,0.63238,0.7456,80.52,7.7551,0.93319
2012-02-27,0.63116,0.74694,80.53,7.7553,0.93606
2012-02-28,0.63022,0.74327,80.56,7.7547,0.92805
2012-02-29,0.62776,0.74388,80.28,7.7551,0.92345
2012-03-01,0.62718,0.7512,81.09,7.7558,0.92796
2012-03-02,0.63002,0.7566,81.52,7.7588,0.9279
2012-03-05,0.63135,0.75643,81.35,7.7631,0.93449
2012-03-06,0.63297,0.76028,81.09,7.7627,0.94412
2012-03-07,0.63636,0.7622,80.75,7.7636,0.94688
2012-03-08,0.63333,0.75517,81.69,7.7571,0.93951
2012-03-09,0.63373,0.75809,81.82,7.7576,0.94117
2012-03-12,0.63968,0.76225,82.16,7.7585,0.95266
2012-03-13,0.64008,0.76587,82.74,7.7615,0.95305
2012-03-14,0.6365,0.76558,83.57,7.7622,0.95498
2012-03-15,0.63832,0.76587,83.34,7.7624,0.95137
2012-03-16,0.63243,0.76243,83.72,7.7629,0.94549
2012-03-19,0.63,0.76046,83.44,7.7632,0.94692
2012-03-20,0.63055,0.75769,83.71,7.7648,0.95363
2012-03-21,0.63134,0.75614,84.02,7.7648,0.95607
2012-03-22,0.63287,0.75947,83.09,7.7658,0.96423
2012-03-23,0.63155,0.75517,82.39,7.7661,0.96247
2012-03-26,0.62911,0.75324,82.72,7.7686,0.95142
2012-03-27,0.62694,0.75002,82.93,7.7646,0.9511
2012-03-28,0.62908,0.74979,83.03,7.7631,0.96154
2012-03-29,0.62975,0.75347,82.29,7.7643,0.9667
2012-03-30,0.62436,0.74873,82.03,7.7647,0.96107
2012-04-02,0.62396,0.75081,82.55,7.7655,0.96411
2012-04-03,0.62527,0.75103,82.09,7.7646,0.96493
2012-04-04,0.63042,0.76092,82.35,7.7658,0.97284
2012-04-05,0.6307,0.76523,81.93,7.7654,0.9726
2012-04-06,0.6306700000000001,0.7646919999999999,81.784,7.7653799999999995,0.972392
2012-04-09,0.63058,0.763078,81.346,7.76532,0.971768
2012-04-10,0.63055,0.76254,81.2,7.7653,0.97156
2012-04-11,0.62901,0.76156,80.86,7.7647,0.97045
2012-04-12,0.62701,0.76028,81.0,7.7646,0.96138
2012-04-13,0.62732,0.76057,80.99,7.7613,0.96136
2012-04-16,0.63168,0.76781,80.76,7.7597,0.96668
2012-04-17,0.62702,0.7615,80.69,7.7598,0.96436
2012-04-18,0.62564,0.76377,81.45,7.7612,0.96448
2012-04-19,0.62441,0.76418,81.71,7.761,0.96683
2012-04-20,0.62064,0.75804,81.72,7.7616,0.96559
2012-04-23,0.62189,0.76156,81.11,7.7613,0.97243
2012-04-24,0.61956,0.75982,81.2,7.7609,0.97067
2012-04-25,0.62048,0.75723,81.29,7.7592,0.96706
2012-04-26,0.61778,0.75672,80.94,7.7596,0.96375
2012-04-27,0.6163,0.75592,80.69,7.7596,0.95842
2012-04-30,0.61522,0.75677,80.1,7.7589,0.95989
2012-05-01,0.6168199999999999,0.7591650000000001,80.15,7.75855,0.9642200000000001
2012-05-02,0.61842,0.76156,80.2,7.7582,0.96855
2012-05-03,0.61819,0.76202,80.39,7.7591,0.97249
2012-05-04,0.6183,0.7615,80.27,7.7616,0.977
2012-05-07,0.61879,0.76728,79.943,7.7625,0.98151
2012-05-08,0.61916,0.76775,79.854,7.7616,0.98503
2012-05-09,0.62158,0.7722,79.529,7.7629,0.99506
2012-05-10,0.61863,0.77155,79.708,7.7629,0.98766
2012-05-11,0.6206,0.77256,79.944,7.7647,0.99482
2012-05-14,0.62194,0.77742,79.795,7.7657,1.0014
2012-05-15,0.62299,0.77863,79.927,7.766,0.99945
2012-05-16,0.62745,0.78505,80.49,7.7688,1.0059
2012-05-17,0.63145,0.78852,80.25,7.7686,1.0089
2012-05-18,0.63218,0.7861,79.357,7.7653,1.0124
2012-05-21,0.63333,0.78431,79.263,7.7642,1.0172
2012-05-22,0.63338,0.78321,79.879,7.7658,1.0111
2012-05-23,0.63544,0.78995,79.461,7.766,1.0251
2012-05-24,0.63785,0.79637,79.438,7.7639,1.0227
2012-05-25,0.63789,0.79707,79.547,7.763,1.0214
2012-05-28,0.63672,0.7958,79.381,7.7624,1.0138
2012-05-29,0.63835,0.79853,79.566,7.7636,1.0171
2012-05-30,0.64138,0.80399,79.096,7.7626,1.0234
2012-05-31,0.64492,0.80626,78.739,7.7648,1.0268
2012-06-01,0.6533,0.81156,78.112,7.7608,1.0365
2012-06-04,0.65004,0.80405,78.122,7.7603,1.0289
2012-06-05,0.65174,0.80457,78.244,7.7585,1.0268
2012-06-06,0.64581,0.80096,79.151,7.7586,1.0141
2012-06-07,0.642,0.79397,79.46,7.7583,1.0014
2012-06-08,0.64802,0.80205,79.323,7.7577,1.0158
2012-06-11,0.64389,0.79719,79.401,7.7585,1.0046
2012-06-12,0.64349,0.80051,79.571,7.7588,1.0087
2012-06-13,0.64329,0.79783,79.623,7.7582,1.0025
2012-06-14,0.64473,0.79675,79.285,7.7587,1.006
2012-06-15,0.64457,0.7939,78.787,7.7598,0.99746
2012-06-18,0.63877,0.79252,79.054,7.7599,0.99215
2012-06-19,0.63809,0.79246,78.905,7.7592,0.98391
2012-06-20,0.63445,0.78715,78.904,7.7589,0.98048
2012-06-21,0.6369,0.78927,80.08,7.7595,0.98216
2012-06-22,0.64136,0.79751,80.29,7.7606,0.99609
2012-06-25,0.6429,0.80077,79.733,7.7601,0.99936
2012-06-26,0.64096,0.8016,79.335,7.7595,0.99655
2012-06-27,0.64105,0.80141,79.732,7.7588,0.99247
2012-06-28,0.6433,0.80528,79.401,7.7588,0.99509
2012-06-29,0.64083,0.79428,79.531,7.7568,0.98006
2012-07-02,0.63853,0.79409,79.814,7.7564,0.97538
2012-07-03,0.63837,0.79523,79.73,7.7537,0.97527
2012-07-04,0.63949,0.79618,79.841,7.7545,0.97301
2012-07-05,0.64252,0.80476,79.784,7.7547,0.97143
2012-07-06,0.64353,0.80795,79.882,7.7537,0.97423
2012-07-09,0.64557,0.81347,79.566,7.755,0.98284
2012-07-10,0.64477,0.814,79.479,7.7547,0.97802
2012-07-11,0.64286,0.81566,79.233,7.7545,0.97496
2012-07-12,0.64756,0.82115,79.348,7.7565,0.98776
2012-07-13,0.64629,0.82068,79.278,7.7573,0.9835
2012-07-16,0.64417,0.82122,79.042,7.7569,0.98004
2012-07-17,0.64014,0.81427,79.098,7.7561,0.97231
2012-07-18,0.64084,0.81739,78.985,7.7565,0.97
2012-07-19,0.63726,0.81387,78.546,7.7562,0.95833
2012-07-20,0.63799,0.81967,78.574,7.7569,0.96221
2012-07-23,0.6442,0.8261,78.249,7.757,0.97348
2012-07-24,0.64397,0.8272,78.278,7.7571,0.97229
2012-07-25,0.64546,0.82413,78.268,7.7577,0.97181
2012-07-26,0.6385,0.81566,78.132,7.7575,0.96166
2012-07-27,0.63567,0.81189,78.177,7.7571,0.95859
2012-07-30,0.63682,0.81659,78.213,7.7553,0.9528
2012-07-31,0.63819,0.81407,78.175,7.7537,0.95042
2012-08-01,0.64035,0.81314,78.224,7.754,0.95064
2012-08-02,0.64021,0.80998,78.276,7.7557,0.94905
2012-08-03,0.64308,0.81666,78.277,7.7548,0.95133
2012-08-06,0.64222,0.80782,78.35,7.7554,0.94733
2012-08-07,0.63799,0.80412,78.466,7.7543,0.94411
2012-08-08,0.63943,0.81064,78.372,7.7561,0.94877
2012-08-09,0.63987,0.81294,78.473,7.7559,0.94618
2012-08-10,0.64109,0.81553,78.389,7.7574,0.95099
2012-08-13,0.63713,0.81044,78.296,7.7572,0.94732
2012-08-14,0.63633,0.80959,78.643,7.7569,0.94948
2012-08-15,0.6375,0.8146,79.0,7.7572,0.95512
2012-08-16,0.63682,0.8144,79.306,7.7569,0.95366
2012-08-17,0.63642,0.81057,79.412,7.7555,0.95882
2012-08-20,0.63695,0.81301,79.528,7.7571,0.95805
2012-08-21,0.63433,0.80463,79.506,7.757,0.95261
2012-08-22,0.63291,0.80334,79.25,7.7571,0.95807
2012-08-23,0.63026,0.79669,78.617,7.7569,0.95451
2012-08-24,0.63133,0.79955,78.484,7.7567,0.96194
2012-08-27,0.63243,0.79808,78.779,7.7561,0.96217
2012-08-28,0.63333,0.79694,78.57,7.7564,0.96382
2012-08-29,0.63117,0.79713,78.621,7.7566,0.96357
2012-08-30,0.63066,0.79719,78.627,7.7562,0.96795
2012-08-31,0.6306,0.79296,78.471,7.7556,0.96749
2012-09-03,0.62954,0.79567,78.318,7.7565,0.97693
2012-09-04,0.6297,0.79498,78.369,7.7564,0.9752
2012-09-05,0.62836,0.79504,78.446,7.7569,0.98084
2012-09-06,0.62795,0.79126,78.62,7.7566,0.9765
2012-09-07,0.62703,0.78703,78.908,7.7559,0.96639
2012-09-10,0.62594,0.78272,78.256,7.756,0.96658
2012-09-11,0.62391,0.78204,77.97,7.7548,0.96199
2012-09-12,0.62167,0.77543,77.892,7.7548,0.95549
2012-09-13,0.6208,0.77459,77.645,7.7553,0.95716
2012-09-14,0.61661,0.76365,78.076,7.7526,0.94433
2012-09-17,0.61665,0.76418,78.412,7.7521,0.95155
2012-09-18,0.61552,0.76605,78.627,7.7523,0.95963
2012-09-19,0.61737,0.76911,78.742,7.7531,0.95793
2012-09-20,0.6177,0.77196,78.13,7.7524,0.96194
2012-09-21,0.61495,0.76994,78.211,7.7519,0.95203
2012-09-24,0.61691,0.77423,78.035,7.7524,0.96121
2012-09-25,0.61591,0.77328,77.768,7.7533,0.95832
2012-09-26,0.61884,0.77851,77.711,7.754,0.96699
2012-09-27,0.61667,0.77676,77.66,7.7537,0.95961
2012-09-28,0.61721,0.7734,77.626,7.7539,0.9587
2012-10-01,0.61994,0.77658,77.984,7.7541,0.96536
2012-10-02,0.61918,0.7734,78.128,7.7545,0.96914
2012-10-03,0.62062,0.77495,78.348,7.7552,0.97838
2012-10-04,0.62076,0.77214,78.666,7.7548,0.97853
2012-10-05,0.61779,0.76911,78.465,7.753,0.97539
2012-10-08,0.62386,0.77172,78.291,7.754,0.98171
2012-10-09,0.62372,0.77202,78.244,7.7528,0.97761
2012-10-10,0.62452,0.77586,78.315,7.7525,0.97556
2012-10-11,0.62336,0.77411,78.387,7.7526,0.97329
2012-10-12,0.62182,0.77101,78.412,7.7518,0.97564
2012-10-15,0.6225,0.77095,78.714,7.7511,0.9761
2012-10-16,0.62065,0.76652,78.905,7.7507,0.97294
2012-10-17,0.61852,0.7622,78.681,7.7518,0.96723
2012-10-18,0.61892,0.76231,79.288,7.7505,0.96295
2012-10-19,0.62351,0.76717,79.225,7.7506,0.96555
2012-10-22,0.62352,0.76552,79.821,7.7503,0.96892
2012-10-23,0.62564,0.76894,79.846,7.7502,0.97363
2012-10-24,0.62456,0.77268,79.841,7.7503,0.96786
2012-10-25,0.61949,0.76965,80.16,7.7504,0.96283
2012-10-26,0.6207,0.77471,79.912,7.7503,0.96731
2012-10-29,0.62378,0.77531,79.617,7.7503,0.96565
2012-10-30,0.62197,0.77149,79.463,7.7501,0.96351
2012-10-31,0.62068,0.76965,79.874,7.7501,0.96421
2012-11-01,0.619,0.77071,80.02,7.7501,0.9627
2012-11-02,0.62381,0.77821,80.58,7.7501,0.96296
2012-11-05,0.62605,0.78266,80.3,7.7502,0.96564
2012-11-06,0.62574,0.78125,80.16,7.7502,0.95805
2012-11-07,0.62639,0.78456,80.11,7.7505,0.95936
2012-11-08,0.62543,0.78518,79.884,7.7512,0.96027
2012-11-09,0.62805,0.78777,79.124,7.751,0.9651
2012-11-12,0.62976,0.78524,79.411,7.7506,0.95799
2012-11-13,0.62984,0.78765,79.497,7.7504,0.95991
2012-11-14,0.63068,0.78579,80.15,7.7506,0.96
2012-11-15,0.63143,0.78394,81.26,7.7513,0.96817
2012-11-16,0.62962,0.78462,81.16,7.7523,0.96799
2012-11-19,0.62937,0.78358,81.18,7.7519,0.96247
2012-11-20,0.62819,0.7807,81.5,7.7516,0.96268
2012-11-21,0.62765,0.78094,82.38,7.7508,0.96509
2012-11-22,0.62646,0.77561,82.54,7.751,0.96331
2012-11-23,0.62755,0.77465,82.26,7.7503,0.96003
2012-11-26,0.62477,0.77137,82.13,7.7501,0.95773
2012-11-27,0.62349,0.77155,82.14,7.7501,0.95456
2012-11-28,0.62592,0.77574,81.79,7.7502,0.95718
2012-11-29,0.62377,0.76959,82.13,7.75,0.95675
2012-11-30,0.62436,0.77006,82.68,7.7501,0.96057
2012-12-03,0.62197,0.76587,82.22,7.7501,0.95864
2012-12-04,0.62046,0.76383,81.94,7.75,0.95455
2012-12-05,0.62143,0.7654,82.14,7.7501,0.95545
2012-12-06,0.62068,0.76499,82.36,7.75,0.95288
2012-12-07,0.62464,0.77489,82.29,7.7501,0.95451
2012-12-10,0.62212,0.7734,82.16,7.75,0.95267
2012-12-11,0.62141,0.76965,82.44,7.7501,0.9529
2012-12-12,0.61944,0.76687,82.91,7.7501,0.9477
2012-12-13,0.61945,0.7647,83.49,7.7501,0.94754
2012-12-14,0.62037,0.76447,83.75,7.75,0.95016
2012-12-17,0.61702,0.75988,83.88,7.7501,0.94939
2012-12-18,0.61679,0.75884,83.87,7.7501,0.94946
2012-12-19,0.61352,0.75177,84.47,7.7501,0.95226
2012-12-20,0.61498,0.75494,84.19,7.75,0.95365
2012-12-21,0.6164,0.75706,84.03,7.7501,0.95859
2012-12-24,0.61847,0.75654,84.46,7.7506,0.96195
2012-12-25,0.6183299999999999,0.75563,84.92,7.750966666666667,0.9624733333333333
2012-12-26,0.61819,0.75472,85.38,7.751333333333333,0.9629966666666667
2012-12-27,0.61805,0.75381,85.84,7.7517,0.96352
2012-12-28,0.6197,0.75855,86.1,7.7517,0.96276
2012-12-31,0.61854,0.75792,86.11,7.7505,0.96347
2013-01-01,0.61616,0.7559750000000001,86.555,7.75065,0.95817
2013-01-02,0.61378,0.75403,87.0,7.7508,0.95287
2013-01-03,0.6188,0.76324,86.96,7.7513,0.95184
2013-01-04,0.62427,0.76852,88.35,7.7516,0.96019
2013-01-07,0.62252,0.76693,87.8,7.751,0.9526
2013-01-08,0.62242,0.76418,87.54,7.7514,0.95262
2013-01-09,0.62427,0.76593,87.58,7.7517,0.95121
2013-01-10,0.6232,0.7626,88.28,7.7515,0.94586
2013-01-11,0.62016,0.75335,89.03,7.752,0.94629
2013-01-14,0.62304,0.74957,89.27,7.7523,0.94686
2013-01-15,0.62298,0.75036,88.57,7.7529,0.94943
2013-01-16,0.62522,0.75318,88.17,7.7528,0.94848
2013-01-17,0.62395,0.74806,89.26,7.7526,0.94958
2013-01-18,0.62834,0.75053,89.97,7.7526,0.95122
2013-01-21,0.62974,0.75058,89.6,7.7532,0.95061
2013-01-22,0.63051,0.75092,88.74,7.7528,0.94714
2013-01-23,0.63068,0.75019,88.51,7.7533,0.94786
2013-01-24,0.63218,0.74912,89.69,7.7532,0.95415
2013-01-25,0.63212,0.74245,91.11,7.7541,0.95902
2013-01-28,0.6356,0.74383,90.9,7.7577,0.96177
2013-01-29,0.63545,0.74444,90.46,7.7587,0.95734
2013-01-30,0.63385,0.7385,91.24,7.7589,0.95975
2013-01-31,0.63247,0.73801,91.01,7.7569,0.96007
2013-02-01,0.63156,0.73292,92.19,7.7578,0.96247
2013-02-04,0.63599,0.7379,92.7,7.7539,0.95853
2013-02-05,0.63522,0.73872,93.32,7.7539,0.96255
2013-02-06,0.63853,0.73981,93.57,7.7542,0.96982
2013-02-07,0.63665,0.73823,93.67,7.7563,0.96966
2013-02-08,0.63283,0.74772,92.36,7.7556,0.9677
2013-02-11,0.63737,0.74677,93.44,7.755,0.97297
2013-02-12,0.64109,0.74416,94.21,7.7555,0.97537
2013-02-13,0.64243,0.74184,93.43,7.7559,0.96706
2013-02-14,0.64486,0.75036,93.34,7.7551,0.96638
2013-02-15,0.6457,0.75047,93.08,7.7546,0.96773
2013-02-18,0.64552,0.74895,93.8,7.7545,0.96959
2013-02-19,0.64657,0.74912,93.5,7.7547,0.96674
2013-02-20,0.65318,0.74794,93.56,7.7545,0.96941
2013-02-21,0.65539,0.75838,93.17,7.7557,0.9752
2013-02-22,0.65376,0.75838,93.27,7.7565,0.96792
2013-02-25,0.66063,0.75165,93.96,7.7564,0.96941
2013-02-26,0.66017,0.7647,91.92,7.7592,0.97599
2013-02-27,0.65973,0.76353,91.67,7.7578,0.98053
2013-02-28,0.65732,0.76167,92.22,7.7561,0.97563
2013-03-01,0.66515,0.76923,92.72,7.7561,0.98008
2013-03-04,0.66426,0.76882,93.54,7.7557,0.9857
2013-03-05,0.65966,0.76722,93.18,7.7563,0.97706
2013-03-06,0.66314,0.76717,93.48,7.756,0.972
2013-03-07,0.66487,0.76864,94.39,7.7571,0.97502
2013-03-08,0.66539,0.76394,95.87,7.7559,0.97311
2013-03-11,0.67212,0.76959,96.13,7.7572,0.97753
2013-03-12,0.67134,0.76611,95.95,7.7569,0.96782
2013-03-13,0.66852,0.77036,95.98,7.7571,0.96857
2013-03-14,0.66917,0.77298,96.46,7.7584,0.96583
2013-03-15,0.66025,0.76418,95.95,7.7583,0.96355
2013-03-18,0.66223,0.77346,95.04,7.7617,0.96264
2013-03-19,0.66119,0.77256,95.4,7.7607,0.96377
2013-03-20,0.66064,0.7725,95.55,7.7628,0.96323
2013-03-21,0.65968,0.77459,95.24,7.7633,0.95856
2013-03-22,0.65863,0.77232,94.88,7.7631,0.9586
2013-03-25,0.65837,0.7731,94.74,7.7616,0.95524
2013-03-26,0.66014,0.77754,94.28,7.7599,0.9535
2013-03-27,0.66193,0.78321,94.22,7.7627,0.95818
2013-03-28,0.66037,0.78094,94.39,7.7642,0.96119
2013-03-29,0.660212,0.780516,94.17,7.7597,0.960026
2013-04-01,0.659738,0.7792439999999999,93.51,7.7462,0.956534
2013-04-02,0.65958,0.77882,93.29,7.7417,0.95537
2013-04-03,0.66137,0.77954,93.51,7.7623,0.95393
2013-04-04,0.66114,0.78015,95.42,7.7636,0.95881
2013-04-05,0.65598,0.77256,96.18,7.7655,0.9599
2013-04-08,0.65342,0.76787,98.64,7.7637,0.96007
2013-04-09,0.65318,0.76687,98.87,7.7644,0.95468
2013-04-10,0.65322,0.76418,99.11,7.763,0.94979
2013-04-11,0.64944,0.76225,99.39,7.7625,0.94603
2013-04-12,0.65101,0.76617,99.25,7.7615,0.94974
2013-04-15,0.65201,0.76447,97.72,7.7628,0.96117
2013-04-16,0.65268,0.76167,97.78,7.7621,0.96382
2013-04-17,0.65603,0.76167,97.96,7.7626,0.96664
2013-04-18,0.65527,0.76658,98.43,7.763,0.96842
2013-04-19,0.65147,0.76249,99.28,7.7636,0.96775
2013-04-22,0.65682,0.76705,99.72,7.7641,0.97384
2013-04-23,0.65562,0.76982,98.97,7.7644,0.97583
2013-04-24,0.65547,0.76888,99.54,7.7641,0.97332
2013-04-25,0.64664,0.76453,99.14,7.7637,0.96858
2013-04-26,0.6462,0.76929,98.57,7.7638,0.97323
2013-04-29,0.64364,0.7626,97.82,7.7615,0.96629
2013-04-30,0.64588,0.76499,97.42,7.761,0.96764
2013-05-01,0.64384,0.76154,97.62,7.7603,0.9716899999999999
2013-05-02,0.6418,0.75809,97.82,7.7596,0.97574
2013-05-03,0.6429,0.76254,98.06,7.7592,0.97453
2013-05-06,0.64324,0.76295,99.32,7.7596,0.97665
2013-05-07,0.64408,0.76295,99.17,7.7618,0.98482
2013-05-08,0.64477,0.76132,98.89,7.7605,0.98005
2013-05-09,0.64248,0.76092,98.77,7.7596,0.97839
2013-05-10,0.65006,0.76994,101.59,7.7605,0.99923
2013-05-13,0.65066,0.77083,101.76,7.7614,1.0023
2013-05-14,0.65358,0.77059,101.63,7.7619,1.0079
2013-05-15,0.65796,0.77736,102.64,7.7619,1.0117
2013-05-16,0.65593,0.7758,102.52,7.7633,1.0178
2013-05-17,0.65642,0.77706,102.47,7.7637,1.027
2013-05-20,0.6579,0.77803,102.59,7.7621,1.0223
2013-05-21,0.65996,0.77724,102.85,7.7618,1.0218
2013-05-22,0.66215,0.77381,103.12,7.7614,1.0255
2013-05-23,0.66352,0.77592,101.7,7.7626,1.0321
2013-05-24,0.6623,0.77286,101.44,7.7632,1.0316
2013-05-27,0.66126,0.77286,100.93,7.7636,1.036
2013-05-28,0.66108,0.77292,102.01,7.7636,1.0322
2013-05-29,0.66164,0.77208,101.07,7.7638,1.0382
2013-05-30,0.66108,0.77256,101.75,7.7642,1.0424
2013-05-31,0.65635,0.76888,100.32,7.7642,1.0411
2013-06-03,0.65483,0.76876,100.22,7.7636,1.0345
2013-06-04,0.65368,0.76383,100.27,7.7614,1.0341
2013-06-05,0.6513,0.76529,99.59,7.7611,1.0444
2013-06-06,0.64728,0.76231,99.07,7.763,1.0512
2013-06-07,0.64201,0.75415,95.63,7.7623,1.0502
2013-06-10,0.6438,0.75706,98.77,7.7636,1.0586
2013-06-11,0.64334,0.75341,96.89,7.7644,1.0703
2013-06-12,0.63889,0.75318,96.63,7.7649,1.049
2013-06-13,0.638,0.75103,94.15,7.7647,1.0454
2013-06-14,0.64008,0.75171,94.99,7.762,1.0404
2013-06-17,0.63549,0.74979,94.74,7.7597,1.0404
2013-06-18,0.6402,0.74772,95.37,7.7585,1.0566
2013-06-19,0.63837,0.74593,95.06,7.7563,1.0521
2013-06-20,0.64735,0.75758,97.92,7.7557,1.0851
2013-06-21,0.64742,0.75873,97.62,7.7571,1.0847
2013-06-24,0.65043,0.76418,98.23,7.7579,1.0886
2013-06-25,0.64611,0.76138,97.3,7.7567,1.0778
2013-06-26,0.65126,0.76781,97.77,7.7586,1.0775
2013-06-27,0.65462,0.76734,98.17,7.7572,1.0739
2013-06-28,0.65535,0.76453,98.92,7.7582,1.0834
2013-07-01,0.65678,0.76705,99.71,7.7555,1.0884
2013-07-02,0.65906,0.76823,99.93,7.7532,1.0926
2013-07-03,0.6553,0.77166,99.43,7.7541,1.1018
2013-07-04,0.6622,0.77018,99.85,7.7539,1.0967
2013-07-05,0.66797,0.77622,100.11,7.7538,1.0905
2013-07-08,0.67051,0.77821,101.2,7.7558,1.1008
2013-07-09,0.67279,0.77779,101.17,7.7571,1.0908
2013-07-10,0.67135,0.78046,100.24,7.757,1.0876
2013-07-11,0.66153,0.76664,99.38,7.7567,1.0857
2013-07-12,0.66188,0.76722,99.55,7.7571,1.1076
2013-07-15,0.66454,0.76852,100.43,7.7582,1.1051
2013-07-16,0.66268,0.76231,99.37,7.7578,1.0844
2013-07-17,0.65709,0.76127,99.84,7.7575,1.0866
2013-07-18,0.65753,0.76377,100.22,7.7573,1.0914
2013-07-19,0.6553,0.76202,100.34,7.7577,1.0851
2013-07-22,0.65244,0.75953,99.86,7.7581,1.084
2013-07-23,0.65216,0.75873,100.08,7.7576,1.0825
2013-07-24,0.65122,0.75494,100.11,7.7573,1.0842
2013-07-25,0.65422,0.75746,99.84,7.7576,1.0898
2013-07-26,0.64936,0.75415,98.67,7.7566,1.0814
2013-07-29,0.65064,0.75358,97.9,7.7572,1.0824
2013-07-30,0.65293,0.75279,97.85,7.7554,1.1004
2013-07-31,0.658,0.7533,97.93,7.7549,1.1092
2013-08-01,0.65669,0.75552,98.74,7.7558,1.1131
2013-08-02,0.65996,0.7574,99.81,7.7567,1.1238
2013-08-05,0.65192,0.75432,98.53,7.7568,1.1247
2013-08-06,0.65192,0.75301,98.09,7.7562,1.1157
2013-08-07,0.64604,0.7516,97.11,7.7563,1.1182
2013-08-08,0.64521,0.7485,96.32,7.7564,1.1022
2013-08-09,0.6441,0.74778,96.43,7.7555,1.0908
2013-08-12,0.64654,0.75301,96.88,7.7554,1.0916
2013-08-13,0.64676,0.75245,98.02,7.7557,1.0947
2013-08-14,0.64517,0.75512,98.29,7.7554,1.0967
2013-08-15,0.64172,0.75205,98.13,7.7546,1.0924
2013-08-16,0.63962,0.74963,97.47,7.7541,1.09
2013-08-19,0.63916,0.7494,97.96,7.7555,1.0935
2013-08-20,0.63837,0.74671,97.32,7.7545,1.1022
2013-08-21,0.63729,0.74716,97.52,7.7547,1.1066
2013-08-22,0.64178,0.75058,98.66,7.7556,1.1118
2013-08-23,0.64328,0.74878,99.1,7.7558,1.1141
2013-08-26,0.64254,0.74845,98.6,7.7552,1.11
2013-08-27,0.64545,0.74974,97.52,7.7566,1.1154
2013-08-28,0.64674,0.74923,97.48,7.7554,1.122
2013-08-29,0.64443,0.75381,98.25,7.7556,1.1186
2013-08-30,0.64522,0.75557,98.23,7.7542,1.1198
2013-09-02,0.64189,0.75717,99.26,7.7548,1.1115
2013-09-03,0.64326,0.75919,99.44,7.7546,1.1071
2013-09-04,0.64065,0.75924,99.51,7.7553,1.0913
2013-09-05,0.63862,0.75746,99.71,7.7558,1.0946
2013-09-06,0.64192,0.76237,99.65,7.7557,1.0909
2013-09-09,0.63764,0.75792,99.51,7.7553,1.0867
2013-09-10,0.63731,0.75529,100.3,7.7546,1.0767
2013-09-11,0.63416,0.75369,100.21,7.7546,1.0769
2013-09-12,0.63281,0.75245,99.46,7.7543,1.081
2013-09-13,0.63174,0.75216,99.61,7.7541,1.0816
2013-09-16,0.62776,0.74867,98.86,7.754,1.0667
2013-09-17,0.62871,0.74873,99.16,7.7541,1.0691
2013-09-18,0.62597,0.74895,99.0,7.7539,1.0696
2013-09-19,0.62163,0.73828,99.0,7.7536,1.0529
2013-09-20,0.62424,0.73997,99.58,7.7526,1.0622
2013-09-23,0.62271,0.7403,98.9,7.7533,1.0596
2013-09-24,0.62667,0.74223,98.66,7.7534,1.0649
2013-09-25,0.62326,0.74052,98.59,7.754,1.0686
2013-09-26,0.6236,0.7408,98.83,7.7541,1.066
2013-09-27,0.62052,0.73872,98.46,7.7547,1.0742
2013-09-30,0.61907,0.74047,97.58,7.7543,1.0726
2013-10-01,0.61569,0.73779,97.83,7.7551,1.0615
2013-10-02,0.61717,0.73992,97.49,7.7543,1.0698
2013-10-03,0.61748,0.73562,97.7,7.7545,1.0666
2013-10-04,0.62304,0.73567,97.13,7.7544,1.06
2013-10-07,0.62165,0.73681,96.86,7.7546,1.0626
2013-10-08,0.62069,0.73659,97.19,7.7542,1.0545
2013-10-09,0.62627,0.73992,97.34,7.7544,1.058
2013-10-10,0.62674,0.73899,97.82,7.7544,1.0602
2013-10-11,0.62583,0.73714,98.32,7.7543,1.0554
2013-10-14,0.62541,0.73725,98.19,7.7543,1.0552
2013-10-15,0.62725,0.74113,98.49,7.7543,1.05
2013-10-16,0.62377,0.73741,98.36,7.7544,1.0491
2013-10-17,0.62041,0.73196,97.82,7.754,1.0392
2013-10-18,0.61762,0.73078,97.73,7.7535,1.0357
2013-10-21,0.61938,0.73169,98.17,7.7529,1.0345
2013-10-22,0.61986,0.73131,98.38,7.7528,1.0343
2013-10-23,0.61926,0.72717,97.4,7.7529,1.0397
2013-10-24,0.6184,0.72438,97.3,7.7531,1.0398
2013-10-25,0.61835,0.72585,97.37,7.7535,1.043
2013-10-28,0.61912,0.72548,97.69,7.7533,1.0437
2013-10-29,0.62224,0.72632,97.97,7.7534,1.0535
2013-10-30,0.62225,0.72701,98.23,7.7531,1.0521
2013-10-31,0.62327,0.73308,98.23,7.753,1.0522
2013-11-01,0.62669,0.74047,98.41,7.7527,1.0563
2013-11-04,0.62609,0.74041,98.68,7.7521,1.0525
2013-11-05,0.62272,0.74107,98.26,7.7516,1.0491
2013-11-06,0.62166,0.73981,98.64,7.7516,1.0495
2013-11-07,0.6226,0.74822,98.77,7.7516,1.0541
2013-11-08,0.62188,0.74455,97.97,7.7517,1.0567
2013-11-11,0.62573,0.7466,99.19,7.7529,1.0687
2013-11-12,0.62887,0.74449,99.66,7.7531,1.0721
2013-11-13,0.62609,0.74543,99.34,7.7531,1.0741
2013-11-14,0.62306,0.74427,99.93,7.7536,1.0758
2013-11-15,0.62236,0.74294,100.29,7.7536,1.0715
2013-11-18,0.62055,0.73981,100.04,7.7527,1.0637
2013-11-19,0.62102,0.74063,99.9,7.752,1.0621
2013-11-20,0.61924,0.73926,99.95,7.7517,1.0659
2013-11-21,0.6198,0.74228,100.82,7.7519,1.079
2013-11-22,0.61725,0.73975,101.15,7.7528,1.0908
2013-11-25,0.61773,0.73997,101.8,7.7529,1.0918
2013-11-26,0.61881,0.73817,101.38,7.7524,1.097
2013-11-27,0.61345,0.73551,101.82,7.7527,1.0997
2013-11-28,0.61224,0.73573,102.31,7.7527,1.0973
2013-11-29,0.61182,0.7347,102.28,7.7528,1.0972
2013-12-02,0.61026,0.73877,102.81,7.7522,1.0943
2013-12-03,0.60915,0.73649,102.6,7.7524,1.0954
2013-12-04,0.61065,0.73573,102.49,7.7534,1.107
2013-12-05,0.61152,0.73562,102.05,7.7539,1.1062
2013-12-06,0.61181,0.73201,102.21,7.7547,1.1028
2013-12-09,0.61044,0.72876,103.0,7.7537,1.1005
2013-12-10,0.60833,0.72727,102.8,7.7531,1.0937
2013-12-11,0.61034,0.72637,102.58,7.7544,1.0985
2013-12-12,0.60958,0.72595,102.73,7.7534,1.1042
2013-12-13,0.61463,0.72849,103.39,7.7533,1.1186
2013-12-16,0.61255,0.7259,102.98,7.7537,1.1179
2013-12-17,0.61503,0.72733,103.0,7.7529,1.1216
2013-12-18,0.61103,0.72733,103.0,7.7523,1.1226
2013-12-19,0.61089,0.73169,104.3,7.7533,1.1301
2013-12-20,0.61135,0.73233,104.47,7.7547,1.1282
2013-12-23,0.61137,0.72982,103.91,7.7542,1.1181
2013-12-24,0.61095,0.73078,104.25,7.755,1.1203
2013-12-25,0.6091833333333333,0.7284866666666666,104.49333333333334,7.754966666666666,1.1210333333333333
2013-12-26,0.6074166666666667,0.7261933333333334,104.73666666666666,7.754933333333334,1.1217666666666668
2013-12-27,0.60565,0.7239,104.98,7.7549,1.1225
2013-12-30,0.60683,0.72553,105.22,7.7549,1.126
2013-12-31,0.60452,0.72511,104.94,7.7538,1.1183
2014-01-01,0.60545,0.72864,105.12,7.7539,1.1238000000000001
2014-01-02,0.60638,0.73217,105.3,7.754,1.1293
2014-01-03,0.6091,0.73346,104.49,7.7549,1.1116
2014-01-06,0.61042,0.73519,104.6,7.7547,1.118
2014-01-07,0.6093,0.73308,104.41,7.7543,1.1202
2014-01-08,0.60887,0.73562,104.7,7.7546,1.119
2014-01-09,0.60663,0.73465,105.0,7.7545,1.1272
2014-01-10,0.60941,0.736,105.0,7.755,1.1235
2014-01-13,0.60913,0.73239,103.54,7.7547,1.1034
2014-01-14,0.60836,0.73169,103.62,7.7543,1.1114
2014-01-15,0.61017,0.73497,104.26,7.7542,1.1218
2014-01-16,0.61201,0.73546,104.59,7.7547,1.1368
2014-01-17,0.60822,0.73616,104.39,7.7557,1.1377
2014-01-20,0.60902,0.73714,103.97,7.7565,1.1343
2014-01-21,0.60912,0.73932,104.67,7.7569,1.1388
2014-01-22,0.60372,0.73714,104.36,7.7574,1.1272
2014-01-23,0.6025,0.73319,104.11,7.7583,1.1394
2014-01-24,0.60576,0.73062,102.42,7.7631,1.1482
2014-01-27,0.60408,0.73217,102.79,7.7647,1.1435
2014-01-28,0.60286,0.73265,103.02,7.7637,1.1367
2014-01-29,0.60413,0.73486,102.68,7.764,1.1416
2014-01-30,0.6069,0.7367,102.61,7.7664,1.1389
2014-01-31,0.60769,0.73986,102.2,7.7663,1.148
2014-02-03,0.61187,0.74085,102.1,7.824,1.1369
2014-02-04,0.61325,0.7397,101.38,7.7646,1.124
2014-02-05,0.61449,0.73839,101.0,7.7622,1.1204
2014-02-06,0.61412,0.74102,101.47,7.7587,1.1153
2014-02-07,0.61249,0.7367,102.25,7.7746,1.1182
2014-02-10,0.60977,0.73325,102.11,7.7571,1.1189
2014-02-11,0.60745,0.73121,102.37,7.7561,1.1076
2014-02-12,0.60532,0.73676,102.33,7.7561,1.1063
2014-02-13,0.60073,0.73126,101.95,7.756,1.1157
2014-02-14,0.59849,0.72955,101.76,7.7556,1.1072
2014-02-17,0.59774,0.72998,101.91,7.7552,1.1066
2014-02-18,0.59959,0.72828,102.52,7.7557,1.1079
2014-02-19,0.60029,0.72754,101.91,7.7552,1.1071
2014-02-20,0.59974,0.72961,102.08,7.7556,1.114
2014-02-21,0.59957,0.72955,102.5,7.7561,1.115
2014-02-24,0.6004,0.72807,102.43,7.7561,1.1118
2014-02-25,0.59906,0.72706,102.26,7.7588,1.108
2014-02-26,0.5993,0.72854,102.36,7.7588,1.1138
2014-02-27,0.60072,0.73228,101.9,7.7588,1.1194
2014-02-28,0.59817,0.72396,101.81,7.7588,1.1159
2014-03-03,0.5978,0.72632,101.33,7.7588,1.1209
2014-03-04,0.59893,0.72632,101.83,7.7605,1.118
2014-03-05,0.59838,0.72823,102.47,7.761,1.1138
2014-03-06,0.59905,0.72754,102.74,7.7608,1.1035
2014-03-07,0.5963,0.71974,102.94,7.7602,1.0951
2014-03-10,0.60068,0.72041,103.3,7.7612,1.1065
2014-03-11,0.60188,0.72202,103.29,7.7618,1.1069
2014-03-12,0.60193,0.7201,102.74,7.7658,1.1167
2014-03-13,0.59923,0.71726,102.78,7.765,1.1026
2014-03-14,0.6026,0.72025,101.29,7.7655,1.1079
2014-03-17,0.60172,0.71911,101.72,7.7651,1.101
2014-03-18,0.60301,0.71932,101.5,7.7666,1.0973
2014-03-19,0.60145,0.71875,101.57,7.7644,1.0975
2014-03-20,0.60642,0.72664,102.35,7.7638,1.1086
2014-03-21,0.60646,0.72569,102.37,7.762,1.103
2014-03-24,0.60651,0.72601,102.4,7.7585,1.0956
2014-03-25,0.60541,0.72522,102.41,7.7568,1.0928
2014-03-26,0.60445,0.72511,102.42,7.7583,1.0829
2014-03-27,0.60161,0.72685,102.3,7.7577,1.0829
2014-03-28,0.60121,0.7268,102.41,7.7579,1.0819
2014-03-31,0.60067,0.72527,103.29,7.7584,1.0836
2014-04-01,0.60131,0.72516,103.36,7.7571,1.0826
2014-04-02,0.60022,0.7249,103.68,7.7571,1.0805
2014-04-03,0.6025,0.72616,103.93,7.7573,1.0829
2014-04-04,0.60343,0.72993,103.89,7.7577,1.081
2014-04-07,0.60271,0.7287,103.22,7.7554,1.0798
2014-04-08,0.59837,0.72601,102.29,7.7544,1.0716
2014-04-09,0.59718,0.72495,102.02,7.7534,1.0676
2014-04-10,0.59652,0.72114,101.68,7.7531,1.0624
2014-04-11,0.59768,0.72088,101.42,7.7548,1.0649
2014-04-14,0.59839,0.72322,101.88,7.7534,1.0626
2014-04-15,0.59777,0.72448,101.88,7.754,1.0648
2014-04-16,0.5953,0.72254,102.28,7.7543,1.0685
2014-04-17,0.59495,0.72176,102.18,7.7544,1.0698
2014-04-18,0.594726,0.722158,102.254,7.75406,1.06938
2014-04-21,0.594054,0.723352,102.476,7.75304,1.0681200000000002
2014-04-22,0.59383,0.72375,102.55,7.7527,1.0677
2014-04-23,0.59556,0.72286,102.26,7.7528,1.0774
2014-04-24,0.59551,0.72359,102.48,7.7533,1.0793
2014-04-25,0.59493,0.72301,101.98,7.7532,1.0761
2014-04-28,0.59361,0.72145,102.34,7.7527,1.0774
2014-04-29,0.59468,0.72327,102.73,7.7532,1.0788
2014-04-30,0.59422,0.72202,102.58,7.753,1.0792
2014-05-01,0.59339,0.7217100000000001,102.53,7.752750000000001,1.0796000000000001
2014-05-02,0.59256,0.7214,102.48,7.7525,1.08
2014-05-05,0.59315,0.72077,101.95,7.7524,1.0794
2014-05-06,0.58885,0.7171,101.75,7.7521,1.0708
2014-05-07,0.58929,0.71803,101.73,7.7516,1.0705
2014-05-08,0.59005,0.71669,101.73,7.7517,1.0648
2014-05-09,0.59303,0.72564,101.69,7.7517,1.0677
2014-05-12,0.59219,0.72648,101.93,7.7517,1.0668
2014-05-13,0.59399,0.72977,102.35,7.7517,1.0673
2014-05-14,0.59603,0.72892,101.79,7.7517,1.064
2014-05-15,0.59682,0.73212,101.89,7.7518,1.0681
2014-05-16,0.59492,0.73014,101.45,7.7518,1.0684
2014-05-19,0.59395,0.72913,101.2,7.7519,1.0685
2014-05-20,0.59407,0.72982,101.36,7.7525,1.0799
2014-05-21,0.59184,0.73121,101.04,7.7529,1.0836
2014-05-22,0.59292,0.73164,101.67,7.7534,1.0827
2014-05-23,0.5938,0.73368,101.92,7.7519,1.0845
2014-05-26,0.59399,0.73341,101.92,7.7534,1.0826
2014-05-27,0.59466,0.73325,101.93,7.7531,1.0806
2014-05-28,0.59708,0.73486,101.95,7.7526,1.0836
2014-05-29,0.59837,0.73465,101.63,7.7531,1.0761
2014-05-30,0.59756,0.73492,101.68,7.7527,1.0755
2014-06-02,0.59724,0.7347,102.08,7.7537,1.081
2014-06-03,0.59707,0.73287,102.34,7.7531,1.0796
2014-06-04,0.59661,0.73384,102.58,7.7529,1.0784
2014-06-05,0.59726,0.73708,102.63,7.7527,1.0767
2014-06-06,0.59434,0.73303,102.41,7.7527,1.0712
2014-06-09,0.59513,0.73486,102.43,7.7515,1.0689
2014-06-10,0.59607,0.73817,102.33,7.7516,1.0672
2014-06-11,0.5957,0.73817,102.01,7.7517,1.0644
2014-06-12,0.59425,0.73921,102.1,7.7516,1.0632
2014-06-13,0.58955,0.73888,102.02,7.7515,1.065
2014-06-16,0.58927,0.73899,101.84,7.7515,1.0661
2014-06-17,0.58918,0.73703,102.0,7.7516,1.0681
2014-06-18,0.59021,0.7373,102.23,7.7514,1.0709
2014-06-19,0.58726,0.73421,101.92,7.7508,1.063
2014-06-20,0.58691,0.73594,102.06,7.7511,1.0639
2014-06-23,0.58797,0.73551,101.84,7.7512,1.0595
2014-06-24,0.58856,0.73432,101.92,7.7516,1.064
2014-06-25,0.58924,0.73448,101.89,7.7515,1.0679
2014-06-26,0.58731,0.73497,101.79,7.7521,1.0628
2014-06-27,0.58711,0.73421,101.39,7.7513,1.0617
2014-06-30,0.58684,0.73217,101.36,7.7506,1.0644
2014-07-01,0.58307,0.73057,101.53,7.7501,1.0578
2014-07-02,0.58275,0.73228,101.53,7.7501,1.0579
2014-07-03,0.58369,0.73282,101.91,7.751,1.0664
2014-07-04,0.58331,0.73594,102.05,7.7503,1.0693
2014-07-07,0.58406,0.73573,101.92,7.7503,1.0684
2014-07-08,0.58419,0.73589,101.74,7.7502,1.064
2014-07-09,0.58483,0.73513,101.73,7.7502,1.0649
2014-07-10,0.58442,0.73508,101.35,7.75,1.0673
2014-07-11,0.58411,0.73556,101.32,7.7501,1.0638
2014-07-14,0.58457,0.73384,101.48,7.7501,1.0641
2014-07-15,0.5826,0.73459,101.58,7.75,1.0668
2014-07-16,0.58402,0.73899,101.78,7.7506,1.0701
2014-07-17,0.58477,0.73937,101.49,7.7509,1.0666
2014-07-18,0.58525,0.73937,101.35,7.7512,1.0652
2014-07-21,0.58552,0.73975,101.32,7.7518,1.0658
2014-07-22,0.58638,0.74178,101.57,7.7516,1.0658
2014-07-23,0.5873,0.74267,101.38,7.7506,1.0582
2014-07-24,0.588,0.74228,101.67,7.7503,1.0594
2014-07-25,0.58865,0.74405,101.91,7.75,1.0632
2014-07-28,0.58851,0.74444,101.79,7.7501,1.0627
2014-07-29,0.59007,0.74466,102.05,7.7505,1.0651
2014-07-30,0.59078,0.74621,102.27,7.7501,1.0678
2014-07-31,0.59257,0.74744,102.89,7.7501,1.076
2014-08-01,0.59433,0.74655,102.96,7.75,1.0773
2014-08-04,0.59395,0.74505,102.61,7.75,1.0735
2014-08-05,0.59326,0.74727,102.72,7.75,1.0735
2014-08-06,0.59412,0.74934,102.35,7.7493,1.0737
2014-08-07,0.59396,0.74806,102.3,7.7508,1.0782
2014-08-08,0.59509,0.74694,101.92,7.7511,1.077
2014-08-11,0.59585,0.74705,102.14,7.7524,1.079
2014-08-12,0.59606,0.74929,102.27,7.7514,1.0794
2014-08-13,0.59858,0.7485,102.46,7.7511,1.076
2014-08-14,0.59942,0.74778,102.44,7.7511,1.0734
2014-08-15,0.59916,0.74694,102.58,7.7506,1.0728
2014-08-18,0.59792,0.74722,102.53,7.7507,1.073
2014-08-19,0.60106,0.74884,102.68,7.7504,1.0707
2014-08-20,0.6008,0.75279,103.3,7.7506,1.0761
2014-08-21,0.60266,0.75403,103.84,7.75,1.077
2014-08-22,0.60323,0.75375,103.79,7.7502,1.0739
2014-08-25,0.60278,0.75758,103.89,7.7502,1.0739
2014-08-26,0.60343,0.75804,103.96,7.7504,1.0732
2014-08-27,0.60257,0.7589,103.88,7.7501,1.0702
2014-08-28,0.6029,0.75884,103.72,7.7501,1.0684
2014-08-29,0.60305,0.75827,103.97,7.7501,1.0709
2014-09-01,0.60173,0.76144,104.29,7.7502,1.0705
2014-09-02,0.60488,0.76249,104.94,7.7503,1.0773
2014-09-03,0.60722,0.7604,105.02,7.7502,1.0717
2014-09-04,0.60945,0.76834,105.18,7.7503,1.0701
2014-09-05,0.61365,0.77232,105.24,7.7502,1.0678
2014-09-08,0.61972,0.77238,105.29,7.7502,1.0713
2014-09-09,0.62045,0.77507,106.11,7.7504,1.0776
2014-09-10,0.61973,0.77346,106.66,7.7503,1.0941
2014-09-11,0.61556,0.77351,107.04,7.7506,1.097
2014-09-12,0.61604,0.77334,107.28,7.7506,1.1046
2014-09-15,0.61572,0.77453,107.26,7.7508,1.1084
2014-09-16,0.61719,0.77226,107.09,7.7512,1.1074
2014-09-17,0.61253,0.77184,107.32,7.7512,1.1039
2014-09-18,0.61241,0.77688,108.85,7.7513,1.1179
2014-09-19,0.61197,0.77809,108.81,7.7511,1.1143
2014-09-22,0.61238,0.77851,109.06,7.7512,1.1274
2014-09-23,0.60968,0.77567,108.49,7.7515,1.1233
2014-09-24,0.60993,0.77967,108.76,7.7518,1.1274
2014-09-25,0.61391,0.78666,109.25,7.7536,1.1353
2014-09-26,0.61318,0.78542,109.12,7.7578,1.1375
2014-09-29,0.61625,0.78734,109.42,7.7651,1.146
2014-09-30,0.61774,0.79472,109.76,7.7676,1.1477
2014-10-01,0.61747,0.79346,109.92,7.7631,1.1502
2014-10-02,0.61943,0.7917,108.84,7.7628,1.1395
2014-10-03,0.62242,0.79264,108.96,7.76,1.1426
2014-10-06,0.62535,0.79586,109.23,7.7569,1.1445
2014-10-07,0.62188,0.79321,108.59,7.7548,1.1366
2014-10-08,0.62238,0.79083,108.32,7.7564,1.1401
2014-10-09,0.61702,0.78351,107.63,7.7561,1.1289
2014-10-10,0.62367,0.79126,107.83,7.7596,1.1482
2014-10-13,0.6215,0.78871,107.22,7.7586,1.142
2014-10-14,0.62826,0.79076,106.98,7.7567,1.1446
2014-10-15,0.62822,0.78952,106.98,7.7562,1.1469
2014-10-16,0.62515,0.78438,105.85,7.7568,1.1487
2014-10-17,0.62037,0.77985,106.41,7.7578,1.1383
2014-10-20,0.61959,0.7829,106.96,7.7578,1.1399
2014-10-21,0.61903,0.78358,106.72,7.7564,1.1342
2014-10-22,0.6231,0.78784,106.98,7.7564,1.1368
2014-10-23,0.62389,0.78933,107.68,7.7574,1.1369
2014-10-24,0.62303,0.78995,107.94,7.7578,1.1372
2014-10-27,0.62079,0.78871,107.86,7.7573,1.1375
2014-10-28,0.61821,0.78444,107.82,7.7575,1.1272
2014-10-29,0.62099,0.78511,108.15,7.7552,1.1254
2014-10-30,0.62486,0.79378,108.96,7.7557,1.136
2014-10-31,0.6262,0.79847,111.93,7.7551,1.1377
2014-11-03,0.62503,0.80045,113.82,7.7547,1.1484
2014-11-04,0.62482,0.79911,113.44,7.7524,1.1461
2014-11-05,0.62845,0.80128,114.75,7.7522,1.1614
2014-11-06,0.62807,0.79891,114.51,7.7532,1.1608
2014-11-07,0.63213,0.80691,115.3,7.7533,1.1634
2014-11-10,0.62886,0.8009,114.18,7.7548,1.1538
2014-11-11,0.63071,0.80489,115.81,7.7537,1.1579
2014-11-12,0.63207,0.80212,115.21,7.7546,1.1485
2014-11-13,0.6352,0.80283,115.5,7.7554,1.1443
2014-11-14,0.63879,0.80412,116.55,7.7546,1.1528
2014-11-17,0.63932,0.80026,116.28,7.7544,1.1453
2014-11-18,0.6388,0.79911,116.6,7.7548,1.1461
2014-11-19,0.63793,0.79777,117.63,7.7553,1.1577
2014-11-20,0.63713,0.79751,118.23,7.7556,1.1616
2014-11-21,0.63766,0.80502,117.9,7.7562,1.1477
2014-11-24,0.63787,0.8058,118.31,7.7568,1.1593
2014-11-25,0.6382,0.80489,118.05,7.7557,1.1722
2014-11-26,0.63403,0.8016,117.76,7.7545,1.1757
2014-11-27,0.63462,0.80128,117.52,7.7526,1.1667
2014-11-28,0.63711,0.80109,118.31,7.755,1.1734
2014-12-01,0.63574,0.80199,118.39,7.7545,1.1774
2014-12-02,0.63876,0.80489,119.19,7.755,1.1848
2014-12-03,0.63758,0.81096,119.37,7.7526,1.1856
2014-12-04,0.63853,0.81228,119.93,7.7524,1.1934
2014-12-05,0.63752,0.80893,120.55,7.7514,1.1944
2014-12-08,0.63999,0.81579,121.1,7.7511,1.2065
2014-12-09,0.63881,0.80847,119.67,7.7524,1.2049
2014-12-10,0.63731,0.80697,118.89,7.7517,1.198
2014-12-11,0.63783,0.80463,118.44,7.7525,1.2115
2014-12-12,0.63655,0.80321,118.4,7.7524,1.2093
2014-12-15,0.63866,0.80476,118.84,7.7526,1.2174
2014-12-16,0.63532,0.79764,116.29,7.7535,1.2129
2014-12-17,0.63721,0.80334,117.2,7.7537,1.2213
2014-12-18,0.64021,0.814,118.81,7.7568,1.2214
2014-12-19,0.63906,0.8144,119.24,7.7558,1.2226
2014-12-22,0.64026,0.81573,119.96,7.7574,1.2282
2014-12-23,0.64415,0.8188,120.2,7.759,1.2304
2014-12-24,0.64367,0.8184,120.36,7.762,1.2319
2014-12-25,0.643524,0.818694,120.386,7.7613199999999996,1.2309
2014-12-26,0.643378,0.818988,120.41199999999999,7.7606399999999995,1.2299
2014-12-29,0.64294,0.81987,120.49,7.7586,1.2269
2014-12-30,0.64334,0.82237,119.58,7.7582,1.2235
2014-12-31,0.64155,0.82366,119.62,7.7564,1.2214
2015-01-01,0.644615,0.82701,120.1,7.75605,1.22685
2015-01-02,0.64768,0.83036,120.58,7.7557,1.2323
2015-01-05,0.6569,0.83928,120.02,7.7557,1.2384
2015-01-06,0.65822,0.83935,118.93,7.7536,1.2288
2015-01-07,0.66123,0.84524,119.32,7.7545,1.2391
2015-01-08,0.66375,0.84976,119.82,7.7554,1.2337
2015-01-09,0.6602,0.84653,119.2,7.7536,1.228
2015-01-12,0.66003,0.84717,119.08,7.7531,1.2282
2015-01-13,0.65923,0.84875,118.45,7.7532,1.2257
2015-01-14,0.65843,0.84926,116.76,7.7538,1.2291
2015-01-15,0.65528,0.85412,116.57,7.7512,1.208
2015-01-16,0.65904,0.86296,116.55,7.752,1.2179
2015-01-19,0.6604,0.8617,117.42,7.7521,1.2179
2015-01-20,0.65956,0.86363,118.64,7.753,1.2197
2015-01-21,0.66169,0.86259,117.37,7.7529,1.2174
2015-01-22,0.65794,0.86073,117.66,7.753,1.2308
2015-01-23,0.66735,0.89302,117.99,7.7522,1.2653
2015-01-26,0.66609,0.88936,118.31,7.7526,1.2653
2015-01-27,0.66093,0.88449,117.71,7.7527,1.2589
2015-01-28,0.65815,0.88152,117.86,7.752,1.2548
2015-01-29,0.66085,0.88378,117.92,7.7527,1.2846
2015-01-30,0.6644,0.88456,117.72,7.752,1.2857
2015-02-02,0.66543,0.88417,117.65,7.7544,1.2841
2015-02-03,0.66275,0.87904,117.33,7.7544,1.3009
2015-02-04,0.65665,0.87367,117.5,7.7541,1.2862
2015-02-05,0.65574,0.87642,117.42,7.7524,1.281
2015-02-06,0.65283,0.87359,117.31,7.7522,1.273
2015-02-09,0.65765,0.88692,118.6,7.7531,1.2798
2015-02-10,0.65681,0.88519,119.21,7.7538,1.2855
2015-02-11,0.6537,0.88386,119.76,7.7538,1.291
2015-02-12,0.65113,0.88277,119.81,7.755,1.3031
2015-02-13,0.65029,0.87866,119.02,7.7554,1.2907
2015-02-16,0.65051,0.87658,118.57,7.7577,1.2859
2015-02-17,0.65125,0.87604,118.8,7.7589,1.2784
2015-02-18,0.64826,0.87935,119.32,7.7584,1.2837
2015-02-19,0.64802,0.87819,119.01,7.7572,1.285
2015-02-20,0.65038,0.88511,118.53,7.7567,1.2745
2015-02-23,0.65073,0.88511,119.05,7.7563,1.2843
2015-02-24,0.64831,0.88277,119.49,7.7574,1.2896
2015-02-25,0.64587,0.88137,118.91,7.7558,1.2681
2015-02-26,0.64514,0.88363,118.88,7.7547,1.2686
2015-02-27,0.64751,0.88968,119.26,7.7551,1.2774
2015-03-02,0.64968,0.89071,119.77,7.7545,1.2856
2015-03-03,0.6515,0.89542,119.75,7.7551,1.2794
2015-03-04,0.65255,0.89896,119.7,7.7549,1.2757
2015-03-05,0.65507,0.90342,120.25,7.7556,1.2833
2015-03-06,0.65858,0.91216,119.93,7.7584,1.2761
2015-03-09,0.66169,0.92081,120.91,7.7591,1.2931
2015-03-10,0.66381,0.93127,121.34,7.7599,1.3069
2015-03-11,0.66511,0.94536,121.32,7.7616,1.314
2015-03-12,0.66814,0.94224,120.88,7.7677,1.2976
2015-03-13,0.67655,0.94589,121.46,7.7671,1.3053
2015-03-16,0.67548,0.94724,121.21,7.7651,1.3069
2015-03-17,0.67696,0.94029,121.2,7.7643,1.3083
2015-03-18,0.68259,0.94411,121.18,7.7585,1.3124
2015-03-19,0.67275,0.93659,120.93,7.7589,1.308
2015-03-20,0.67326,0.92799,120.88,7.7594,1.2981
2015-03-23,0.67064,0.91642,119.87,7.7555,1.2773
2015-03-24,0.67068,0.91324,119.53,7.7545,1.2642
2015-03-25,0.67046,0.91033,119.37,7.7552,1.2676
2015-03-26,0.67174,0.91133,119.08,7.7545,1.2749
2015-03-27,0.67225,0.92115,119.19,7.7543,1.2841
2015-03-30,0.6757,0.92208,119.89,7.7547,1.3055
2015-03-31,0.67599,0.92945,119.85,7.7537,1.3155
2015-04-01,0.67736,0.9298,120.21,7.7529,1.3159
2015-04-02,0.67553,0.92336,119.66,7.7524,1.3244
2015-04-03,0.674766,0.92307,119.758,7.75232,1.3212
2015-04-06,0.672474,0.9222,120.052,7.752079999999999,1.3116
2015-04-07,0.67171,0.92191,120.15,7.752,1.3084
2015-04-08,0.66875,0.92064,119.77,7.7502,1.2961
2015-04-09,0.67459,0.92816,119.94,7.7501,1.2949
2015-04-10,0.68534,0.94607,120.45,7.7501,1.3079
2015-04-13,0.68376,0.94769,120.55,7.7501,1.3197
2015-04-14,0.68317,0.94661,119.91,7.7501,1.3192
2015-04-15,0.67757,0.94527,119.6,7.7516,1.3182
2015-04-16,0.67118,0.93362,119.17,7.7519,1.2875
2015-04-17,0.66571,0.92473,118.78,7.7511,1.28
2015-04-20,0.67103,0.93257,119.07,7.7529,1.2891
2015-04-21,0.67168,0.93458,119.39,7.7501,1.2917
2015-04-22,0.66359,0.93084,119.57,7.75,1.2842
2015-04-23,0.66561,0.92833,120.09,7.7501,1.2938
2015-04-24,0.6614,0.92387,119.51,7.75,1.2827
2015-04-27,0.6618,0.92404,119.41,7.7506,1.2814
2015-04-28,0.65434,0.91516,119.05,7.7511,1.2585
2015-04-29,0.65088,0.90893,119.25,7.7511,1.2509
2015-04-30,0.64797,0.89166,118.82,7.7508,1.2627
2015-05-01,0.6513925,0.89292,119.17,7.751325,1.265925
2015-05-04,0.66166,0.8967,120.22,7.7529,1.2756
2015-05-05,0.66115,0.89952,120.46,7.7511,1.27
2015-05-06,0.65681,0.89047,119.85,7.7518,1.2493
2015-05-07,0.65679,0.88456,119.17,7.7525,1.2548
2015-05-08,0.64878,0.89119,120.22,7.7535,1.2638
2015-05-11,0.64584,0.8975,119.94,7.7527,1.267
2015-05-12,0.63742,0.88976,119.98,7.7527,1.2519
2015-05-13,0.63934,0.89119,119.7,7.7522,1.2428
2015-05-14,0.63324,0.87573,119.2,7.7511,1.2336
2015-05-15,0.63656,0.88277,119.86,7.751,1.2499
2015-05-18,0.63834,0.87804,119.7,7.7516,1.2493
2015-05-19,0.64566,0.89445,120.18,7.7521,1.2547
2015-05-20,0.64373,0.89944,120.91,7.7526,1.2655
2015-05-21,0.63765,0.89823,121.07,7.7537,1.2676
2015-05-22,0.63938,0.89574,120.93,7.752,1.2686
2015-05-25,0.64675,0.91091,121.51,7.7519,1.2774
2015-05-26,0.64946,0.91525,122.71,7.7527,1.2832
2015-05-27,0.65083,0.92056,123.7,7.7531,1.297
2015-05-28,0.65382,0.91777,124.23,7.7537,1.3094
2015-05-29,0.65542,0.91158,123.93,7.7531,1.307
2015-06-01,0.65721,0.91374,124.08,7.755,1.3104
2015-06-02,0.65672,0.9067,124.69,7.7558,1.3004
2015-06-03,0.6534,0.89815,124.36,7.7537,1.2862
2015-06-04,0.64982,0.88363,124.12,7.7523,1.2917
2015-06-05,0.65226,0.89142,124.77,7.7535,1.2956
2015-06-08,0.65562,0.8959,125.28,7.7527,1.3094
2015-06-09,0.65375,0.88897,124.06,7.7528,1.2984
2015-06-10,0.6458,0.8866,122.96,7.753,1.2919
2015-06-11,0.6469,0.89031,123.71,7.7527,1.2939
2015-06-12,0.64572,0.89127,123.69,7.7531,1.2977
2015-06-15,0.64486,0.89142,123.5,7.7529,1.2895
2015-06-16,0.64039,0.89166,123.42,7.7529,1.2913
2015-06-17,0.63569,0.8866,123.93,7.7529,1.3028
2015-06-18,0.62846,0.87689,122.71,7.753,1.2776
2015-06-19,0.63138,0.88503,123.19,7.7516,1.2914
2015-06-22,0.63191,0.88145,123.23,7.7518,1.2883
2015-06-23,0.63379,0.89254,123.81,7.7525,1.2976
2015-06-24,0.6348,0.89182,123.9,7.7523,1.2907
2015-06-25,0.63591,0.89238,123.61,7.7517,1.2919
2015-06-26,0.63587,0.8927,123.71,7.7524,1.3061
2015-06-29,0.6364,0.89823,122.89,7.7523,1.3048
2015-06-30,0.6358,0.89373,122.45,7.7523,1.3004
2015-07-01,0.63878,0.9009,123.09,7.7525,1.3025
2015-07-02,0.64188,0.90367,123.64,7.7515,1.3169
2015-07-03,0.64005,0.90123,122.91,7.7524,1.329
2015-07-06,0.64317,0.90843,122.74,7.7524,1.3343
2015-07-07,0.64742,0.91483,122.48,7.7551,1.3468
2015-07-08,0.65067,0.90711,121.44,7.7533,1.3485
2015-07-09,0.64918,0.90465,121.49,7.7522,1.3403
2015-07-10,0.64443,0.89405,122.38,7.7512,1.3388
2015-07-13,0.64395,0.90506,123.36,7.7521,1.3462
2015-07-14,0.64219,0.90654,123.31,7.7509,1.3442
2015-07-15,0.63993,0.90835,123.49,7.7509,1.3401
2015-07-16,0.6424,0.92022,124.14,7.7509,1.3539
2015-07-17,0.64129,0.91836,123.99,7.7504,1.3511
2015-07-20,0.64237,0.92149,124.24,7.7513,1.3549
2015-07-21,0.64296,0.92022,124.39,7.7509,1.357
2015-07-22,0.64043,0.91726,123.81,7.7507,1.3543
2015-07-23,0.64042,0.90917,123.78,7.7512,1.3496
2015-07-24,0.64622,0.91416,124.05,7.7514,1.3765
2015-07-27,0.64451,0.90432,123.2,7.7508,1.3731
2015-07-28,0.64163,0.90703,123.77,7.7512,1.3686
2015-07-29,0.63944,0.90662,123.75,7.751,1.3691
2015-07-30,0.63989,0.91283,124.37,7.7517,1.3752
2015-07-31,0.64202,0.91183,124.32,7.7534,1.3805
2015-08-03,0.64177,0.91316,124.25,7.753,1.3762
2015-08-04,0.64044,0.91133,124.0,7.7539,1.3516
2015-08-05,0.63981,0.91886,124.26,7.7539,1.3558
2015-08-06,0.64437,0.9187,124.89,7.7539,1.3642
2015-08-07,0.64446,0.91399,124.7,7.7517,1.3535
2015-08-10,0.64516,0.91241,124.7,7.7526,1.358
2015-08-11,0.64116,0.90457,124.82,7.756,1.3652
2015-08-12,0.64088,0.89646,124.11,7.7544,1.3562
2015-08-13,0.63966,0.90017,124.43,7.7523,1.3611
2015-08-14,0.6396,0.89518,124.16,7.7558,1.3537
2015-08-17,0.64009,0.9009,124.52,7.7547,1.36
2015-08-18,0.63671,0.90416,124.27,7.7544,1.3621
2015-08-19,0.63844,0.90572,124.36,7.7524,1.3609
2015-08-20,0.63829,0.89421,123.85,7.7524,1.367
2015-08-21,0.63806,0.88645,122.68,7.7512,1.3637
2015-08-24,0.63512,0.86979,119.86,7.7531,1.3832
2015-08-25,0.63358,0.86911,119.8,7.7509,1.3851
2015-08-26,0.64147,0.87704,119.68,7.7515,1.4
2015-08-27,0.648,0.88621,120.19,7.7501,1.3993
2015-08-28,0.64972,0.88747,120.84,7.75,1.4012
2015-08-31,0.64871,0.89166,121.33,7.7503,1.4046
2015-09-01,0.65219,0.89,120.03,7.75,1.4201
2015-09-02,0.65473,0.88849,120.13,7.75,1.427
2015-09-03,0.65411,0.89055,120.21,7.7501,1.428
2015-09-04,0.65676,0.89783,119.25,7.7501,1.4319
2015-09-07,0.65526,0.89718,119.41,7.75,1.4411
2015-09-08,0.64899,0.8959,119.89,7.7508,1.4313
2015-09-09,0.65096,0.89775,120.88,7.7506,1.4238
2015-09-10,0.64958,0.89405,121.04,7.7501,1.4154
2015-09-11,0.64838,0.88747,120.71,7.75,1.416
2015-09-14,0.64874,0.88456,120.34,7.7501,1.4042
2015-09-15,0.64894,0.88339,119.65,7.7501,1.4033
2015-09-16,0.64718,0.89063,120.64,7.7504,1.3962
2015-09-17,0.64414,0.88402,120.9,7.7502,1.3946
2015-09-18,0.63911,0.87573,119.37,7.7501,1.3757
2015-09-21,0.64382,0.88889,120.44,7.75,1.3949
2015-09-22,0.64751,0.89646,119.9,7.75,1.4103
2015-09-23,0.65444,0.89686,120.21,7.7501,1.4182
2015-09-24,0.65715,0.8896,119.63,7.7501,1.4364
2015-09-25,0.65891,0.89678,120.99,7.75,1.4254
2015-09-28,0.65819,0.89526,120.08,7.7501,1.4295
2015-09-29,0.65968,0.89254,119.94,7.75,1.4289
2015-09-30,0.6592,0.89262,120.23,7.7501,1.4227
2015-10-01,0.66054,0.89662,119.75,7.75,1.4146
2015-10-02,0.65932,0.89606,120.29,7.7501,1.422
2015-10-05,0.65878,0.89,120.21,7.7501,1.4109
2015-10-06,0.65921,0.89095,120.34,7.7501,1.406
2015-10-07,0.65312,0.88763,120.1,7.75,1.3835
2015-10-08,0.65452,0.88857,119.89,7.7501,1.3919
2015-10-09,0.65191,0.88013,120.27,7.7501,1.3644
2015-10-12,0.65075,0.87928,120.12,7.75,1.3566
2015-10-13,0.65764,0.8792,119.71,7.75,1.3702
2015-10-14,0.65013,0.87642,119.61,7.7501,1.3779
2015-10-15,0.64665,0.8742,118.22,7.75,1.3648
2015-10-16,0.64754,0.88028,119.06,7.7501,1.378
2015-10-19,0.64564,0.88238,119.38,7.7501,1.3748
2015-10-20,0.64644,0.87928,119.72,7.75,1.3727
2015-10-21,0.64726,0.88075,120.05,7.7501,1.3834
2015-10-22,0.64651,0.88394,119.76,7.7501,1.3871
2015-10-23,0.64918,0.9022,120.71,7.75,1.3759
2015-10-26,0.65244,0.90818,121.02,7.75,1.3788
2015-10-27,0.6522,0.90408,120.3,7.7501,1.3831
2015-10-28,0.65386,0.90212,120.32,7.75,1.4018
2015-10-29,0.65572,0.91491,121.04,7.7501,1.4132
2015-10-30,0.6519,0.90769,120.61,7.75,1.4109
2015-11-02,0.64648,0.90645,120.58,7.7502,1.4011
2015-11-03,0.64974,0.91108,120.85,7.7501,1.394
2015-11-04,0.64874,0.91449,121.12,7.7502,1.3909
2015-11-05,0.65478,0.91886,121.89,7.7507,1.3997
2015-11-06,0.66058,0.92047,121.88,7.7515,1.3995
2015-11-09,0.66268,0.92799,123.5,7.7524,1.4164
2015-11-10,0.66138,0.93362,123.22,7.7515,1.4181
2015-11-11,0.65883,0.93318,123.09,7.751,1.4169
2015-11-12,0.65859,0.93231,122.99,7.7505,1.4053
2015-11-13,0.65687,0.92902,122.67,7.7507,1.4007
2015-11-16,0.65821,0.93257,123.11,7.7505,1.4091
2015-11-17,0.65764,0.93721,123.23,7.7507,1.4021
2015-11-18,0.65713,0.93756,123.43,7.7507,1.409
2015-11-19,0.65481,0.93572,123.14,7.7504,1.3966
2015-11-20,0.65588,0.93563,122.83,7.7501,1.3871
2015-11-23,0.6608,0.94065,123.15,7.7501,1.3915
2015-11-24,0.66304,0.93888,122.54,7.7502,1.3861
2015-11-25,0.6629,0.94464,122.75,7.7505,1.3793
2015-11-26,0.66227,0.94233,122.56,7.7504,1.3838
2015-11-27,0.66437,0.94518,122.64,7.7506,1.3884
2015-11-30,0.66623,0.94527,123.09,7.7502,1.3868
2015-12-01,0.66377,0.9434,123.18,7.7528,1.3717
2015-12-02,0.66519,0.94233,123.16,7.7504,1.3653
2015-12-03,0.66742,0.93712,123.31,7.7501,1.3635
2015-12-04,0.66052,0.91726,122.99,7.7501,1.3666
2015-12-07,0.66398,0.92515,123.42,7.7501,1.3738
2015-12-08,0.6686,0.91954,122.89,7.7504,1.3884
2015-12-09,0.66274,0.91399,122.51,7.7503,1.3876
2015-12-10,0.66115,0.91383,121.51,7.7504,1.3707
2015-12-11,0.65973,0.91324,121.48,7.7505,1.3863
2015-12-14,0.66102,0.9105,120.68,7.7506,1.3868
2015-12-15,0.65987,0.90992,120.99,7.75,1.3831
2015-12-16,0.66615,0.91466,121.81,7.7501,1.389
2015-12-17,0.67023,0.92242,122.52,7.753,1.3926
2015-12-18,0.6706,0.92285,121.45,7.7524,1.4033
2015-12-21,0.67144,0.91996,121.37,7.7504,1.3954
2015-12-22,0.67221,0.91308,120.91,7.7532,1.3796
2015-12-23,0.67149,0.91609,120.85,7.7507,1.3847
2015-12-24,0.67069,0.91349,120.43,7.7509,1.377
2015-12-25,0.6707225,0.9131775,120.4375,7.7507,1.376875
2015-12-28,0.67082,0.91224,120.46,7.7501,1.3765
2015-12-29,0.67572,0.91308,120.42,7.7504,1.3747
2015-12-30,0.67544,0.91525,120.5,7.7508,1.372
2015-12-31,0.67415,0.91853,120.39,7.7502,1.3683
2016-01-01,0.6749325,0.9182975,120.065,7.75025,1.373825
2016-01-04,0.67728,0.9176,119.09,7.7504,1.3904
2016-01-05,0.68151,0.93058,119.0,7.7514,1.3942
2016-01-06,0.68367,0.93093,118.4,7.7519,1.4138
2016-01-07,0.68591,0.92013,117.54,7.7529,1.4308
2016-01-08,0.68612,0.92073,118.32,7.7628,1.4267
2016-01-11,0.68612,0.91844,117.86,7.7582,1.4251
2016-01-12,0.69288,0.92285,117.93,7.7606,1.4267
2016-01-13,0.6936,0.92456,118.1,7.7591,1.425
2016-01-14,0.69497,0.91802,117.75,7.7825,1.4408
2016-01-15,0.69773,0.91625,117.1,7.7934,1.4564
2016-01-18,0.70017,0.91811,117.32,7.7983,1.4515
2016-01-19,0.70365,0.92013,117.89,7.8065,1.4421
2016-01-20,0.70597,0.91684,116.7,7.8267,1.4592
2016-01-21,0.70855,0.91802,116.98,7.8198,1.4463
2016-01-22,0.69818,0.92524,118.22,7.7909,1.423
2016-01-25,0.70171,0.92464,118.42,7.7951,1.4328
2016-01-26,0.70218,0.92276,118.32,7.7972,1.4349
2016-01-27,0.69769,0.91844,118.4,7.794,1.42
2016-01-28,0.69915,0.91718,118.88,7.7919,1.4142
2016-01-29,0.69973,0.91575,121.11,7.7931,1.4092
2016-02-01,0.69919,0.91878,121.27,7.781,1.4128
2016-02-02,0.69475,0.91583,120.74,7.7842,1.4173
2016-02-03,0.68901,0.91466,119.44,7.799,1.4163
2016-02-04,0.68352,0.89238,117.34,7.7884,1.3873
2016-02-05,0.68715,0.8927,116.68,7.7871,1.3911
2016-02-08,0.69579,0.90082,116.3,7.7904,1.4166
2016-02-09,0.69371,0.89,114.87,7.795,1.4314
2016-02-10,0.68693,0.88834,114.97,7.7895,1.4078
2016-02-11,0.69393,0.88129,112.19,7.7911,1.4117
2016-02-12,0.68945,0.88692,112.7,7.7886,1.4103
2016-02-15,0.69052,0.89445,114.13,7.785,1.3975
2016-02-16,0.69479,0.89558,113.76,7.787,1.3975
2016-02-17,0.69895,0.89799,114.13,7.7913,1.4035
2016-02-18,0.69599,0.9022,113.83,7.779,1.3981
2016-02-19,0.70039,0.90123,113.01,7.7747,1.4064
2016-02-22,0.70962,0.90695,113.23,7.7706,1.3896
2016-02-23,0.70883,0.90893,111.91,7.7695,1.3817
2016-02-24,0.71883,0.91066,111.88,7.771,1.395
2016-02-25,0.7157,0.90686,112.46,7.7697,1.3868
2016-02-26,0.71547,0.9086,113.05,7.7695,1.3879
2016-02-29,0.72171,0.91844,113.1,7.7747,1.4015
2016-03-01,0.7156,0.91979,113.08,7.7758,1.3977
2016-03-02,0.71306,0.92115,114.29,7.7745,1.3826
2016-03-03,0.71035,0.91735,113.96,7.775,1.3624
2016-03-04,0.70632,0.91158,113.74,7.7659,1.3545
2016-03-07,0.707,0.91299,113.62,7.7678,1.349
2016-03-08,0.70374,0.90678,112.99,7.7671,1.3415
2016-03-09,0.70295,0.91133,112.67,7.766,1.3351
2016-03-10,0.70671,0.92106,114.09,7.7645,1.3376
2016-03-11,0.69968,0.90171,113.77,7.761,1.3315
2016-03-14,0.69636,0.89936,113.64,7.7573,1.327
2016-03-15,0.70536,0.90017,112.85,7.7594,1.3392
2016-03-16,0.71159,0.90383,113.59,7.7617,1.3477
2016-03-17,0.69152,0.8841,111.64,7.7574,1.3109
2016-03-18,0.69027,0.8866,111.53,7.7546,1.3125
2016-03-21,0.69473,0.88723,111.74,7.7551,1.3148
2016-03-22,0.70273,0.8919,111.6,7.7544,1.3156
2016-03-23,0.70705,0.89518,112.8,7.7547,1.3231
2016-03-24,0.70771,0.89654,112.44,7.7594,1.3321
2016-03-25,0.706332,0.8959,112.666,7.75898,1.33192
2016-03-28,0.702198,0.89398,113.344,7.75772,1.33138
2016-03-29,0.70082,0.89334,113.57,7.7573,1.3312
2016-03-30,0.69392,0.88308,112.48,7.7543,1.304
2016-03-31,0.69526,0.87835,112.34,7.7542,1.3006
2016-04-01,0.69883,0.87474,112.03,7.7547,1.302
2016-04-04,0.70069,0.87873,111.57,7.7552,1.3108
2016-04-05,0.7052,0.87974,110.68,7.7561,1.3271
2016-04-06,0.71284,0.88215,110.38,7.7564,1.3258
2016-04-07,0.71038,0.87997,108.37,7.7586,1.3281
2016-04-08,0.71046,0.88005,108.56,7.759,1.3281
2016-04-11,0.7029,0.87796,108.24,7.7543,1.3222
2016-04-12,0.7006,0.8775,108.32,7.7546,1.3059
2016-04-13,0.70267,0.88511,109.28,7.7569,1.3071
2016-04-14,0.70707,0.88873,109.39,7.7571,1.2984
2016-04-15,0.7052,0.88621,108.92,7.7567,1.2981
2016-04-18,0.70564,0.88449,108.19,7.7559,1.2989
2016-04-19,0.69624,0.8816,109.41,7.7555,1.2825
2016-04-20,0.69514,0.87881,109.15,7.7574,1.2792
2016-04-21,0.69303,0.88067,109.64,7.7576,1.2766
2016-04-22,0.69551,0.88786,110.86,7.7571,1.2936
2016-04-25,0.68928,0.88778,110.93,7.7568,1.295
2016-04-26,0.68648,0.88598,111.15,7.7563,1.2935
2016-04-27,0.68544,0.88472,111.29,7.7564,1.3169
2016-04-28,0.68531,0.88044,108.15,7.7576,1.3124
2016-04-29,0.68425,0.87696,107.29,7.7581,1.3109
2016-05-02,0.68083,0.87009,106.56,7.7586,1.3073
2016-05-03,0.68375,0.86438,105.91,7.7594,1.3228
2016-05-04,0.68913,0.86919,106.58,7.7614,1.3367
2016-05-05,0.6894,0.8742,107.1,7.7607,1.3346
2016-05-06,0.69003,0.87512,106.97,7.7604,1.3565
2016-05-09,0.69327,0.87758,108.28,7.7626,1.3641
2016-05-10,0.6924,0.87912,109.12,7.7625,1.3614
2016-05-11,0.69207,0.8765,108.77,7.7607,1.3563
2016-05-12,0.69267,0.87804,109.32,7.7599,1.3646
2016-05-13,0.69403,0.88121,108.88,7.7632,1.3728
2016-05-16,0.69587,0.88308,108.86,7.7632,1.3711
2016-05-17,0.69049,0.88355,109.5,7.7619,1.3657
2016-05-18,0.68698,0.8866,109.39,7.7644,1.3761
2016-05-19,0.68398,0.8931,110.0,7.767,1.3899
2016-05-20,0.68641,0.89135,110.36,7.7673,1.3833
2016-05-23,0.69053,0.89166,109.41,7.7667,1.3858
2016-05-24,0.68511,0.89542,109.74,7.7671,1.3966
2016-05-25,0.68119,0.89718,110.17,7.7637,1.3884
2016-05-26,0.68025,0.89542,110.07,7.7659,1.3862
2016-05-27,0.68271,0.89542,109.65,7.7664,1.3864
2016-05-30,0.68341,0.89775,111.19,7.7688,1.3919
2016-05-31,0.68303,0.89654,111.02,7.7676,1.3776
2016-06-01,0.6923,0.89493,109.24,7.7696,1.3755
2016-06-02,0.69123,0.89381,109.01,7.7701,1.3868
2016-06-03,0.69289,0.89654,108.9,7.7715,1.3804
2016-06-06,0.69363,0.88113,107.13,7.7676,1.3584
2016-06-07,0.68629,0.88121,107.65,7.7674,1.3447
2016-06-08,0.68596,0.87889,107.02,7.7639,1.3384
2016-06-09,0.69151,0.8816,106.43,7.7622,1.3444
2016-06-10,0.69427,0.88464,106.86,7.7617,1.3512
2016-06-13,0.70567,0.88747,106.06,7.7627,1.3514
2016-06-14,0.70804,0.89087,106.0,7.7606,1.361
2016-06-15,0.70488,0.89047,106.22,7.7615,1.3524
2016-06-16,0.70729,0.89493,104.39,7.7604,1.3614
2016-06-17,0.69993,0.88857,104.27,7.7606,1.3537
2016-06-20,0.6828,0.88246,104.63,7.76,1.3403
2016-06-21,0.67841,0.88386,104.64,7.7584,1.3322
2016-06-22,0.68061,0.88629,104.59,7.7572,1.3324
2016-06-23,0.67253,0.87804,105.7,7.7576,1.3223
2016-06-24,0.72971,0.90367,102.32,7.7613,1.3474
2016-06-27,0.75832,0.90926,101.65,7.7582,1.3509
2016-06-28,0.74704,0.9031,102.41,7.7599,1.3532
2016-06-29,0.74436,0.90171,102.66,7.7584,1.3445
2016-06-30,0.74446,0.90074,102.73,7.7585,1.3447
2016-07-01,0.75285,0.89807,102.64,7.7587,1.3367
2016-07-04,0.75332,0.89783,102.61,7.7588,1.3281
2016-07-05,0.76258,0.89718,101.83,7.7583,1.337
2016-07-06,0.77062,0.90342,100.71,7.7591,1.3382
2016-07-07,0.76792,0.90253,100.99,7.7587,1.3301
2016-07-08,0.77004,0.90334,100.42,7.7566,1.3307
2016-07-11,0.77018,0.90506,102.48,7.7592,1.3229
2016-07-12,0.75978,0.90155,103.94,7.7579,1.3101
2016-07-13,0.75323,0.90318,104.61,7.7576,1.3111
2016-07-14,0.74672,0.8963,105.66,7.7564,1.3075
2016-07-15,0.74834,0.89863,105.71,7.7537,1.3064
2016-07-18,0.75429,0.90473,105.69,7.7547,1.317
2016-07-19,0.76076,0.90621,106.21,7.7558,1.3346
2016-07-20,0.75915,0.90802,106.54,7.7549,1.3359
2016-07-21,0.75892,0.90785,106.26,7.7554,1.3355
2016-07-22,0.76365,0.90794,106.1,7.7556,1.3362
2016-07-25,0.76188,0.91058,106.21,7.7572,1.3355
2016-07-26,0.76121,0.90934,104.27,7.7568,1.3275
2016-07-27,0.76312,0.90984,105.75,7.7566,1.3388
2016-07-28,0.75942,0.90171,104.72,7.7567,1.3287
2016-07-29,0.75947,0.89985,103.33,7.7576,1.3302
2016-08-01,0.75726,0.89574,102.36,7.7591,1.3213
2016-08-02,0.75324,0.89342,101.6,7.7605,1.3148
2016-08-03,0.7492,0.89286,101.09,7.7588,1.317
2016-08-04,0.75973,0.89799,101.17,7.7572,1.3114
2016-08-05,0.76022,0.89638,101.05,7.7556,1.3058
2016-08-08,0.76626,0.90196,102.45,7.7567,1.3096
2016-08-09,0.77089,0.90269,102.25,7.7586,1.3056
2016-08-10,0.76485,0.89413,101.12,7.7564,1.292
2016-08-11,0.77143,0.89662,101.36,7.7563,1.2965
2016-08-12,0.7712,0.89622,101.96,7.7569,1.3027
2016-08-15,0.77529,0.89445,101.05,7.7572,1.3038
2016-08-16,0.77078,0.88535,99.81,7.756,1.2928
2016-08-17,0.76836,0.88684,100.68,7.756,1.3107
2016-08-18,0.7603,0.88331,100.34,7.7541,1.3043
2016-08-19,0.76406,0.88292,100.24,7.7539,1.3135
2016-08-22,0.76278,0.88449,100.59,7.7531,1.314
2016-08-23,0.7584,0.88191,100.08,7.7532,1.3073
2016-08-24,0.7555,0.88747,100.24,7.7538,1.3119
2016-08-25,0.75793,0.88574,100.49,7.7549,1.3144
2016-08-26,0.75686,0.88574,100.38,7.7551,1.3083
2016-08-29,0.76523,0.89526,102.27,7.7562,1.3241
2016-08-30,0.76263,0.89542,102.32,7.7571,1.3241
2016-08-31,0.76182,0.89831,103.31,7.7575,1.33
2016-09-01,0.75408,0.89718,103.71,7.7573,1.3279
2016-09-02,0.75279,0.89342,103.48,7.7562,1.3231
2016-09-05,0.74976,0.89638,103.3,7.7552,1.3173
2016-09-06,0.74859,0.89614,103.41,7.7554,1.3106
2016-09-07,0.74725,0.88992,101.66,7.7552,1.3026
2016-09-08,0.74858,0.88527,101.63,7.7563,1.2953
2016-09-09,0.75043,0.88747,102.81,7.7559,1.3166
2016-09-12,0.75249,0.89079,101.89,7.758,1.3299
2016-09-13,0.75365,0.88913,102.23,7.758,1.3282
2016-09-14,0.75841,0.89142,102.84,7.7588,1.3391
2016-09-15,0.75705,0.88857,102.17,7.7582,1.3361
2016-09-16,0.75898,0.89079,101.86,7.7587,1.3316
2016-09-19,0.76579,0.89566,101.79,7.7578,1.3249
2016-09-20,0.77086,0.89413,101.87,7.7569,1.3244
2016-09-21,0.76855,0.89686,100.89,7.7553,1.3152
2016-09-22,0.76459,0.88984,100.72,7.7556,1.3057
2016-09-23,0.77078,0.89174,100.78,7.7563,1.3095
2016-09-26,0.77331,0.88794,100.44,7.7555,1.3098
2016-09-27,0.77017,0.89127,100.29,7.7545,1.3067
2016-09-28,0.768,0.89087,100.61,7.7542,1.304
2016-09-29,0.76765,0.89119,101.49,7.7552,1.3049
2016-09-30,0.77146,0.89598,101.33,7.7544,1.3132
2016-10-03,0.77713,0.89,101.37,7.7559,1.3028
2016-10-04,0.78434,0.89598,102.59,7.756,1.3049
2016-10-05,0.78633,0.89198,103.16,7.7565,1.3132
2016-10-06,0.78966,0.89405,103.71,7.7572,1.3198
2016-10-07,0.81107,0.89767,103.63,7.7582,1.3192
2016-10-10,0.80708,0.89606,103.4,7.7588,1.3163
2016-10-11,0.81445,0.90261,103.71,7.7604,1.3249
2016-10-12,0.81661,0.90744,103.9,7.7581,1.3206
2016-10-13,0.81926,0.90596,103.72,7.7584,1.3231
2016-10-14,0.81722,0.90893,104.31,7.7589,1.3108
2016-10-17,0.82304,0.90959,104.11,7.7591,1.3131
2016-10-18,0.81475,0.90967,104.04,7.7589,1.3037
2016-10-19,0.81372,0.91083,103.37,7.758,1.3023
2016-10-20,0.81574,0.91075,103.61,7.7578,1.3036
2016-10-21,0.8205,0.91861,103.77,7.7583,1.3107
2016-10-24,0.81733,0.91819,104.02,7.7567,1.3114
2016-10-25,0.8186,0.91979,104.53,7.7567,1.3088
2016-10-26,0.8189,0.91533,104.32,7.7558,1.3016
2016-10-27,0.81594,0.91516,104.69,7.7552,1.3123
2016-10-28,0.82316,0.91558,105.38,7.7538,1.3206
2016-10-31,0.82267,0.91358,105.03,7.7551,1.3153
2016-11-01,0.8179,0.90703,104.83,7.7555,1.3008
2016-11-02,0.81174,0.90131,103.31,7.7548,1.305
2016-11-03,0.80132,0.90383,103.26,7.7558,1.3046
2016-11-04,0.80058,0.90147,102.98,7.7557,1.3015
2016-11-07,0.80492,0.904,104.32,7.7563,1.3015
2016-11-08,0.8071,0.90596,104.78,7.7548,1.2984
2016-11-09,0.80775,0.90728,103.92,7.7542,1.3007
2016-11-10,0.80574,0.91785,106.84,7.7554,1.3158
2016-11-11,0.78992,0.91709,106.35,7.758,1.3149
2016-11-14,0.79786,0.9279,107.89,7.7579,1.3247
2016-11-15,0.80481,0.92894,108.27,7.757,1.3228
2016-11-16,0.80462,0.9344,109.56,7.7574,1.3393
2016-11-17,0.80298,0.9331,109.28,7.7571,1.3398
2016-11-18,0.81116,0.94082,110.03,7.7571,1.3525
2016-11-21,0.80637,0.94065,110.61,7.7563,1.3568
2016-11-22,0.80459,0.94189,110.9,7.7556,1.3518
2016-11-23,0.80544,0.94322,111.34,7.7563,1.3482
2016-11-24,0.80394,0.94805,113.23,7.7568,1.3532
2016-11-25,0.80421,0.94411,113.04,7.7561,1.3435
2016-11-28,0.80566,0.94447,112.63,7.7557,1.3406
2016-11-29,0.80196,0.94554,112.97,7.7557,1.3436
2016-11-30,0.8016,0.94029,113.29,7.7564,1.3438
2016-12-01,0.79136,0.941,114.23,7.7559,1.353
2016-12-02,0.79217,0.93967,113.89,7.7555,1.3468
2016-12-05,0.78647,0.9344,114.3,7.7553,1.3447
2016-12-06,0.78452,0.93162,113.92,7.7557,1.3411
2016-12-07,0.79306,0.93197,114.09,7.7567,1.3428
2016-12-08,0.78977,0.9292,113.93,7.7565,1.3386
2016-12-09,0.79491,0.94706,115.05,7.7596,1.3392
2016-12-12,0.79181,0.94375,115.79,7.7587,1.3377
2016-12-13,0.78688,0.94251,115.24,7.7571,1.3341
2016-12-14,0.78883,0.9395,114.98,7.7566,1.3319
2016-12-15,0.80236,0.95979,118.08,7.76,1.3542
2016-12-16,0.80362,0.95795,118.19,7.7624,1.364
2016-12-19,0.80733,0.95951,117.24,7.7668,1.377
2016-12-20,0.81029,0.96488,118.13,7.7667,1.3817
2016-12-21,0.80837,0.9596,117.37,7.7619,1.3763
2016-12-22,0.81047,0.95749,117.64,7.7636,1.3855
2016-12-23,0.81637,0.9573,117.37,7.7608,1.3944
2016-12-26,0.8165875,0.9573750000000001,117.385,7.75945,1.392075
2016-12-27,0.81666,0.9574,117.39,7.759,1.3913
2016-12-28,0.81846,0.96145,117.67,7.7583,1.3933
2016-12-29,0.81603,0.95666,116.75,7.7562,1.3876
2016-12-30,0.81224,0.94868,117.07,7.7555,1.3847
2017-01-02,0.81357,0.95557,117.46,7.7573,1.3926
2017-01-03,0.8143,0.96293,118.2,7.7568,1.3854
2017-01-04,0.81388,0.95813,117.51,7.7559,1.3771
2017-01-05,0.81364,0.95229,116.54,7.7546,1.3714
2017-01-06,0.80884,0.94438,116.0,7.7553,1.363
2017-01-09,0.82408,0.95093,116.64,7.756,1.3653
2017-01-10,0.82275,0.94634,116.25,7.755,1.3627
2017-01-11,0.82572,0.95211,116.29,7.7551,1.3559
2017-01-12,0.81321,0.93642,113.95,7.755,1.3302
2017-01-13,0.8212,0.938,114.35,7.7546,1.3343
2017-01-16,0.82885,0.94393,114.13,7.7552,1.3377
2017-01-17,0.81234,0.93598,113.35,7.7555,1.3255
2017-01-18,0.81426,0.93773,113.51,7.7566,1.3248
2017-01-19,0.81135,0.93738,114.58,7.758,1.3229
2017-01-20,0.81448,0.94056,115.19,7.7584,1.3276
2017-01-23,0.80399,0.93327,113.6,7.7577,1.3212
2017-01-24,0.80341,0.93041,113.37,7.7574,1.321
2017-01-25,0.79422,0.93084,113.37,7.7579,1.323
2017-01-26,0.79573,0.93458,114.39,7.7576,1.3276
2017-01-27,0.7974,0.93624,115.17,7.7589,1.3266
2017-01-30,0.79901,0.94073,114.54,7.7588,1.3273
2017-01-31,0.8006,0.9298,113.38,7.7579,1.3201
2017-02-01,0.79164,0.92678,113.3,7.759,1.3184
2017-02-02,0.79634,0.92524,112.32,7.7593,1.3009
2017-02-03,0.80079,0.93101,113.11,7.7593,1.3087
2017-02-06,0.80237,0.93353,112.29,7.7581,1.3075
2017-02-07,0.80871,0.93677,112.36,7.7586,1.3128
2017-02-08,0.79995,0.93765,111.95,7.7586,1.309
2017-02-09,0.79583,0.93528,112.27,7.7583,1.3061
2017-02-10,0.80243,0.94082,113.51,7.7592,1.3082
2017-02-13,0.79866,0.94082,113.75,7.7591,1.3046
2017-02-14,0.80107,0.94135,113.37,7.7588,1.3003
2017-02-15,0.80529,0.94742,114.5,7.7615,1.3037
2017-02-16,0.799,0.93879,113.55,7.7615,1.2963
2017-02-17,0.80488,0.93897,112.75,7.7614,1.3044
2017-02-20,0.80204,0.94197,113.14,7.7611,1.3032
2017-02-21,0.80535,0.94904,113.67,7.7615,1.3061
2017-02-22,0.80329,0.9512,112.99,7.7604,1.3021
2017-02-23,0.80042,0.94581,112.83,7.7591,1.2949
2017-02-24,0.79652,0.9426,112.21,7.7614,1.3023
2017-02-27,0.80552,0.94455,112.28,7.7608,1.3031
2017-02-28,0.80499,0.94366,112.14,7.7618,1.3029
2017-03-01,0.81221,0.9494,113.78,7.7635,1.3056
2017-03-02,0.81377,0.95111,114.36,7.7632,1.3163
2017-03-03,0.81737,0.94652,114.37,7.7644,1.321
2017-03-06,0.81477,0.94411,113.81,7.7639,1.3158
2017-03-07,0.81988,0.94554,114.04,7.7648,1.3162
2017-03-08,0.82184,0.94733,114.3,7.7664,1.3232
2017-03-09,0.82128,0.94778,114.63,7.7669,1.3311
2017-03-10,0.82265,0.94286,115.43,7.7661,1.329
2017-03-13,0.81833,0.93782,114.74,7.7655,1.3203
2017-03-14,0.82366,0.94065,114.88,7.7695,1.3238
2017-03-15,0.81974,0.94144,114.64,7.7694,1.3173
2017-03-16,0.80934,0.93231,113.32,7.7638,1.3001
2017-03-17,0.80905,0.93136,113.15,7.7631,1.2983
2017-03-20,0.80723,0.93006,112.71,7.7657,1.2948
2017-03-21,0.80312,0.92575,112.55,7.7658,1.2932
2017-03-22,0.80309,0.92533,111.1,7.768,1.3034
2017-03-23,0.79986,0.92713,110.66,7.7675,1.3102
2017-03-24,0.80148,0.9255,111.14,7.768,1.3125
2017-03-27,0.79349,0.91836,110.14,7.7678,1.3097
2017-03-28,0.79616,0.9209,110.36,7.7674,1.3151
2017-03-29,0.80373,0.93041,110.88,7.7692,1.3082
2017-03-30,0.80265,0.93136,111.19,7.7722,1.3028
2017-03-31,0.80023,0.93537,111.82,7.7705,1.3078
2017-04-03,0.79974,0.938,111.28,7.7721,1.3143
2017-04-04,0.8039,0.93888,110.37,7.7706,1.3247
2017-04-05,0.80081,0.9365,110.97,7.769,1.3191
2017-04-06,0.80246,0.93756,110.85,7.7695,1.3222
2017-04-07,0.80501,0.94073,110.67,7.7701,1.3286
2017-04-10,0.80672,0.94536,111.29,7.7698,1.3348
2017-04-11,0.80379,0.94197,110.55,7.7712,1.3317
2017-04-12,0.8,0.94295,109.59,7.7714,1.3355
2017-04-13,0.79739,0.94073,109.13,7.7754,1.3196
2017-04-14,0.795888,0.9398139999999999,109.072,7.77508,1.3207
2017-04-17,0.791382,0.9370660000000001,108.898,7.77412,1.324
2017-04-18,0.78988,0.93615,108.84,7.7738,1.3251
2017-04-19,0.7779,0.9324,109.01,7.7759,1.3291
2017-04-20,0.78101,0.93067,109.04,7.7757,1.3288
2017-04-21,0.78258,0.93475,109.1,7.7762,1.3291
2017-04-24,0.78199,0.92183,110.32,7.778,1.321
2017-04-25,0.7798,0.91819,110.49,7.7822,1.3272
2017-04-26,0.77943,0.91802,111.4,7.7809,1.3365
2017-04-27,0.77585,0.91903,111.45,7.7816,1.3396
2017-04-28,0.77285,0.91491,111.4,7.7771,1.3384
2017-05-01,0.773975,0.9158550000000001,112.06,7.78055,1.332175
2017-05-02,0.77435,0.91617,112.28,7.7817,1.3301
2017-05-03,0.77333,0.91583,112.16,7.7816,1.3385
2017-05-04,0.77574,0.91516,112.85,7.7826,1.352
2017-05-05,0.77283,0.91233,112.48,7.7832,1.3532
2017-05-08,0.77222,0.91424,112.54,7.785,1.3523
2017-05-09,0.77425,0.91844,113.92,7.7843,1.3601
2017-05-10,0.77178,0.91895,113.8,7.7861,1.3545
2017-05-11,0.77795,0.92081,113.9,7.7895,1.357
2017-05-12,0.77775,0.91946,113.85,7.7934,1.3545
2017-05-15,0.77404,0.91141,113.43,7.7871,1.3435
2017-05-16,0.77645,0.90424,113.64,7.7894,1.3491
2017-05-17,0.7713,0.89952,112.28,7.7874,1.3505
2017-05-18,0.76703,0.89855,110.57,7.7828,1.344
2017-05-19,0.76848,0.89453,111.24,7.7824,1.3446
2017-05-22,0.76806,0.88944,111.34,7.7856,1.3385
2017-05-23,0.77096,0.89166,111.12,7.7875,1.3321
2017-05-24,0.77137,0.89342,111.81,7.789,1.3374
2017-05-25,0.77161,0.89174,111.76,7.7913,1.3396
2017-05-26,0.77876,0.89318,111.09,7.7929,1.3432
2017-05-29,0.77845,0.89381,111.34,7.7942,1.3447
2017-05-30,0.77681,0.89501,110.95,7.7929,1.3418
2017-05-31,0.77858,0.89119,110.86,7.7908,1.3416
2017-06-01,0.77752,0.89135,111.0,7.792,1.3532
2017-06-02,0.778,0.8915,111.46,7.7929,1.3527
2017-06-05,0.77456,0.88897,110.5,7.7919,1.337
2017-06-06,0.77483,0.88826,109.36,7.7945,1.3359
2017-06-07,0.77479,0.8915,109.46,7.7937,1.3234
2017-06-08,0.7726,0.89055,110.22,7.7969,1.3264
2017-06-09,0.78416,0.89477,110.45,7.7967,1.3276
2017-06-12,0.7891,0.89119,109.88,7.7988,1.3256
2017-06-13,0.78519,0.8915,110.04,7.7997,1.3266
2017-06-14,0.78515,0.89262,110.31,7.8008,1.3191
2017-06-15,0.78488,0.89558,110.11,7.8021,1.3185
2017-06-16,0.78314,0.8955,111.34,7.8005,1.3149
2017-06-19,0.78148,0.89294,110.96,7.7998,1.3131
2017-06-20,0.7901,0.89638,111.38,7.7998,1.3153
2017-06-21,0.78775,0.8971,111.43,7.8007,1.3221
2017-06-22,0.7894,0.89534,111.26,7.8008,1.3262
2017-06-23,0.78587,0.89501,111.3,7.7998,1.3214
2017-06-26,0.78511,0.89389,111.67,7.7996,1.3204
2017-06-27,0.78356,0.88668,111.86,7.8003,1.314
2017-06-28,0.77824,0.87912,112.11,7.803,1.3175
2017-06-29,0.77096,0.87619,112.67,7.8075,1.3027
2017-06-30,0.77053,0.87627,111.94,7.8048,1.3013
2017-07-03,0.77144,0.87958,112.99,7.8088,1.306
2017-07-04,0.77341,0.88082,113.25,7.8082,1.3144
2017-07-05,0.77443,0.88269,113.55,7.8067,1.3166
2017-07-06,0.77306,0.87835,113.32,7.8101,1.3182
2017-07-07,0.77539,0.87627,113.74,7.8111,1.3149
2017-07-10,0.7767,0.87819,114.15,7.8136,1.3172
2017-07-11,0.77438,0.87681,114.3,7.811,1.3142
2017-07-12,0.77671,0.87344,113.56,7.8111,1.3072
2017-07-13,0.77266,0.87589,113.14,7.81,1.2937
2017-07-14,0.77077,0.87604,113.1,7.8083,1.2887
2017-07-17,0.76562,0.87245,112.42,7.8049,1.277
2017-07-18,0.76833,0.86543,112.04,7.8041,1.2605
2017-07-19,0.76723,0.86708,111.88,7.8088,1.26
2017-07-20,0.77247,0.8707,112.25,7.8102,1.2634
2017-07-21,0.76971,0.85896,111.42,7.8081,1.2626
2017-07-24,0.76708,0.85852,110.83,7.8066,1.2587
2017-07-25,0.76445,0.85514,111.41,7.8083,1.2565
2017-07-26,0.7667,0.85881,111.87,7.8117,1.2639
2017-07-27,0.76089,0.85514,111.44,7.81,1.25
2017-07-28,0.76365,0.85259,111.15,7.8108,1.256
2017-07-31,0.76251,0.85273,110.6,7.8109,1.2546
2017-08-01,0.7572,0.8466,110.51,7.8127,1.2541
2017-08-02,0.75598,0.84538,110.73,7.8165,1.2551
2017-08-03,0.76153,0.84317,110.38,7.8182,1.2599
2017-08-04,0.7607,0.8426,110.1,7.8178,1.2545
2017-08-07,0.76659,0.84767,110.86,7.8231,1.2638
2017-08-08,0.76755,0.84645,110.3,7.8233,1.2597
2017-08-09,0.77008,0.85244,109.74,7.8162,1.2683
2017-08-10,0.76972,0.85237,109.75,7.8145,1.269
2017-08-11,0.77046,0.84998,109.15,7.8191,1.2717
2017-08-14,0.77083,0.84767,109.59,7.8211,1.2703
2017-08-15,0.7761,0.8515,110.41,7.8231,1.2755
2017-08-16,0.77705,0.85397,110.84,7.8221,1.2727
2017-08-17,0.77708,0.85492,110.12,7.824,1.2615
2017-08-18,0.77673,0.85179,109.05,7.8221,1.2632
2017-08-21,0.77645,0.85027,108.98,7.8237,1.261
2017-08-22,0.77914,0.84955,109.36,7.8268,1.2647
2017-08-23,0.78085,0.84753,109.09,7.8263,1.2659
2017-08-24,0.77926,0.84703,109.32,7.8253,1.2664
2017-08-25,0.77984,0.84688,109.75,7.8228,1.2635
2017-08-28,0.77424,0.83857,109.3,7.8232,1.2585
2017-08-29,0.77162,0.83001,108.62,7.8244,1.2542
2017-08-30,0.77414,0.83921,110.15,7.8264,1.2602
2017-08-31,0.77778,0.84567,110.62,7.8246,1.2699
2017-09-01,0.77244,0.83893,110.14,7.8248,1.2602
2017-09-04,0.77157,0.83998,109.7,7.8244,1.2566
2017-09-05,0.77157,0.84104,109.33,7.8253,1.2533
2017-09-06,0.76631,0.83815,108.89,7.8252,1.254
2017-09-07,0.76354,0.83535,108.88,7.815,1.2468
2017-09-08,0.75678,0.82919,107.38,7.8076,1.2339
2017-09-11,0.75665,0.83354,108.68,7.8129,1.2432
2017-09-12,0.75319,0.83801,109.72,7.8132,1.2442
2017-09-13,0.75334,0.83479,110.02,7.8125,1.2446
2017-09-14,0.74988,0.8414,110.69,7.8118,1.2517
2017-09-15,0.73596,0.83591,111.11,7.8163,1.2464
2017-09-18,0.73864,0.83696,111.39,7.8164,1.251
2017-09-19,0.74024,0.83528,111.46,7.8042,1.2503
2017-09-20,0.73857,0.83285,111.29,7.8011,1.2402
2017-09-21,0.7412,0.83998,112.44,7.8043,1.2601
2017-09-22,0.73702,0.83605,112.04,7.8099,1.255
2017-09-25,0.74103,0.84267,112.24,7.8148,1.257
2017-09-26,0.74468,0.84839,111.98,7.8123,1.2678
2017-09-27,0.74581,0.85172,112.94,7.8114,1.2737
2017-09-28,0.74406,0.84904,112.55,7.8092,1.2781
2017-09-29,0.74689,0.84703,112.5,7.8108,1.2769
2017-10-02,0.75288,0.8515,112.82,7.8116,1.2803
2017-10-03,0.75549,0.85085,112.97,7.8115,1.2796
2017-10-04,0.7531,0.84839,112.39,7.8058,1.2714
2017-10-05,0.75927,0.85164,112.46,7.8097,1.2787
2017-10-06,0.7648,0.85419,112.95,7.8062,1.2864
2017-10-09,0.75936,0.85135,112.69,7.8056,1.2891
2017-10-10,0.7579,0.84767,112.36,7.8043,1.2846
2017-10-11,0.75833,0.84531,112.19,7.8059,1.2837
2017-10-12,0.76109,0.84345,112.28,7.8081,1.2799
2017-10-13,0.75343,0.84674,112.18,7.8078,1.2769
2017-10-16,0.75195,0.84724,111.83,7.809,1.2705
2017-10-17,0.75813,0.85041,112.2,7.8077,1.2751
2017-10-18,0.75992,0.85114,112.88,7.8081,1.2775
2017-10-19,0.75896,0.84502,112.54,7.8024,1.2703
2017-10-20,0.75836,0.84617,113.17,7.803,1.2739
2017-10-23,0.75886,0.85179,113.79,7.803,1.2792
2017-10-24,0.75931,0.85027,113.89,7.8057,1.2853
2017-10-25,0.7542,0.84854,114.05,7.8041,1.2967
2017-10-26,0.75734,0.85085,113.8,7.8023,1.2974
2017-10-27,0.76375,0.8617,114.19,7.8036,1.3094
2017-10-30,0.75766,0.86118,113.53,7.8006,1.3045
2017-10-31,0.75488,0.85925,113.42,7.7994,1.3069
2017-11-01,0.75254,0.86118,114.19,7.8017,1.3035
2017-11-02,0.76161,0.85874,114.13,7.8017,1.2982
2017-11-03,0.76283,0.85785,113.94,7.8024,1.3026
2017-11-06,0.76264,0.86281,114.14,7.8029,1.3046
2017-11-07,0.76144,0.8649,114.19,7.8032,1.307
2017-11-08,0.76277,0.86281,113.49,7.7966,1.3023
2017-11-09,0.76211,0.85985,113.28,7.7989,1.3021
2017-11-10,0.75828,0.85807,113.33,7.8025,1.304
2017-11-13,0.76371,0.85793,113.31,7.7991,1.3089
2017-11-14,0.76275,0.85143,113.49,7.8029,1.3079
2017-11-15,0.75938,0.84459,112.71,7.807,1.316
2017-11-16,0.75765,0.84955,113.09,7.8089,1.3174
2017-11-17,0.75782,0.84782,112.61,7.8121,1.3253
2017-11-20,0.75494,0.84882,112.13,7.8122,1.3235
2017-11-21,0.75523,0.85339,112.54,7.8123,1.3198
2017-11-22,0.75589,0.85114,112.02,7.8113,1.3195
2017-11-23,0.75122,0.84402,111.23,7.8096,1.3109
2017-11-24,0.75036,0.84196,111.34,7.8087,1.3122
2017-11-27,0.74778,0.83668,111.02,7.802,1.3099
2017-11-28,0.75318,0.84118,111.24,7.8016,1.3138
2017-11-29,0.74654,0.84552,111.81,7.8067,1.3213
2017-11-30,0.74255,0.84395,112.31,7.8086,1.3215
2017-12-01,0.7414,0.8414,112.49,7.8126,1.3204
2017-12-04,0.73936,0.84282,112.86,7.8147,1.3135
2017-12-05,0.74435,0.8441,112.58,7.8132,1.3094
2017-12-06,0.74752,0.84624,112.14,7.8127,1.3172
2017-12-07,0.74723,0.84846,112.74,7.8093,1.3306
2017-12-08,0.7454,0.85164,113.49,7.8063,1.3303
2017-12-11,0.74813,0.84774,113.31,7.8071,1.3288
2017-12-12,0.7485,0.84991,113.5,7.8062,1.3208
2017-12-13,0.74902,0.85208,113.32,7.8061,1.321
2017-12-14,0.74431,0.84424,112.61,7.8091,1.3045
2017-12-15,0.74753,0.84703,112.19,7.8115,1.3029
2017-12-18,0.74784,0.84782,112.47,7.8164,1.305
2017-12-19,0.74854,0.84581,112.69,7.8192,1.3031
2017-12-20,0.74563,0.84424,113.26,7.8241,1.3024
2017-12-21,0.74849,0.84324,113.49,7.8217,1.3029
2017-12-22,0.74722,0.84367,113.36,7.8164,1.2957
2017-12-25,0.7457619999999999,0.841882,113.288,7.815259999999999,1.29084
2017-12-26,0.7452759999999999,0.8412860000000001,113.264,7.81488,1.28922
2017-12-27,0.74479,0.84069,113.24,7.8145,1.2876
2017-12-28,0.74382,0.83794,112.9,7.8158,1.2846
2017-12-29,0.73979,0.83382,112.57,7.8146,1.2796
2018-01-01,0.7379075,0.830085,112.2775,7.8146,1.278025
2018-01-02,0.73728,0.82884,112.18,7.8146,1.2775
2018-01-03,0.73725,0.83174,112.26,7.8171,1.2758
2018-01-04,0.73852,0.82884,112.66,7.8179,1.2763
2018-01-05,0.73792,0.83022,113.28,7.8197,1.2753
2018-01-08,0.73844,0.83521,113.04,7.8223,1.277
2018-01-09,0.73978,0.83808,112.56,7.8212,1.2774
2018-01-10,0.73941,0.83389,111.42,7.8226,1.2749
2018-01-11,0.74124,0.83215,111.67,7.8224,1.2716
2018-01-12,0.73315,0.82393,111.13,7.8242,1.2702
2018-01-15,0.72528,0.81453,110.62,7.8236,1.2571
2018-01-16,0.72657,0.81766,110.71,7.8234,1.2575
2018-01-17,0.72579,0.81947,110.8,7.819,1.2549
2018-01-18,0.72095,0.81733,111.21,7.8176,1.2514
2018-01-19,0.72105,0.81599,110.6,7.8184,1.2486
2018-01-22,0.71971,0.81706,110.84,7.8184,1.249
2018-01-23,0.71704,0.81639,110.5,7.8178,1.2544
2018-01-24,0.70582,0.80959,109.4,7.817,1.2395
2018-01-25,0.70152,0.806,108.91,7.8178,1.2378
2018-01-26,0.70228,0.80412,109.32,7.8178,1.2367
2018-01-29,0.7104,0.80782,108.85,7.8183,1.2361
2018-01-30,0.70791,0.80509,108.67,7.8188,1.2354
2018-01-31,0.70571,0.80276,108.85,7.8199,1.2328
2018-02-01,0.70246,0.80263,109.66,7.82,1.2495
2018-02-02,0.70325,0.80051,109.85,7.8204,1.2512
2018-02-05,0.71196,0.80386,109.86,7.8206,1.2592
2018-02-06,0.72094,0.8111,109.47,7.8192,1.2757
2018-02-07,0.71871,0.8105,109.29,7.8184,1.2712
2018-02-08,0.71428,0.81619,109.62,7.8187,1.2809
2018-02-09,0.72305,0.8148,108.85,7.8208,1.2809
2018-02-12,0.7225,0.81546,108.64,7.8196,1.2758
2018-02-13,0.72111,0.81083,107.69,7.8219,1.2742
2018-02-14,0.72109,0.80985,107.22,7.8219,1.272
2018-02-15,0.70968,0.80045,106.55,7.8222,1.2613
2018-02-16,0.71248,0.80231,106.18,7.8208,1.2592
2018-02-19,0.71386,0.8058,106.56,7.8223,1.2632
2018-02-20,0.71449,0.81037,107.17,7.8241,1.2681
2018-02-21,0.71851,0.81222,107.55,7.825,1.2739
2018-02-22,0.71964,0.8146,107.1,7.8249,1.2788
2018-02-23,0.71502,0.81307,106.74,7.8233,1.2782
2018-02-26,0.71282,0.81169,106.82,7.8236,1.2752
2018-02-27,0.71864,0.81294,107.12,7.8264,1.2762
2018-02-28,0.72388,0.81873,107.02,7.8267,1.2803
2018-03-01,0.7273,0.82163,106.79,7.827,1.2937
2018-03-02,0.72547,0.81222,105.4,7.8295,1.2902
2018-03-05,0.72373,0.81255,105.65,7.8328,1.2909
2018-03-06,0.71844,0.80574,106.23,7.8332,1.2763
2018-03-07,0.72089,0.80535,105.83,7.8356,1.2812
2018-03-08,0.72027,0.80509,106.13,7.838,1.2811
2018-03-09,0.72324,0.8136,106.83,7.8407,1.2832
2018-03-12,0.72013,0.81288,106.52,7.8399,1.2714
2018-03-13,0.71619,0.80788,106.89,7.839,1.267
2018-03-14,0.71655,0.80847,106.53,7.8404,1.2648
2018-03-15,0.71696,0.81031,106.07,7.8416,1.275
2018-03-16,0.71745,0.81294,105.85,7.8429,1.2893
2018-03-19,0.71162,0.81241,106.14,7.8428,1.2994
2018-03-20,0.71452,0.8146,106.48,7.8442,1.298
2018-03-21,0.7114,0.81393,106.22,7.8461,1.3018
2018-03-22,0.70802,0.81195,105.35,7.8468,1.297
2018-03-23,0.70699,0.80998,105.09,7.8478,1.2942
2018-03-26,0.70299,0.80574,105.12,7.8466,1.293
2018-03-27,0.71057,0.80802,105.88,7.8469,1.2985
2018-03-28,0.70661,0.80658,106.15,7.8476,1.3012
2018-03-29,0.71009,0.81162,106.44,7.8481,1.3015
2018-03-30,0.710294,0.811792,106.39999999999999,7.8482199999999995,1.3011000000000001
2018-04-02,0.710906,0.812308,106.28,7.84858,1.2999
2018-04-03,0.71111,0.81248,106.24,7.8487,1.2995
2018-04-04,0.71337,0.8146,106.25,7.8491,1.3016
2018-04-05,0.71285,0.81566,107.06,7.8493,1.3002
2018-04-06,0.71354,0.81739,107.34,7.8481,1.3024
2018-04-09,0.7078,0.81274,107.01,7.8492,1.3045
2018-04-10,0.70531,0.809,107.01,7.8497,1.2925
2018-04-11,0.70543,0.80749,106.8,7.8498,1.2904
2018-04-12,0.70393,0.81149,107.15,7.8499,1.2897
2018-04-13,0.70147,0.81189,107.69,7.8499,1.2829
2018-04-16,0.69899,0.80841,107.33,7.85,1.2876
2018-04-17,0.69823,0.80926,107.11,7.8499,1.2875
2018-04-18,0.70314,0.80723,107.22,7.8499,1.2878
2018-04-19,0.70243,0.80762,107.32,7.8487,1.2835
2018-04-20,0.71174,0.81241,107.57,7.8453,1.2985
2018-04-23,0.71613,0.81713,108.17,7.8423,1.3082
2018-04-24,0.71619,0.8188,108.83,7.8465,1.3132
2018-04-25,0.71711,0.82068,109.18,7.8478,1.3228
2018-04-26,0.71581,0.82183,109.2,7.8479,1.3207
2018-04-27,0.72659,0.8285,109.32,7.8485,1.3235
2018-04-30,0.72821,0.82788,109.38,7.8484,1.3257
2018-05-01,0.7307250000000001,0.830365,109.59,7.849,1.3286
2018-05-02,0.73324,0.83285,109.8,7.8496,1.3315
2018-05-03,0.73532,0.83389,109.26,7.8495,1.3281
2018-05-04,0.7372,0.83549,108.92,7.8496,1.3297
2018-05-07,0.73946,0.84019,109.35,7.8498,1.3344
2018-05-08,0.74078,0.84246,109.06,7.8499,1.342
2018-05-09,0.73613,0.84182,109.64,7.8498,1.3404
2018-05-10,0.73927,0.84189,109.63,7.8499,1.3357
2018-05-11,0.73739,0.83794,109.3,7.8499,1.324
2018-05-14,0.73607,0.83417,109.5,7.8498,1.3231
2018-05-15,0.73971,0.84154,110.05,7.8499,1.3344
2018-05-16,0.74184,0.84861,110.17,7.85,1.3358
2018-05-17,0.73994,0.8471,110.68,7.8497,1.3283
2018-05-18,0.74124,0.84882,110.93,7.8499,1.3304
2018-05-21,0.7453,0.85041,111.27,7.8493,1.3283
2018-05-22,0.7435,0.84789,110.82,7.8485,1.3179
2018-05-23,0.75122,0.85412,109.85,7.8497,1.3276
2018-05-24,0.74586,0.85266,109.53,7.8481,1.3232
2018-05-25,0.74981,0.85653,109.4,7.8449,1.3211
2018-05-28,0.75116,0.85881,109.35,7.8456,1.3234
2018-05-29,0.75396,0.8652,108.91,7.8457,1.3295
2018-05-30,0.75224,0.8597,108.98,7.8463,1.3247
2018-05-31,0.74947,0.85477,108.84,7.8484,1.3175
2018-06-01,0.75139,0.85697,109.47,7.8453,1.3278
2018-06-04,0.74698,0.85201,109.43,7.8462,1.3045
2018-06-05,0.74852,0.85653,109.7,7.8468,1.3135
2018-06-06,0.74529,0.84998,110.13,7.8477,1.306
2018-06-07,0.74453,0.84488,110.05,7.8462,1.3059
2018-06-08,0.74641,0.85077,109.44,7.846,1.3184
2018-06-11,0.74792,0.84818,109.94,7.8463,1.3148
2018-06-12,0.74801,0.84832,110.31,7.8469,1.3154
2018-06-13,0.74983,0.85005,110.53,7.8481,1.3181
2018-06-14,0.74751,0.85251,110.1,7.8481,1.3226
2018-06-15,0.75302,0.86237,110.65,7.8493,1.3382
2018-06-18,0.7548,0.8611,110.45,7.8495,1.3442
2018-06-19,0.7603,0.867,109.92,7.8493,1.3608
2018-06-20,0.75901,0.86371,110.03,7.8465,1.355
2018-06-21,0.75724,0.8667,110.58,7.8461,1.3576
2018-06-22,0.7526,0.85852,110.15,7.8462,1.3462
2018-06-25,0.75248,0.8547,109.58,7.847,1.3455
2018-06-26,0.75531,0.85675,109.62,7.8485,1.3518
2018-06-27,0.75907,0.86088,110.26,7.8476,1.3537
2018-06-28,0.76422,0.86333,110.19,7.8482,1.3622
2018-06-29,0.76004,0.85778,110.69,7.8459,1.3542
2018-07-02,0.76166,0.85918,110.71,7.8465,1.3597
2018-07-03,0.75739,0.85727,110.66,7.8445,1.3511
2018-07-04,0.75681,0.85896,110.5,7.8429,1.354
2018-07-05,0.75421,0.85404,110.62,7.8476,1.3512
2018-07-06,0.75567,0.85295,110.59,7.8483,1.3484
2018-07-09,0.74939,0.84825,110.45,7.8485,1.3364
2018-07-10,0.75419,0.85375,111.24,7.8482,1.3437
2018-07-11,0.754,0.85215,111.23,7.8493,1.3523
2018-07-12,0.7571,0.85778,112.48,7.8482,1.3534
2018-07-13,0.76001,0.85889,112.55,7.8491,1.3539
2018-07-16,0.75316,0.85324,112.33,7.8489,1.3458
2018-07-17,0.75788,0.85419,112.59,7.849,1.3505
2018-07-18,0.76753,0.86125,112.76,7.8495,1.3603
2018-07-19,0.77061,0.86296,113.03,7.8498,1.3638
2018-07-20,0.76645,0.8569,112.2,7.8489,1.3554
2018-07-23,0.7611,0.85353,111.11,7.8481,1.3504
2018-07-24,0.76181,0.85426,111.11,7.8461,1.3495
2018-07-25,0.76009,0.85543,111.04,7.8455,1.3487
2018-07-26,0.75845,0.85353,110.88,7.8482,1.3479
2018-07-27,0.76407,0.86022,111.18,7.8487,1.3561
2018-07-30,0.76232,0.85587,111.08,7.848,1.3518
2018-07-31,0.76022,0.85208,111.49,7.8488,1.3466
2018-08-01,0.76129,0.85499,111.84,7.8494,1.3481
2018-08-02,0.76737,0.86081,111.41,7.8493,1.3584
2018-08-03,0.76847,0.86296,111.58,7.8491,1.3539
2018-08-06,0.77346,0.86633,111.48,7.8493,1.354
2018-08-07,0.77127,0.86192,111.08,7.8491,1.3445
2018-08-08,0.77733,0.86289,111.07,7.8498,1.3502
2018-08-09,0.77581,0.86259,111.14,7.8498,1.3479
2018-08-10,0.78278,0.87291,110.92,7.8499,1.3683
2018-08-13,0.78339,0.87696,110.59,7.8498,1.3742
2018-08-14,0.78292,0.87673,110.84,7.85,1.3761
2018-08-15,0.7873,0.88331,111.01,7.8499,1.3841
2018-08-16,0.78714,0.87951,110.84,7.8496,1.3762
2018-08-17,0.78637,0.87789,110.39,7.8494,1.3756
2018-08-20,0.78352,0.87566,110.55,7.8498,1.3687
2018-08-21,0.78021,0.86941,110.42,7.8499,1.3612
2018-08-22,0.77417,0.86088,110.26,7.8499,1.3589
2018-08-23,0.77622,0.86363,110.81,7.85,1.3721
2018-08-24,0.77839,0.86296,111.3,7.8499,1.3693
2018-08-27,0.7768,0.85962,111.03,7.8499,1.3656
2018-08-28,0.77438,0.85397,111.04,7.8499,1.3599
2018-08-29,0.77616,0.85763,111.26,7.8494,1.3713
2018-08-30,0.76769,0.85529,111.46,7.8492,1.3697
2018-08-31,0.77023,0.8583,110.76,7.8494,1.3843
2018-09-03,0.77662,0.8614,111.15,7.8499,1.3876
2018-09-04,0.77891,0.8649,111.23,7.8497,1.3917
2018-09-05,0.7799,0.86341,111.53,7.8495,1.3939
2018-09-06,0.77208,0.85955,111.35,7.8498,1.3894
2018-09-07,0.76862,0.86096,110.84,7.8498,1.3964
2018-09-10,0.7721,0.86423,111.09,7.8499,1.405
2018-09-11,0.76955,0.86401,111.3,7.8495,1.4092
2018-09-12,0.76848,0.86319,111.46,7.8493,1.4042
2018-09-13,0.76592,0.86059,111.6,7.8489,1.3913
2018-09-14,0.76335,0.85551,111.86,7.8471,1.3911
2018-09-17,0.7615,0.85682,112.06,7.8467,1.393
2018-09-18,0.76056,0.85492,112.17,7.8443,1.3887
2018-09-19,0.76123,0.85712,112.23,7.8439,1.3807
2018-09-20,0.75274,0.84969,112.14,7.8437,1.3729
2018-09-21,0.76027,0.85041,112.63,7.8102,1.3738
2018-09-24,0.75986,0.8494,112.6,7.8095,1.3749
2018-09-25,0.75932,0.84911,112.75,7.8096,1.3784
2018-09-26,0.75897,0.85201,112.98,7.8109,1.3804
2018-09-27,0.76,0.85419,112.88,7.814,1.3838
2018-09-28,0.7665,0.86386,113.36,7.8247,1.3863
2018-10-01,0.76752,0.86162,113.95,7.8277,1.3846
2018-10-02,0.7714,0.86633,113.89,7.8352,1.3931
2018-10-03,0.76979,0.86595,113.85,7.8367,1.3982
2018-10-04,0.77013,0.86941,114.16,7.8346,1.4114
2018-10-05,0.76625,0.86911,113.88,7.8339,1.414
2018-10-08,0.76677,0.87123,113.36,7.8301,1.4151
2018-10-09,0.76677,0.87451,113.21,7.8347,1.417
2018-10-10,0.76042,0.86957,113.24,7.837,1.4092
2018-10-11,0.75585,0.86393,112.31,7.8378,1.4094
2018-10-12,0.75721,0.86401,112.31,7.8362,1.4028
2018-10-15,0.76025,0.86348,111.85,7.8376,1.4015
2018-10-16,0.75596,0.86304,112.13,7.8369,1.4018
2018-10-17,0.76275,0.8673,112.25,7.8381,1.4042
2018-10-18,0.76352,0.86919,112.51,7.8394,1.401
2018-10-19,0.76739,0.87184,112.51,7.8391,1.4006
2018-10-22,0.76931,0.87002,112.78,7.8395,1.4081
2018-10-23,0.76758,0.87123,112.18,7.8402,1.4151
2018-10-24,0.77472,0.87804,112.71,7.8416,1.4107
2018-10-25,0.77552,0.87596,112.36,7.84,1.4099
2018-10-26,0.78167,0.88145,112.06,7.8405,1.4228
2018-10-29,0.78014,0.87866,112.4,7.8438,1.4112
2018-10-30,0.78393,0.87935,112.8,7.8464,1.4092
2018-10-31,0.78524,0.88355,113.23,7.8448,1.4112
2018-11-01,0.77392,0.87773,112.81,7.8375,1.3918
2018-11-02,0.76964,0.87589,112.89,7.8296,1.3874
2018-11-05,0.76988,0.87951,113.29,7.8318,1.3899
2018-11-06,0.76403,0.87504,113.15,7.8325,1.3816
2018-11-07,0.76089,0.87055,113.19,7.8293,1.3711
2018-11-08,0.76298,0.87535,113.71,7.8269,1.3715
2018-11-09,0.76726,0.88137,113.93,7.8303,1.3805
2018-11-12,0.7773,0.88771,113.8,7.8333,1.3869
2018-11-13,0.77209,0.88802,113.95,7.8289,1.3878
2018-11-14,0.77061,0.88527,113.88,7.8322,1.3861
2018-11-15,0.78169,0.88456,113.37,7.8335,1.3767
2018-11-16,0.77869,0.88137,113.14,7.8325,1.377
2018-11-19,0.77958,0.87512,112.79,7.8315,1.3704
2018-11-20,0.77846,0.87558,112.37,7.8316,1.3757
2018-11-21,0.78103,0.8765,113.1,7.8325,1.3783
2018-11-22,0.77697,0.87696,112.95,7.8312,1.3787
2018-11-23,0.77942,0.8809,112.82,7.8257,1.3837
2018-11-26,0.77832,0.88005,113.26,7.8242,1.3785
2018-11-27,0.78344,0.88277,113.58,7.8283,1.3799
2018-11-28,0.78204,0.88621,113.85,7.8277,1.382
2018-11-29,0.78278,0.87819,113.28,7.8228,1.3634
2018-11-30,0.78412,0.88036,113.56,7.8221,1.3703
2018-12-03,0.78671,0.88246,113.57,7.8199,1.3549
2018-12-04,0.78059,0.8765,112.79,7.8071,1.3543
2018-12-05,0.78285,0.88075,113.01,7.8118,1.3712
2018-12-06,0.78346,0.88098,112.8,7.8116,1.3871
2018-12-07,0.78344,0.87943,112.88,7.8151,1.3865
2018-12-10,0.78989,0.87527,112.73,7.8147,1.3866
2018-12-11,0.79293,0.87881,113.15,7.8156,1.3866
2018-12-12,0.79442,0.88137,113.41,7.8171,1.3866
2018-12-13,0.79015,0.87943,113.5,7.8096,1.3833
2018-12-14,0.79606,0.88613,113.54,7.8128,1.3959
2018-12-17,0.79261,0.88176,113.25,7.8145,1.3933
2018-12-18,0.78856,0.87897,112.38,7.8207,1.3896
2018-12-19,0.79192,0.87681,112.33,7.8247,1.3923
2018-12-20,0.78888,0.87329,111.73,7.8271,1.4016
2018-12-21,0.79039,0.87612,111.25,7.8297,1.4089
2018-12-24,0.78925,0.87658,110.86,7.833,1.4188
2018-12-25,0.79007,0.8773766666666667,110.86333333333333,7.8328,1.4193666666666667
2018-12-26,0.79089,0.8781733333333334,110.86666666666667,7.8326,1.4199333333333335
2018-12-27,0.79171,0.87897,110.87,7.8324,1.4205
2018-12-28,0.78814,0.87306,110.35,7.8327,1.4157
2018-12-31,0.78125,0.87336,109.91,7.8319,1.4166
2019-01-01,0.7861899999999999,0.87539,109.47999999999999,7.8334,1.4222
2019-01-02,0.79113,0.87742,109.05,7.8349,1.4278
2019-01-03,0.79584,0.88121,107.69,7.8326,1.4352
2019-01-04,0.78916,0.87696,108.04,7.8335,1.4197
2019-01-07,0.78392,0.87374,108.26,7.8355,1.4015
2019-01-08,0.78447,0.87413,108.79,7.8384,1.4023
2019-01-09,0.78492,0.87298,108.86,7.8384,1.3952
2019-01-10,0.7839,0.86693,108.11,7.8382,1.3898
2019-01-11,0.7805,0.86708,108.31,7.8407,1.3847
2019-01-14,0.77843,0.87207,108.08,7.8429,1.3905
2019-01-15,0.77928,0.87535,108.56,7.8426,1.3904
2019-01-16,0.77786,0.87804,108.8,7.8442,1.3938
2019-01-17,0.77448,0.8775,108.77,7.8444,1.3948
2019-01-18,0.77289,0.87704,109.44,7.8443,1.3901
2019-01-21,0.77718,0.88013,109.66,7.8449,1.3984
2019-01-22,0.77506,0.88075,109.43,7.8466,1.4024
2019-01-23,0.76725,0.87974,109.7,7.8458,1.4018
2019-01-24,0.76788,0.88176,109.72,7.8466,1.4079
2019-01-25,0.76309,0.88137,109.92,7.846,1.4048
2019-01-28,0.76097,0.87581,109.42,7.846,1.3937
2019-01-29,0.75937,0.8755,109.46,7.8463,1.3968
2019-01-30,0.76421,0.87497,109.44,7.8451,1.3899
2019-01-31,0.76234,0.87047,108.64,7.8462,1.3742
2019-02-01,0.76618,0.87176,108.89,7.8469,1.3764
2019-02-04,0.76608,0.87374,109.89,7.8462,1.3851
2019-02-05,0.76865,0.87543,109.94,7.8458,1.3806
2019-02-06,0.7712,0.87765,109.75,7.8461,1.4014
2019-02-07,0.77347,0.88145,109.66,7.8465,1.4063
2019-02-08,0.77111,0.88137,109.79,7.8459,1.4107
2019-02-11,0.77474,0.88425,110.2,7.8477,1.4133
2019-02-12,0.77643,0.88527,110.39,7.8484,1.4099
2019-02-13,0.77446,0.88456,110.74,7.8486,1.4065
2019-02-14,0.78048,0.88747,111.04,7.8475,1.4065
2019-02-15,0.78098,0.8881,110.52,7.8481,1.4064
2019-02-18,0.77348,0.88277,110.55,7.8477,1.397
2019-02-19,0.77196,0.88543,110.76,7.8488,1.4061
2019-02-20,0.76658,0.88168,110.75,7.8492,1.3969
2019-02-21,0.76453,0.88075,110.71,7.8473,1.4065
2019-02-22,0.77053,0.883,110.87,7.8485,1.406
2019-02-25,0.76467,0.88067,110.74,7.8487,1.3942
2019-02-26,0.75746,0.8802,110.84,7.8495,1.3993
2019-02-27,0.75095,0.87827,110.57,7.8496,1.3972
2019-02-28,0.75188,0.87596,110.76,7.8498,1.4005
2019-03-01,0.75523,0.8785,111.88,7.8489,1.4056
2019-03-04,0.75659,0.88207,111.94,7.8492,1.4104
2019-03-05,0.76227,0.88269,111.93,7.8497,1.4138
2019-03-06,0.76046,0.88456,111.81,7.8499,1.4217
2019-03-07,0.76196,0.88723,111.76,7.8499,1.4208
2019-03-08,0.76551,0.89111,111.14,7.8499,1.4226
2019-03-11,0.76699,0.88936,111.09,7.8499,1.4172
2019-03-12,0.76404,0.88692,111.1,7.8499,1.4125
2019-03-13,0.7598,0.88472,111.38,7.85,1.416
2019-03-14,0.75456,0.88535,111.63,7.8499,1.4192
2019-03-15,0.75535,0.88433,111.57,7.8498,1.4139
2019-03-18,0.75478,0.88113,111.5,7.8499,1.4081
2019-03-19,0.7532,0.88044,111.45,7.8501,1.4075
2019-03-20,0.75991,0.88075,111.53,7.8499,1.4091
2019-03-21,0.76096,0.87819,110.58,7.8475,1.4038
2019-03-22,0.75995,0.8848,110.25,7.8467,1.4089
2019-03-25,0.75619,0.883,110.07,7.8488,1.4067
2019-03-26,0.75573,0.88566,110.46,7.8489,1.4022
2019-03-27,0.75587,0.88802,110.49,7.8491,1.4109
2019-03-28,0.76266,0.89142,110.68,7.85,1.4129
2019-03-29,0.76395,0.89008,110.77,7.85,1.4082
2019-04-01,0.76235,0.89,110.96,7.8499,1.404
2019-04-02,0.76786,0.89286,111.37,7.8498,1.4122
2019-04-03,0.75949,0.88944,111.45,7.849,1.4048
2019-04-04,0.76137,0.89135,111.43,7.8494,1.4066
2019-04-05,0.76505,0.89023,111.67,7.8495,1.4054
2019-04-08,0.76634,0.88921,111.47,7.847,1.407
2019-04-09,0.76558,0.88676,111.3,7.8425,1.3994
2019-04-10,0.76321,0.8866,111.16,7.838,1.3995
2019-04-11,0.76499,0.88778,111.24,7.8439,1.3991
2019-04-12,0.76221,0.88331,111.97,7.8428,1.3931
2019-04-15,0.76288,0.88394,111.96,7.8392,1.3932
2019-04-16,0.76418,0.88456,111.98,7.843,1.3947
2019-04-17,0.76624,0.88488,111.95,7.845,1.3903
2019-04-18,0.76862,0.88889,111.88,7.8458,1.3972
2019-04-19,0.768654,0.888968,111.88199999999999,7.84554,1.39902
2019-04-22,0.768756,0.8892019999999999,111.888,7.84476,1.4044800000000002
2019-04-23,0.76879,0.88928,111.89,7.8445,1.4063
2019-04-24,0.7721,0.89214,111.82,7.8428,1.4205
2019-04-25,0.77708,0.89904,111.89,7.8435,1.43
2019-04-26,0.77553,0.89823,111.78,7.8449,1.4214
2019-04-29,0.77435,0.89686,111.78,7.8439,1.4193
2019-04-30,0.76884,0.89142,111.37,7.8452,1.4183
2019-05-01,0.767625,0.89166,111.435,7.8451,1.42135
2019-05-02,0.76641,0.8919,111.5,7.845,1.4244
2019-05-03,0.76903,0.89646,111.52,7.8451,1.4292
2019-05-06,0.76319,0.89294,110.84,7.8463,1.4306
2019-05-07,0.76571,0.89405,110.62,7.8481,1.4255
2019-05-08,0.76857,0.8927,110.08,7.8488,1.4272
2019-05-09,0.76941,0.89342,109.81,7.8481,1.4336
2019-05-10,0.76803,0.89047,109.75,7.8482,1.43
2019-05-13,0.7679,0.88928,109.44,7.8488,1.4355
2019-05-14,0.77252,0.89079,109.57,7.8489,1.4397
2019-05-15,0.77636,0.89421,109.31,7.8498,1.4456
2019-05-16,0.78071,0.89262,109.62,7.8491,1.4472
2019-05-17,0.78406,0.89509,109.51,7.8494,1.4535
2019-05-20,0.78463,0.8955,109.85,7.8496,1.4454
2019-05-21,0.78497,0.89598,110.45,7.8496,1.4535
2019-05-22,0.79026,0.89518,110.35,7.85,1.4521
2019-05-23,0.79091,0.89775,110.03,7.8485,1.4543
2019-05-24,0.78947,0.89389,109.6,7.8489,1.4486
2019-05-27,0.78786,0.89302,109.45,7.8495,1.4438
2019-05-28,0.78961,0.8935,109.41,7.8484,1.4441
2019-05-29,0.79083,0.89638,109.28,7.8496,1.4446
2019-05-30,0.79197,0.89815,109.66,7.8486,1.4458
2019-05-31,0.79538,0.89678,108.75,7.843,1.447
2019-06-03,0.79229,0.89405,108.33,7.8359,1.4374
2019-06-04,0.7892,0.88936,108.16,7.8391,1.4333
2019-06-05,0.78734,0.88834,108.34,7.8402,1.4315
2019-06-06,0.78606,0.88763,108.13,7.8407,1.4319
2019-06-07,0.78661,0.88708,108.46,7.8414,1.4347
2019-06-10,0.78974,0.88488,108.65,7.843,1.4366
2019-06-11,0.78697,0.88339,108.74,7.8357,1.4375
2019-06-12,0.78429,0.88316,108.38,7.8221,1.4388
2019-06-13,0.78792,0.88582,108.46,7.8284,1.4471
2019-06-14,0.79088,0.88771,108.21,7.8269,1.4491
2019-06-17,0.79409,0.89015,108.65,7.8301,1.4558
2019-06-18,0.79917,0.89389,108.23,7.8344,1.4614
2019-06-19,0.79432,0.8923,108.41,7.8239,1.4547
2019-06-20,0.78849,0.88441,107.64,7.8163,1.4436
2019-06-21,0.79025,0.8837,107.49,7.8141,1.448
2019-06-24,0.78432,0.87765,107.29,7.8111,1.438
2019-06-25,0.78578,0.87812,107.1,7.8078,1.4349
2019-06-26,0.78862,0.88013,107.73,7.8088,1.4326
2019-06-27,0.78653,0.87951,107.86,7.8132,1.4293
2019-06-28,0.78783,0.87873,107.73,7.809,1.4274
2019-07-01,0.79054,0.88113,108.32,7.8103,1.4297
2019-07-02,0.79146,0.88488,108.27,7.8041,1.4295
2019-07-03,0.79474,0.8855,107.69,7.7972,1.425
2019-07-04,0.79491,0.8859,107.77,7.7869,1.4242
2019-07-05,0.79665,0.8881,108.14,7.7938,1.426
2019-07-08,0.79915,0.89166,108.6,7.8004,1.4318
2019-07-09,0.80299,0.89246,108.82,7.8097,1.4426
2019-07-10,0.8015,0.89127,108.91,7.8157,1.4447
2019-07-11,0.79566,0.88613,108.05,7.8214,1.4315
2019-07-12,0.7979,0.88865,108.26,7.8231,1.4309
2019-07-15,0.79752,0.88739,107.92,7.8269,1.4219
2019-07-16,0.80424,0.89103,107.93,7.8175,1.4216
2019-07-17,0.80553,0.89166,108.27,7.8142,1.4275
2019-07-18,0.80111,0.89158,107.78,7.8151,1.4215
2019-07-19,0.79846,0.89079,107.72,7.8052,1.4175
2019-07-22,0.80221,0.89166,107.92,7.8096,1.4188
2019-07-23,0.80399,0.89501,108.14,7.8104,1.4229
2019-07-24,0.80021,0.89767,108.09,7.8131,1.4327
2019-07-25,0.80039,0.89969,108.1,7.8139,1.4344
2019-07-26,0.80475,0.89783,108.69,7.8181,1.4439
2019-07-29,0.81341,0.89936,108.65,7.8188,1.4489
2019-07-30,0.82171,0.89654,108.48,7.8231,1.4514
2019-07-31,0.82166,0.89678,108.55,7.8279,1.4505
2019-08-01,0.82586,0.90604,108.89,7.8252,1.4619
2019-08-02,0.82392,0.90041,106.76,7.8268,1.4735
2019-08-05,0.82168,0.89429,106.07,7.8374,1.4774
2019-08-06,0.82086,0.89389,106.46,7.8368,1.472
2019-08-07,0.82443,0.8927,105.77,7.8409,1.4844
2019-08-08,0.82297,0.89342,105.99,7.8419,1.4726
2019-08-09,0.8289,0.89302,105.83,7.8398,1.4692
2019-08-12,0.82736,0.89334,105.14,7.8457,1.482
2019-08-13,0.82721,0.89111,105.16,7.8468,1.4783
2019-08-14,0.82832,0.89381,105.9,7.8454,1.4819
2019-08-15,0.82388,0.89686,106.16,7.8422,1.4746
2019-08-16,0.82189,0.90285,106.33,7.8425,1.4735
2019-08-19,0.82485,0.90066,106.58,7.8443,1.4749
2019-08-20,0.82722,0.90285,106.35,7.8429,1.4759
2019-08-21,0.82443,0.90058,106.48,7.8415,1.4713
2019-08-22,0.82243,0.90228,106.59,7.8398,1.4779
2019-08-23,0.81747,0.90375,106.45,7.8424,1.4818
2019-08-26,0.81691,0.8996,105.86,7.8441,1.478
2019-08-27,0.81444,0.90058,105.75,7.8449,1.478
2019-08-28,0.81948,0.90228,105.73,7.8462,1.4825
2019-08-29,0.81766,0.90318,106.29,7.8465,1.4814
2019-08-30,0.82063,0.90613,106.27,7.8424,1.4859
2019-09-02,0.82805,0.91174,106.36,7.8429,1.4896
2019-09-03,0.83099,0.91433,106.11,7.8438,1.4855
2019-09-04,0.81916,0.90761,106.22,7.8407,1.4726
2019-09-05,0.81009,0.90432,106.68,7.8392,1.4659
2019-09-06,0.81287,0.90686,107.02,7.8395,1.4632
2019-09-09,0.80916,0.90637,106.96,7.8404,1.4562
2019-09-10,0.80888,0.9058,107.36,7.8405,1.4586
2019-09-11,0.81008,0.90884,107.71,7.8398,1.4561
2019-09-12,0.81109,0.91216,107.76,7.8287,1.4543
2019-09-13,0.80293,0.90123,107.99,7.8255,1.4533
2019-09-16,0.80238,0.90654,107.84,7.8203,1.4554
2019-09-17,0.80549,0.90695,108.14,7.8239,1.4622
2019-09-18,0.80268,0.90473,108.15,7.8289,1.4611
2019-09-19,0.8018,0.90359,107.94,7.8295,1.472
2019-09-20,0.79991,0.90662,107.99,7.8344,1.4726
2019-09-23,0.80421,0.91033,107.48,7.8394,1.4769
2019-09-24,0.80117,0.90884,107.65,7.8401,1.4713
2019-09-25,0.80739,0.91058,107.45,7.8364,1.4784
2019-09-26,0.80915,0.91424,107.63,7.8386,1.4776
2019-09-27,0.81187,0.91449,108.1,7.8397,1.4803
2019-09-30,0.81342,0.91836,107.99,7.8398,1.4809
2019-10-01,0.81625,0.9176,108.28,7.8408,1.4933
2019-10-02,0.81437,0.91533,107.52,7.8413,1.4967
2019-10-03,0.81079,0.91316,106.99,7.8424,1.4879
2019-10-04,0.81105,0.91083,106.78,7.8422,1.4798
2019-10-07,0.81102,0.90967,106.83,7.8447,1.4842
2019-10-08,0.81736,0.91025,106.89,7.8443,1.4824
2019-10-09,0.81823,0.91066,107.38,7.8447,1.4827
2019-10-10,0.81736,0.90662,107.45,7.8442,1.4784
2019-10-11,0.79252,0.90555,108.44,7.8433,1.4712
2019-10-14,0.7976,0.90654,108.24,7.8442,1.4799
2019-10-15,0.79093,0.90851,108.32,7.8451,1.4802
2019-10-16,0.78512,0.90703,108.75,7.8458,1.487
2019-10-17,0.78143,0.89985,108.71,7.8441,1.4662
2019-10-18,0.77562,0.89734,108.55,7.8424,1.4607
2019-10-21,0.76909,0.89501,108.56,7.8435,1.4535
2019-10-22,0.77327,0.89847,108.6,7.8432,1.4588
2019-10-23,0.77684,0.89904,108.45,7.8428,1.4611
2019-10-24,0.77541,0.89863,108.61,7.8392,1.4623
2019-10-25,0.77967,0.90033,108.57,7.8372,1.4648
2019-10-28,0.77864,0.90196,108.86,7.8401,1.4652
2019-10-29,0.77808,0.90131,108.95,7.8408,1.4589
2019-10-30,0.77616,0.90041,108.94,7.8408,1.4586
2019-10-31,0.77222,0.89654,108.24,7.8358,1.4467
2019-11-01,0.77213,0.89775,108.12,7.8371,1.45
2019-11-04,0.77405,0.89622,108.38,7.8384,1.4481
2019-11-05,0.77516,0.90017,108.86,7.8351,1.4474
2019-11-06,0.77577,0.90171,109.0,7.8256,1.4491
2019-11-07,0.78037,0.90277,109.15,7.826,1.4498
2019-11-08,0.78084,0.90629,109.41,7.8278,1.456
2019-11-11,0.77659,0.90572,108.95,7.8274,1.4587
2019-11-12,0.77912,0.90785,109.16,7.8259,1.4605
2019-11-13,0.77921,0.9086,108.84,7.8325,1.4653
2019-11-14,0.77879,0.90934,108.66,7.8292,1.4743
2019-11-15,0.77633,0.90629,108.71,7.8268,1.4701
2019-11-18,0.77145,0.90408,108.99,7.8287,1.4684
2019-11-19,0.77253,0.90277,108.75,7.8278,1.4656
2019-11-20,0.77507,0.90424,108.47,7.8261,1.4673
2019-11-21,0.77133,0.90163,108.61,7.8207,1.468
2019-11-22,0.77754,0.90432,108.55,7.8247,1.4729
2019-11-25,0.77684,0.90843,108.9,7.8274,1.4746
2019-11-26,0.77781,0.90744,108.97,7.8272,1.4747
2019-11-27,0.77618,0.90835,109.17,7.8278,1.4733
2019-11-28,0.77401,0.90868,109.5,7.827,1.4769
2019-11-29,0.77604,0.91058,109.66,7.8268,1.4777
2019-12-02,0.77309,0.90719,109.54,7.8288,1.4733
2019-12-03,0.76958,0.90326,108.74,7.829,1.462
2019-12-04,0.76356,0.90245,108.7,7.829,1.4622
2019-12-05,0.7614,0.90139,108.79,7.8288,1.4648
2019-12-06,0.76125,0.90139,108.56,7.8287,1.4593
2019-12-09,0.76023,0.90293,108.49,7.8277,1.4653
2019-12-10,0.75899,0.90277,108.58,7.8262,1.4693
2019-12-11,0.76068,0.90293,108.75,7.8138,1.4622
2019-12-12,0.75927,0.89791,108.6,7.8049,1.4515
2019-12-13,0.74734,0.89493,109.57,7.7915,1.4461
2019-12-16,0.74839,0.89718,109.43,7.7926,1.4514
2019-12-17,0.75925,0.8959,109.58,7.7901,1.4598
2019-12-18,0.76523,0.89969,109.59,7.7882,1.4599
2019-12-19,0.76525,0.89952,109.5,7.7977,1.4561
2019-12-20,0.76717,0.90114,109.32,7.7959,1.4498
2019-12-23,0.77389,0.90293,109.42,7.7862,1.4454
2019-12-24,0.77196,0.90253,109.38,7.7879,1.4458
2019-12-25,0.76907,0.90056,109.45,7.7875,1.4419333333333333
2019-12-26,0.76618,0.89859,109.52,7.7871,1.4380666666666666
2019-12-27,0.76329,0.89662,109.59,7.7867,1.4342
2019-12-30,0.76153,0.89373,109.21,7.7874,1.4293
2019-12-31,0.75734,0.89015,108.55,7.7865,1.4238
2020-01-01,0.7576050000000001,0.891785,108.66,7.7887,1.4268999999999998
2020-01-02,0.75787,0.89342,108.77,7.7909,1.43
2020-01-03,0.76357,0.8971,108.14,7.779,1.4381
2020-01-06,0.76126,0.89334,108.11,7.7701,1.44
2020-01-07,0.76247,0.89509,108.44,7.7726,1.4546
2020-01-08,0.76354,0.89969,108.74,7.7754,1.457
2020-01-09,0.76764,0.90009,109.4,7.7693,1.4575
2020-01-10,0.76467,0.90163,109.64,7.7664,1.4545
2020-01-13,0.77081,0.8988,109.88,7.7749,1.4486
2020-01-14,0.77029,0.89969,110.05,7.7775,1.4494
2020-01-15,0.76901,0.8975,109.88,7.7716,1.4529
2020-01-16,0.76524,0.89534,109.95,7.7726,1.4428
2020-01-17,0.76616,0.90025,110.11,7.7685,1.4514
2020-01-20,0.76928,0.90212,110.18,7.7683,1.4573
2020-01-21,0.765,0.89969,110.04,7.7699,1.4554
2020-01-22,0.76159,0.90188,109.97,7.7715,1.4596
2020-01-23,0.76186,0.90163,109.55,7.7722,1.456
2020-01-24,0.76405,0.90621,109.61,7.7725,1.4614
2020-01-27,0.76515,0.90703,108.94,7.7773,1.4776
2020-01-28,0.76877,0.90868,109.06,7.7763,1.4802
2020-01-29,0.76884,0.90901,109.14,7.7723,1.4816
2020-01-30,0.76329,0.9067,108.83,7.7684,1.4881
2020-01-31,0.76163,0.90481,108.89,7.7672,1.4924
2020-02-03,0.76609,0.90367,108.53,7.7657,1.493
2020-02-04,0.76828,0.90514,109.09,7.7666,1.488
2020-02-05,0.76607,0.90719,109.72,7.763,1.4786
2020-02-06,0.77102,0.90884,109.85,7.7633,1.4798
2020-02-07,0.77236,0.91166,109.86,7.7644,1.4967
2020-02-10,0.77279,0.91316,109.74,7.7654,1.4951
2020-02-11,0.77355,0.91735,109.83,7.7661,1.4916
2020-02-12,0.77019,0.91625,109.98,7.7687,1.482
2020-02-13,0.76723,0.92022,109.7,7.7664,1.485
2020-02-14,0.76746,0.92234,109.86,7.7674,1.4897
2020-02-17,0.76823,0.92293,109.88,7.7674,1.4886
2020-02-18,0.76724,0.92456,109.74,7.7685,1.4973
2020-02-19,0.76989,0.92593,110.51,7.7708,1.4946
2020-02-20,0.77702,0.92678,112.01,7.7813,1.5101
2020-02-21,0.77317,0.92584,111.99,7.7879,1.515
2020-02-24,0.77494,0.92439,111.41,7.7948,1.5145
2020-02-25,0.77149,0.92251,110.63,7.7901,1.5168
2020-02-26,0.77379,0.91954,110.46,7.7924,1.5232
2020-02-27,0.77522,0.91208,109.87,7.7942,1.5206
2020-02-28,0.77722,0.911,108.74,7.7936,1.5373
2020-03-02,0.78325,0.89912,107.73,7.7796,1.5283
2020-03-03,0.78268,0.89952,107.74,7.7783,1.5212
2020-03-04,0.78067,0.89888,107.49,7.7696,1.5096
2020-03-05,0.77474,0.89389,106.94,7.7712,1.5122
2020-03-06,0.76892,0.88215,105.05,7.7707,1.5087
2020-03-09,0.76277,0.87291,102.23,7.7724,1.5127
2020-03-10,0.76721,0.87796,104.17,7.7696,1.5256
2020-03-11,0.77355,0.88215,104.58,7.7691,1.534
2020-03-12,0.78846,0.88968,103.95,7.7817,1.5724
2020-03-13,0.80214,0.90058,107.27,7.7679,1.5926
2020-03-16,0.8149,0.8963,105.55,7.7693,1.6311
2020-03-17,0.82702,0.91058,106.99,7.7649,1.6652
2020-03-18,0.84315,0.91458,107.72,7.7663,1.6982
2020-03-19,0.86089,0.92584,109.83,7.7631,1.7253
2020-03-20,0.85017,0.93397,110.55,7.7572,1.7023
2020-03-23,0.86219,0.92739,110.46,7.7558,1.7236
2020-03-24,0.8494,0.92225,110.66,7.755,1.6891
2020-03-25,0.84514,0.92362,111.45,7.7529,1.6619
2020-03-26,0.83187,0.91066,109.44,7.753,1.6539
2020-03-27,0.81755,0.911,108.74,7.7521,1.6588
2020-03-30,0.80569,0.90629,108.16,7.7541,1.6332
2020-03-31,0.80908,0.91274,108.53,7.7533,1.6399
2020-04-01,0.80889,0.91441,107.49,7.7525,1.6508
2020-04-02,0.80449,0.91693,107.34,7.7522,1.6477
2020-04-03,0.81456,0.92721,108.58,7.7538,1.6694
2020-04-06,0.81364,0.9267,108.92,7.7519,1.6486
2020-04-07,0.80931,0.9187,108.91,7.752,1.6149
2020-04-08,0.80901,0.91988,108.88,7.7525,1.6186
2020-04-09,0.80579,0.92022,108.89,7.7537,1.6052
2020-04-10,0.80381,0.918608,108.576,7.75318,1.59682
2020-04-13,0.79787,0.913772,107.634,7.75162,1.57168
2020-04-14,0.79589,0.91216,107.32,7.7511,1.5633
2020-04-15,0.80148,0.91718,107.42,7.7514,1.5866
2020-04-16,0.80054,0.91844,107.57,7.7508,1.5858
2020-04-17,0.8009,0.92081,107.61,7.7506,1.5735
2020-04-20,0.80426,0.92081,107.84,7.7503,1.5732
2020-04-21,0.81314,0.92276,107.4,7.75,1.5932
2020-04-22,0.80905,0.92022,107.67,7.7501,1.5827
2020-04-23,0.80951,0.92833,107.45,7.7506,1.5706
2020-04-24,0.81017,0.92593,107.61,7.7506,1.5688
2020-04-27,0.80412,0.92149,107.1,7.7501,1.5476
2020-04-28,0.80057,0.91937,106.7,7.7504,1.5385
2020-04-29,0.80592,0.92234,106.55,7.7503,1.5362
2020-04-30,0.79905,0.91946,106.54,7.751,1.5261
2020-05-01,0.800115,0.9180725000000001,106.60000000000001,7.7516,1.5335
2020-05-04,0.80331,0.91391,106.78,7.7534,1.5557
2020-05-05,0.80291,0.92225,106.71,7.7522,1.5517
2020-05-06,0.80737,0.92533,106.09,7.7508,1.5773
2020-05-07,0.81126,0.92739,106.57,7.7511,1.5491
2020-05-08,0.8073,0.92225,106.37,7.7517,1.5321
2020-05-11,0.81185,0.92387,107.32,7.7506,1.5437
2020-05-12,0.80837,0.92098,107.35,7.7504,1.5311
2020-05-13,0.81145,0.91954,106.92,7.7504,1.5344
2020-05-14,0.82001,0.92661,107.01,7.7508,1.5572
2020-05-15,0.8218,0.9261,106.99,7.7508,1.5563
2020-05-18,0.82305,0.92319,107.38,7.7515,1.5451
2020-05-19,0.81767,0.91324,107.76,7.7507,1.5298
2020-05-20,0.81546,0.91258,107.64,7.7501,1.5197
2020-05-21,0.81766,0.90909,107.65,7.7544,1.5191
2020-05-22,0.82138,0.91709,107.54,7.756,1.531
2020-05-25,0.82049,0.91659,107.67,7.7543,1.5287
2020-05-26,0.80982,0.91116,107.44,7.752,1.507
2020-05-27,0.81517,0.90984,107.89,7.7522,1.5071
2020-05-28,0.81452,0.90777,107.73,7.753,1.5091
2020-05-29,0.80898,0.89799,107.12,7.7539,1.4979
2020-06-01,0.8067,0.8996,107.73,7.7514,1.4833
2020-06-02,0.79723,0.89493,108.13,7.7509,1.4596
2020-06-03,0.79565,0.89334,108.58,7.7503,1.4544
2020-06-04,0.7972,0.88889,108.87,7.7501,1.4468
2020-06-05,0.78948,0.88261,109.24,7.7501,1.4322
2020-06-08,0.79019,0.88613,109.36,7.7501,1.4316
2020-06-09,0.78909,0.88543,108.15,7.7501,1.4403
2020-06-10,0.78209,0.87912,107.39,7.7501,1.4259
2020-06-11,0.79014,0.88121,107.08,7.7503,1.447
2020-06-12,0.79311,0.88464,107.27,7.7501,1.455
2020-06-15,0.79666,0.88865,107.38,7.75,1.4641
2020-06-16,0.79033,0.88433,107.35,7.7497,1.4436
2020-06-17,0.79637,0.89031,107.42,7.7501,1.4505
2020-06-18,0.80225,0.89111,106.93,7.7501,1.4575
2020-06-19,0.80736,0.89206,106.84,7.751,1.4506
2020-06-22,0.80556,0.89182,106.92,7.7501,1.453
2020-06-23,0.80076,0.88355,106.95,7.7501,1.4377
2020-06-24,0.80091,0.88652,106.65,7.7501,1.4488
2020-06-25,0.80476,0.89286,107.37,7.7504,1.4572
2020-06-26,0.80777,0.89182,106.96,7.7503,1.4548
2020-06-29,0.81124,0.88621,107.29,7.7504,1.4539
2020-06-30,0.81482,0.89302,107.75,7.7503,1.4595
2020-07-01,0.80741,0.89286,107.42,7.7507,1.4525
2020-07-02,0.79944,0.88605,107.43,7.7502,1.4439
2020-07-03,0.80292,0.89095,107.52,7.7501,1.4411
2020-07-06,0.79916,0.883,107.53,7.75,1.4331
2020-07-07,0.79849,0.88574,107.71,7.7501,1.4403
2020-07-08,0.79677,0.88605,107.56,7.7501,1.4391
2020-07-09,0.79047,0.88168,107.27,7.75,1.4318
2020-07-10,0.79434,0.88684,106.85,7.7506,1.4408
2020-07-13,0.79387,0.88269,107.16,7.7508,1.4342
2020-07-14,0.79805,0.87912,107.4,7.7513,1.4372
2020-07-15,0.79116,0.87382,106.82,7.7524,1.4237
2020-07-16,0.79617,0.87612,107.1,7.7545,1.4314
2020-07-17,0.79697,0.87504,107.22,7.7544,1.4316
2020-07-20,0.79119,0.87352,107.12,7.7519,1.429
2020-07-21,0.78699,0.8739,107.23,7.7518,1.4117
2020-07-22,0.78704,0.86371,107.05,7.751,1.3939
2020-07-23,0.78827,0.86438,107.17,7.7514,1.4043
2020-07-24,0.78381,0.86147,106.27,7.7514,1.4108
2020-07-27,0.7767,0.85034,105.34,7.7512,1.4007
2020-07-28,0.77638,0.85346,105.27,7.7503,1.4007
2020-07-29,0.77087,0.85288,105.14,7.75,1.3943
2020-07-30,0.7687,0.85157,105.24,7.7502,1.4005
2020-07-31,0.76007,0.84402,104.92,7.7503,1.3916
2020-08-03,0.76764,0.85281,106.18,7.7505,1.4078
2020-08-04,0.76783,0.84998,106.06,7.75,1.402
2020-08-05,0.76147,0.8436,105.76,7.7502,1.3848
2020-08-06,0.76022,0.84438,105.51,7.7502,1.3926
2020-08-07,0.76477,0.84624,105.7,7.7503,1.3881
2020-08-10,0.76643,0.85012,106.04,7.7502,1.398
2020-08-11,0.76248,0.84868,106.06,7.7501,1.3923
2020-08-12,0.76863,0.84955,106.97,7.7509,1.4029
2020-08-13,0.76374,0.84509,106.97,7.7503,1.3963
2020-08-14,0.76334,0.84653,106.67,7.7504,1.3989
2020-08-17,0.76457,0.84367,106.29,7.7503,1.3908
2020-08-18,0.75907,0.83991,105.44,7.7502,1.3814
2020-08-19,0.7571,0.83801,105.37,7.7502,1.3767
2020-08-20,0.76095,0.84388,105.87,7.7502,1.3961
2020-08-21,0.76264,0.84969,105.81,7.7502,1.3971
2020-08-24,0.76116,0.8441,105.73,7.7502,1.3889
2020-08-25,0.76134,0.84645,106.37,7.7504,1.3943
2020-08-26,0.76079,0.84825,106.32,7.7503,1.3887
2020-08-27,0.75813,0.84703,106.17,7.75,1.3799
2020-08-28,0.75089,0.83928,105.24,7.7503,1.361
2020-08-31,0.75046,0.83752,105.92,7.7501,1.358
2020-09-01,0.74226,0.83424,105.88,7.7501,1.355
2020-09-02,0.74901,0.8431,106.23,7.7502,1.3634
2020-09-03,0.75455,0.84653,106.54,7.7504,1.373
2020-09-04,0.75431,0.84445,106.22,7.7504,1.3757
2020-09-07,0.75977,0.84574,106.22,7.7504,1.3728
2020-09-08,0.76753,0.84854,106.24,7.7504,1.3819
2020-09-09,0.77476,0.8494,106.22,7.7504,1.3815
2020-09-10,0.77298,0.84395,106.14,7.7504,1.3741
2020-09-11,0.77955,0.8436,106.14,7.7502,1.3703
2020-09-14,0.77627,0.84203,105.94,7.7502,1.3748
2020-09-15,0.77443,0.8409,105.44,7.7501,1.3639
2020-09-16,0.77027,0.84253,105.08,7.75,1.3627
2020-09-17,0.77588,0.84767,104.59,7.7501,1.3692
2020-09-18,0.77172,0.84509,104.36,7.7501,1.3726
2020-09-21,0.7772,0.84839,104.1,7.75,1.3778
2020-09-22,0.78146,0.85179,104.58,7.7501,1.3874
2020-09-23,0.78588,0.85529,105.12,7.7501,1.406
2020-09-24,0.78341,0.85874,105.39,7.7501,1.4203
2020-09-25,0.78514,0.85955,105.5,7.7501,1.4224
2020-09-28,0.77556,0.8569,105.42,7.75,1.415
2020-09-29,0.77733,0.85455,105.63,7.75,1.4025
2020-09-30,0.77925,0.85412,105.71,7.7504,1.404
2020-10-01,0.77198,0.85092,105.5,7.7503,1.3886
2020-10-02,0.773,0.85251,105.2,7.7502,1.3957
2020-10-05,0.77167,0.84976,105.58,7.7501,1.3918
2020-10-06,0.77201,0.84782,105.62,7.7501,1.3965
2020-10-07,0.77666,0.84962,105.97,7.7501,1.4019
2020-10-08,0.77378,0.84998,105.98,7.7502,1.3958
2020-10-09,0.77293,0.84782,105.93,7.7501,1.3908
2020-10-12,0.76784,0.84753,105.44,7.7501,1.3863
2020-10-13,0.76857,0.84839,105.52,7.7501,1.3916
2020-10-14,0.76932,0.85106,105.28,7.75,1.3939
2020-10-15,0.77394,0.85485,105.27,7.75,1.4151
2020-10-16,0.77434,0.85172,105.26,7.75,1.41
2020-10-19,0.76867,0.84854,105.31,7.75,1.4064
2020-10-20,0.77332,0.84674,105.66,7.75,1.4226
2020-10-21,0.76573,0.84374,104.85,7.7501,1.4118
2020-10-22,0.76367,0.84595,104.66,7.7501,1.408
2020-10-23,0.7648,0.84345,104.73,7.7501,1.3983
2020-10-26,0.76787,0.8461,105.03,7.7501,1.4038
2020-10-27,0.76672,0.84517,104.58,7.7501,1.4017
2020-10-28,0.7731,0.85273,104.34,7.7501,1.4158
2020-10-29,0.77264,0.85441,104.31,7.7525,1.4246
2020-10-30,0.77114,0.85485,104.6,7.754,1.4159
2020-11-02,0.77285,0.85822,104.64,7.7521,1.4189
2020-11-03,0.76946,0.85455,104.73,7.7503,1.402
2020-11-04,0.76746,0.85317,104.35,7.7529,1.3946
2020-11-05,0.76297,0.84353,103.64,7.7539,1.3797
2020-11-06,0.76184,0.84246,103.34,7.7532,1.3782
2020-11-09,0.75927,0.84154,104.91,7.7529,1.3662
2020-11-10,0.75528,0.84688,105.32,7.7547,1.3751
2020-11-11,0.75586,0.84991,105.45,7.7546,1.3745
2020-11-12,0.7613,0.8481,105.38,7.7541,1.3793
2020-11-13,0.75906,0.84638,104.85,7.7535,1.3796
2020-11-16,0.75925,0.84531,104.95,7.7536,1.3716
2020-11-17,0.75396,0.84161,104.17,7.7528,1.3664
2020-11-18,0.75306,0.8426,103.88,7.7524,1.3672
2020-11-19,0.75539,0.84517,104.02,7.7533,1.3753
2020-11-20,0.75354,0.84296,103.84,7.7528,1.3679
2020-11-23,0.7469,0.84027,103.75,7.752,1.364
2020-11-24,0.75021,0.84282,104.56,7.7514,1.3633
2020-11-25,0.74961,0.84104,104.45,7.7511,1.3616
2020-11-26,0.74898,0.84034,104.24,7.7508,1.3582
2020-11-27,0.75023,0.83879,104.2,7.7507,1.3573
2020-11-30,0.74996,0.83472,104.17,7.7514,1.3561
2020-12-01,0.75032,0.83556,104.38,7.7518,1.3598
2020-12-02,0.74996,0.82878,104.53,7.7519,1.3579
2020-12-03,0.74363,0.82298,104.1,7.7515,1.3465
2020-12-04,0.74251,0.82244,103.99,7.7506,1.3477
2020-12-07,0.7521,0.82454,104.14,7.7506,1.3501
2020-12-08,0.75238,0.82549,104.16,7.7509,1.3484
2020-12-09,0.74325,0.82583,104.1,7.7518,1.3366
2020-12-10,0.75196,0.82542,104.44,7.7514,1.334
2020-12-11,0.76106,0.82461,104.13,7.7512,1.3268
2020-12-14,0.74577,0.82223,103.69,7.7515,1.3208
2020-12-15,0.7479,0.82372,103.86,7.7521,1.3273
2020-12-16,0.73796,0.82041,103.35,7.752,1.3211
2020-12-17,0.73534,0.81659,103.05,7.7527,1.3108
2020-12-18,0.74091,0.81573,103.34,7.7526,1.3139
2020-12-21,0.75257,0.82149,103.54,7.7531,1.3308
2020-12-22,0.74473,0.81706,103.37,7.7527,1.3229
2020-12-23,0.74552,0.82196,103.56,7.7528,1.3248
2020-12-24,0.73645,0.82014,103.65,7.753,1.3154
2020-12-25,0.7373125,0.819705,103.6275,7.75295,1.3155999999999999
2020-12-28,0.7399,0.8184,103.56,7.7528,1.3162
2020-12-29,0.74119,0.81573,103.78,7.7529,1.315
2020-12-30,0.73534,0.81427,103.06,7.7526,1.3049
2020-12-31,0.73265,0.81493,103.08,7.7534,1.2954
2021-01-01,0.7328,0.8145150000000001,103.055,7.753275,1.2954
2021-01-04,0.73325,0.81327,102.98,7.7529,1.2954
2021-01-05,0.73615,0.81493,102.88,7.7529,1.2979
2021-01-06,0.7346,0.8105,102.96,7.7532,1.2825
2021-01-07,0.73469,0.8146,103.56,7.753,1.29
2021-01-08,0.73574,0.81633,103.89,7.7536,1.2864
2021-01-11,0.74188,0.82217,104.22,7.7555,1.2976
2021-01-12,0.73547,0.8223,104.22,7.7554,1.2945
2021-01-13,0.73141,0.82196,103.93,7.7541,1.2933
2021-01-14,0.73361,0.82481,104.1,7.7536,1.2902
2021-01-15,0.73413,0.82488,103.72,7.7543,1.2934
2021-01-18,0.73834,0.82891,103.76,7.7535,1.3031
2021-01-19,0.73442,0.82427,103.99,7.7524,1.296
2021-01-20,0.73187,0.82638,103.81,7.7518,1.2946
2021-01-21,0.72894,0.8225,103.41,7.7517,1.286
2021-01-22,0.7324,0.8225,103.79,7.7525,1.2971
2021-01-25,0.73074,0.82291,103.74,7.7517,1.2943
2021-01-26,0.73045,0.82352,103.71,7.752,1.2937
2021-01-27,0.72969,0.82549,103.9,7.7523,1.2997
2021-01-28,0.7328,0.82706,104.38,7.753,1.3162
2021-01-29,0.72827,0.82399,104.69,7.7532,1.3035
2021-02-01,0.72989,0.82754,104.91,7.753,1.3101
2021-02-02,0.73128,0.83029,105.0,7.7517,1.3158
2021-02-03,0.7335,0.83215,105.06,7.7515,1.3132
2021-02-04,0.73102,0.83361,105.24,7.7528,1.311
2021-02-05,0.73052,0.83452,105.75,7.7526,1.3153
2021-02-08,0.73042,0.8316,105.59,7.7521,1.305
2021-02-09,0.72561,0.82617,104.58,7.7517,1.2955
2021-02-10,0.72277,0.82461,104.76,7.7525,1.2931
2021-02-11,0.72244,0.82325,104.65,7.7526,1.2874
2021-02-12,0.72475,0.8259,105.01,7.7526,1.2939
2021-02-15,0.71914,0.82447,105.3,7.7527,1.2863
2021-02-16,0.7192,0.82352,105.54,7.7525,1.2858
2021-02-17,0.72106,0.82919,106.09,7.7523,1.2913
2021-02-18,0.71615,0.82754,105.67,7.7527,1.2842
2021-02-19,0.71265,0.82379,105.29,7.7536,1.2723
2021-02-22,0.71318,0.8242,105.5,7.7532,1.2686
2021-02-23,0.71076,0.82352,105.39,7.7537,1.2664
2021-02-24,0.7083,0.82332,105.95,7.7547,1.2635
2021-02-25,0.70681,0.818,106.12,7.754,1.2529
2021-02-26,0.7182,0.82501,106.29,7.756,1.2874
2021-03-01,0.71814,0.82967,106.72,7.7572,1.2918
2021-03-02,0.7186,0.83139,106.9,7.7567,1.2822
2021-03-03,0.71672,0.83001,106.91,7.7566,1.2828
2021-03-04,0.71689,0.83098,107.39,7.7583,1.2838
2021-03-05,0.7229,0.83766,108.31,7.7647,1.3038
2021-03-08,0.72247,0.84274,108.63,7.7687,1.3062
2021-03-09,0.72056,0.84076,108.88,7.7623,1.2981
2021-03-10,0.72027,0.8409,108.58,7.7621,1.2975
2021-03-11,0.71577,0.83549,108.46,7.7592,1.2853
2021-03-12,0.71931,0.83801,109.06,7.7635,1.29
2021-03-15,0.71871,0.83893,109.2,7.7645,1.2935
2021-03-16,0.72065,0.8385,108.9,7.7667,1.2905
2021-03-17,0.71948,0.83984,109.2,7.7665,1.2956
2021-03-18,0.71839,0.83949,109.2,7.7647,1.2884
2021-03-19,0.72124,0.84097,108.94,7.7665,1.2922
2021-03-22,0.72307,0.8385,108.81,7.7657,1.2913
2021-03-23,0.72539,0.84154,108.55,7.7666,1.3036
2021-03-24,0.72939,0.84567,108.75,7.7685,1.3135
2021-03-25,0.72927,0.84731,109.09,7.7699,1.3174
2021-03-26,0.72571,0.84875,109.78,7.7695,1.3121
2021-03-29,0.72234,0.84861,109.63,7.7748,1.3067
2021-03-30,0.72718,0.85172,110.28,7.7747,1.3133
2021-03-31,0.72673,0.85288,110.8,7.7742,1.3145
2021-04-01,0.72531,0.85135,110.7,7.7768,1.3196
2021-04-02,0.724776,0.8504,110.61800000000001,7.7768,1.31782
2021-04-05,0.723174,0.84755,110.372,7.7768,1.31248
2021-04-06,0.72264,0.8466,110.29,7.7768,1.3107
2021-04-07,0.72421,0.84147,109.86,7.7858,1.3111
2021-04-08,0.72678,0.84225,109.25,7.7787,1.3088
2021-04-09,0.72895,0.84118,109.71,7.7784,1.3105
2021-04-12,0.7268,0.84005,109.38,7.7759,1.3116
2021-04-13,0.7288,0.84062,109.47,7.7738,1.3157
2021-04-14,0.7265,0.83584,108.94,7.7662,1.3007
2021-04-15,0.72475,0.83542,108.72,7.7681,1.2906
2021-04-16,0.72412,0.83431,108.77,7.7717,1.2898
2021-04-19,0.71753,0.83091,108.09,7.7669,1.2872
2021-04-20,0.71608,0.82981,108.41,7.7628,1.2855
2021-04-21,0.71833,0.83285,108.1,7.7629,1.2954
2021-04-22,0.72103,0.83015,108.17,7.7598,1.2935
2021-04-23,0.72025,0.82878,107.72,7.7617,1.2921
2021-04-26,0.71969,0.82747,108.02,7.7598,1.2841
2021-04-27,0.71885,0.82727,108.27,7.7618,1.285
2021-04-28,0.7207,0.8285,108.92,7.7627,1.2905
2021-04-29,0.71655,0.82447,108.99,7.7629,1.2824
2021-04-30,0.71895,0.82768,108.94,7.7649,1.2896
2021-05-03,0.72101,0.83029,109.52,7.7677,1.293
2021-05-04,0.72182,0.83188,109.19,7.7676,1.2984
2021-05-05,0.71865,0.83299,109.29,7.769,1.292
2021-05-06,0.71897,0.82919,109.2,7.7682,1.2891
2021-05-07,0.71988,0.82926,109.26,7.7669,1.2873
2021-05-10,0.70832,0.82176,108.73,7.766,1.2682
2021-05-11,0.70676,0.82169,108.56,7.7672,1.2744
2021-05-12,0.70802,0.82522,108.78,7.7665,1.2812
2021-05-13,0.71238,0.82775,109.57,7.7677,1.2973
2021-05-14,0.71008,0.82488,109.29,7.7663,1.2896
2021-05-17,0.71,0.82352,109.2,7.7673,1.2915
2021-05-18,0.70363,0.8182,108.89,7.7657,1.2806
2021-05-19,0.70613,0.81887,109.15,7.7644,1.2909
2021-05-20,0.70802,0.81947,108.95,7.7625,1.2895
2021-05-21,0.70455,0.82048,108.8,7.7649,1.288
2021-05-24,0.70757,0.81887,108.88,7.7656,1.2941
2021-05-25,0.70591,0.81539,108.85,7.7623,1.2871
2021-05-26,0.70594,0.81773,108.89,7.762,1.2865
2021-05-27,0.70559,0.81981,109.38,7.7619,1.2914
2021-05-28,0.70635,0.82359,110.07,7.762,1.3009
2021-05-31,0.70497,0.8196,109.65,7.7608,1.2929
2021-06-01,0.70581,0.818,109.65,7.7589,1.2919
2021-06-02,0.70675,0.82061,109.73,7.7593,1.293
2021-06-03,0.7053,0.82055,109.8,7.7583,1.2958
2021-06-04,0.70719,0.82529,110.09,7.7577,1.3043
2021-06-07,0.70568,0.82223,109.34,7.7582,1.2891
2021-06-08,0.70678,0.82088,109.41,7.7595,1.2903
2021-06-09,0.70564,0.82001,109.37,7.7585,1.29
2021-06-10,0.70883,0.82142,109.54,7.7597,1.2922
2021-06-11,0.70689,0.82474,109.59,7.7599,1.2938
2021-06-14,0.7092,0.82563,109.77,7.7616,1.2959
2021-06-15,0.71151,0.8259,110.08,7.7627,1.3001
2021-06-16,0.70793,0.82481,109.86,7.762,1.2965
2021-06-17,0.71647,0.83773,110.66,7.7653,1.3205
2021-06-18,0.721,0.84048,110.2,7.7642,1.3306
2021-06-21,0.72046,0.84097,110.09,7.7644,1.3305
2021-06-22,0.71935,0.84076,110.56,7.7657,1.3299
2021-06-23,0.71488,0.83675,110.82,7.7656,1.3189
2021-06-24,0.71953,0.8378,110.76,7.7643,1.32
2021-06-25,0.71925,0.83682,110.69,7.7616,1.316
2021-06-28,0.71965,0.83963,110.94,7.7631,1.3227
2021-06-29,0.72298,0.84118,110.65,7.7639,1.33
2021-06-30,0.72202,0.84147,110.59,7.7662,1.334
2021-07-01,0.72394,0.84147,111.43,7.7645,1.3325
2021-07-02,0.72742,0.84581,111.43,7.7677,1.3394
2021-07-05,0.72194,0.84274,110.89,7.7686,1.3282
2021-07-06,0.72183,0.84474,110.65,7.7667,1.3206
2021-07-07,0.72268,0.84524,110.61,7.7677,1.328
2021-07-08,0.7276,0.84474,109.74,7.7688,1.3479
2021-07-09,0.72321,0.84331,110.02,7.7683,1.3382
2021-07-12,0.72199,0.84374,110.15,7.7668,1.3405
2021-07-13,0.72204,0.84431,110.22,7.7651,1.3374
2021-07-14,0.72094,0.8466,110.31,7.7668,1.3391
2021-07-15,0.72138,0.84681,110.03,7.7675,1.3444
2021-07-16,0.72274,0.84731,110.18,7.7685,1.3478
2021-07-19,0.73018,0.84991,109.6,7.7698,1.3635
2021-07-20,0.73499,0.84926,109.58,7.7732,1.3658
2021-07-21,0.73363,0.84947,110.12,7.7742,1.3667
2021-07-22,0.72665,0.84926,110.26,7.7712,1.3553
2021-07-23,0.72697,0.84983,110.57,7.7692,1.355
2021-07-26,0.7251,0.84839,110.33,7.776,1.3583
2021-07-27,0.72399,0.84674,110.06,7.7828,1.3572
2021-07-28,0.72072,0.84696,110.08,7.7818,1.362
2021-07-29,0.71658,0.84225,109.84,7.7716,1.3528
2021-07-30,0.716,0.84097,109.65,7.7749,1.3567
2021-08-02,0.71991,0.84133,109.52,7.7737,1.358
2021-08-03,0.71817,0.8414,109.13,7.7769,1.3535
2021-08-04,0.71792,0.8431,109.02,7.7764,1.3491
2021-08-05,0.71781,0.84388,109.53,7.7772,1.3494
2021-08-06,0.71856,0.84696,109.8,7.7773,1.3524
2021-08-09,0.72056,0.85027,110.11,7.7817,1.3606
2021-08-10,0.72145,0.8531,110.46,7.7826,1.362
2021-08-11,0.7228,0.85339,110.67,7.7818,1.3618
2021-08-12,0.72189,0.85186,110.41,7.7806,1.3598
2021-08-13,0.72327,0.84998,110.19,7.7835,1.3605
2021-08-16,0.72097,0.84947,109.37,7.7847,1.3642
2021-08-17,0.7251,0.84983,109.26,7.7933,1.3715
2021-08-18,0.72663,0.85302,109.76,7.788,1.3793
2021-08-19,0.73122,0.85499,109.62,7.7908,1.3953
2021-08-20,0.73473,0.85682,109.65,7.7906,1.4029
2021-08-23,0.7308,0.85339,110.1,7.7925,1.392
2021-08-24,0.72894,0.85179,109.66,7.7894,1.3802
2021-08-25,0.72929,0.85208,109.92,7.7843,1.3796
2021-08-26,0.72846,0.84983,110.14,7.7866,1.3772
2021-08-27,0.72871,0.85027,110.19,7.7901,1.3791
2021-08-30,0.72662,0.84739,109.87,7.7867,1.37
2021-08-31,0.72566,0.84502,109.81,7.7815,1.3652
2021-09-01,0.72661,0.84624,110.31,7.7775,1.3614
2021-09-02,0.72527,0.84417,110.0,7.7727,1.3539
2021-09-03,0.72305,0.84232,109.96,7.7733,1.3444
2021-09-06,0.72244,0.84289,109.86,7.7736,1.3446
2021-09-07,0.7261,0.84317,110.04,7.7738,1.3528
2021-09-08,0.72608,0.84552,110.18,7.7764,1.3551
2021-09-09,0.72271,0.84474,109.9,7.7777,1.3545
2021-09-10,0.72004,0.84452,109.81,7.7769,1.3501
2021-09-13,0.72258,0.8489,110.03,7.7794,1.3595
2021-09-14,0.72169,0.84645,110.11,7.7788,1.364
2021-09-15,0.72319,0.84574,109.19,7.7826,1.3661
2021-09-16,0.72282,0.85012,109.39,7.785,1.3667
2021-09-17,0.72464,0.8489,110.03,7.7836,1.3677
2021-09-20,0.73183,0.8539,109.45,7.7865,1.3834
2021-09-21,0.73143,0.85193,109.34,7.7857,1.3801
2021-09-22,0.73323,0.85259,109.56,7.7869,1.3793
2021-09-23,0.72979,0.85361,110.01,7.7853,1.3752
2021-09-24,0.73132,0.85332,110.5,7.7856,1.3794
2021-09-27,0.73021,0.85485,110.91,7.7837,1.3788
2021-09-28,0.736,0.85631,111.47,7.7823,1.3799
2021-09-29,0.74175,0.85807,111.46,7.7839,1.3825
2021-09-30,0.74318,0.86363,111.99,7.7886,1.39
2021-10-01,0.73839,0.86207,111.18,7.7848,1.378
2021-10-04,0.73505,0.8594,111.04,7.7859,1.3713
2021-10-05,0.73412,0.86192,111.18,7.7852,1.3736
2021-10-06,0.73618,0.8664,111.35,7.7869,1.3787
2021-10-07,0.73537,0.8649,111.38,7.7848,1.3699
2021-10-08,0.73377,0.86438,111.78,7.7851,1.3689
2021-10-11,0.73335,0.86401,112.93,7.7803,1.3609
2021-10-12,0.73349,0.86543,113.42,7.7815,1.3553
2021-10-13,0.73428,0.8649,113.56,7.78,1.3598
2021-10-14,0.72934,0.86192,113.47,7.7783,1.3484
2021-10-15,0.72718,0.86192,114.33,7.7795,1.348
2021-10-18,0.72766,0.86177,114.15,7.779,1.3536
2021-10-19,0.72308,0.858,114.22,7.7765,1.3386
2021-10-20,0.72703,0.86036,114.24,7.7755,1.336
2021-10-21,0.72433,0.85933,114.16,7.7758,1.3344
2021-10-22,0.72545,0.85985,113.87,7.774,1.3336
2021-10-25,0.72723,0.86185,113.66,7.7731,1.3363
2021-10-26,0.72455,0.86073,114.02,7.7754,1.3311
2021-10-27,0.72764,0.86081,113.63,7.7785,1.3306
2021-10-28,0.72779,0.86259,113.6,7.7777,1.3293
2021-10-29,0.72555,0.85874,113.89,7.777,1.3272
2021-11-01,0.73048,0.86371,114.17,7.7827,1.3301
2021-11-02,0.73218,0.86185,113.79,7.7822,1.3397
2021-11-03,0.73262,0.86371,113.92,7.7832,1.3451
2021-11-04,0.73775,0.86438,113.9,7.7845,1.3486
2021-11-05,0.74264,0.86813,113.71,7.7845,1.3538
2021-11-08,0.73822,0.86363,113.39,7.7878,1.3491
2021-11-09,0.7375,0.86378,113.07,7.7901,1.3511
2021-11-10,0.74016,0.8652,113.25,7.7898,1.3581
2021-11-11,0.7464,0.8726,113.95,7.7922,1.3699
2021-11-12,0.7469,0.87352,113.99,7.7923,1.3705
2021-11-15,0.74419,0.87382,113.88,7.7906,1.3577
2021-11-16,0.7436,0.87966,114.26,7.7889,1.3626
2021-11-17,0.74311,0.8837,114.69,7.789,1.3716
2021-11-18,0.74194,0.88145,114.22,7.789,1.3733
2021-11-19,0.74464,0.88723,113.76,7.7927,1.3824
2021-11-22,0.74413,0.88668,114.11,7.7917,1.3772
2021-11-23,0.74771,0.88818,114.89,7.7932,1.3839
2021-11-24,0.74902,0.89238,115.17,7.7969,1.3876
2021-11-25,0.75109,0.89103,115.31,7.7977,1.3924
2021-11-26,0.74945,0.88566,114.09,7.7978,1.3989
2021-11-29,0.75012,0.88684,113.7,7.7998,1.3996
2021-11-30,0.74956,0.88005,112.82,7.7973,1.3991
2021-12-01,0.75128,0.88386,113.37,7.7916,1.4008
2021-12-02,0.75082,0.88191,112.83,7.7939,1.4089
2021-12-03,0.75324,0.88566,113.34,7.7943,1.417
2021-12-06,0.75421,0.88598,113.21,7.8013,1.4206
2021-12-07,0.75456,0.88842,113.57,7.7961,1.4069
2021-12-08,0.75762,0.88503,113.79,7.7961,1.402
2021-12-09,0.75802,0.8841,113.35,7.7965,1.4004
2021-12-10,0.75716,0.88708,113.72,7.799,1.3985
2021-12-13,0.75508,0.88668,113.66,7.7999,1.4005
2021-12-14,0.75466,0.88425,113.58,7.8015,1.403
2021-12-15,0.75457,0.88794,113.88,7.8015,1.3997
2021-12-16,0.74837,0.88215,114.12,7.801,1.3862
2021-12-17,0.75206,0.88261,113.22,7.8012,1.3959
2021-12-20,0.75583,0.88708,113.53,7.8012,1.4065
2021-12-21,0.75502,0.88535,113.71,7.8009,1.4024
2021-12-22,0.75126,0.88488,114.22,7.8006,1.3944
2021-12-23,0.74472,0.88417,114.4,7.7997,1.3828
2021-12-24,0.74568,0.88363,114.39,7.7984,1.3824
2021-12-27,0.74549,0.88402,114.74,7.8011,1.3866
2021-12-28,0.74352,0.88253,114.87,7.7998,1.377
2021-12-29,0.74418,0.88472,114.99,7.7968,1.3835
2021-12-30,0.74052,0.8823,115.09,7.7995,1.3759
2021-12-31,0.7419,0.88292,115.12,7.7991,1.3787
2022-01-03,0.74095,0.88067,114.98,7.7975,1.3819
2022-01-04,0.74136,0.8866,116.3,7.7949,1.3904
2022-01-05,0.7381,0.88347,115.76,7.7946,1.3782
2022-01-06,0.73878,0.88378,115.82,7.8013,1.3944
2022-01-07,0.73845,0.88511,115.86,7.8008,1.3988
2022-01-10,0.73686,0.88355,115.26,7.7958,1.3937
2022-01-11,0.73637,0.88215,115.52,7.7968,1.3941
2022-01-12,0.73296,0.87951,115.38,7.7951,1.3863
2022-01-13,0.72882,0.87237,114.26,7.7893,1.3704
2022-01-14,0.72952,0.87359,113.72,7.7854,1.3805
2022-01-17,0.7329,0.87696,114.57,7.7913,1.3866
2022-01-18,0.7361,0.87974,114.71,7.7924,1.3929
2022-01-19,0.73308,0.88145,114.46,7.7913,1.3847
2022-01-20,0.73439,0.88199,114.24,7.7857,1.3814
2022-01-21,0.73698,0.88121,113.8,7.7873,1.39
2022-01-24,0.74136,0.88464,113.78,7.7851,1.4036
2022-01-25,0.74293,0.88747,114.03,7.7853,1.4034
2022-01-26,0.74007,0.88676,114.27,7.785,1.3946
2022-01-27,0.74703,0.89606,115.36,7.7913,1.4132
2022-01-28,0.74679,0.89783,115.53,7.794,1.4339
2022-01-31,0.74537,0.89638,115.44,7.798,1.4181
2022-02-01,0.74155,0.8881,114.67,7.7956,1.4092
2022-02-02,0.73651,0.88316,114.25,7.7934,1.3979
2022-02-03,0.73727,0.88605,114.86,7.7943,1.4043
2022-02-04,0.7379,0.8723,114.9,7.7884,1.4101
2022-02-07,0.7398,0.87359,114.96,7.7926,1.4062
2022-02-08,0.73951,0.87658,115.43,7.7948,1.4047
2022-02-09,0.73682,0.87451,115.47,7.7924,1.3934
2022-02-10,0.7365,0.8742,115.76,7.7928,1.3895
2022-02-11,0.73538,0.87589,115.83,7.8001,1.395
2022-02-14,0.73984,0.8837,115.41,7.8016,1.4053
2022-02-15,0.73834,0.88145,115.63,7.8032,1.4004
2022-02-16,0.73813,0.87935,115.69,7.8009,1.3946
2022-02-17,0.73433,0.87951,115.07,7.8005,1.3884
2022-02-18,0.73476,0.88075,115.02,7.8004,1.3875
2022-02-21,0.73468,0.88199,114.84,7.8006,1.3892
2022-02-22,0.73783,0.88168,115.09,7.8024,1.3877
2022-02-23,0.73575,0.88152,115.11,7.804,1.3745
2022-02-24,0.74768,0.89582,114.92,7.8095,1.3968
2022-02-25,0.74661,0.89158,115.58,7.8083,1.3856
2022-02-28,0.74605,0.89294,115.47,7.8144,1.3848
2022-03-01,0.74619,0.8959,114.81,7.8153,1.3765
2022-03-02,0.75019,0.90041,115.33,7.8142,1.3751
2022-03-03,0.74732,0.90285,115.73,7.8139,1.3668
2022-03-04,0.75385,0.915,115.45,7.8151,1.3608
2022-03-07,0.75838,0.91785,115.24,7.8159,1.3539
2022-03-08,0.76373,0.91811,115.71,7.8207,1.3745
2022-03-09,0.76021,0.90967,115.81,7.8208,1.3637
2022-03-10,0.75943,0.9022,115.97,7.821,1.3631
2022-03-11,0.76406,0.90992,116.89,7.8259,1.3664
2022-03-14,0.76565,0.91241,117.97,7.8298,1.3811
2022-03-15,0.76474,0.90984,117.98,7.8269,1.386
2022-03-16,0.76394,0.90959,118.29,7.8221,1.3794
2022-03-17,0.76296,0.9049,118.79,7.8175,1.3623
2022-03-18,0.7624,0.90843,119.37,7.8217,1.3576
2022-03-21,0.75897,0.90596,119.2,7.8263,1.3496
2022-03-22,0.75497,0.90711,120.61,7.827,1.3427
2022-03-23,0.75812,0.91033,120.76,7.8241,1.3407
2022-03-24,0.75868,0.91091,121.8,7.8245,1.3361
2022-03-25,0.75786,0.90893,121.86,7.8274,1.3292
2022-03-28,0.76275,0.91191,123.96,7.8297,1.3305
2022-03-29,0.76175,0.90212,123.28,7.8274,1.3347
2022-03-30,0.76005,0.8988,121.76,7.8268,1.331
2022-03-31,0.76205,0.90082,121.76,7.8297,1.3358
2022-04-01,0.76136,0.90481,122.47,7.8353,1.3297
2022-04-04,0.76229,0.90868,122.74,7.8352,1.3313
2022-04-05,0.76115,0.91166,122.86,7.8327,1.3104
2022-04-06,0.76419,0.9155,123.87,7.8382,1.3212
2022-04-07,0.76447,0.91609,123.96,7.8375,1.3355
2022-04-08,0.76747,0.92073,124.18,7.8385,1.3398
2022-04-11,0.76783,0.91743,125.7,7.8385,1.3444
2022-04-12,0.76839,0.92073,125.49,7.8365,1.3442
2022-04-13,0.76926,0.9237,125.86,7.8392,1.3489
2022-04-14,0.76216,0.91929,125.32,7.8413,1.3433
2022-04-15,0.7633059999999999,0.920566,125.878,7.841080000000001,1.3460999999999999
2022-04-18,0.766744,0.924394,127.552,7.84042,1.3545
2022-04-19,0.76789,0.92567,128.11,7.8402,1.3573
2022-04-20,0.76607,0.92336,127.91,7.843,1.3464
2022-04-21,0.76718,0.91853,128.24,7.8448,1.3459
2022-04-22,0.77586,0.92447,128.34,7.845,1.3697
2022-04-25,0.78476,0.93058,128.17,7.8471,1.3933
2022-04-26,0.78822,0.93686,127.55,7.8448,1.3892
2022-04-27,0.79576,0.94491,128.1,7.847,1.4011
2022-04-28,0.80448,0.95374,130.79,7.8462,1.4129
2022-04-29,0.79609,0.94877,129.99,7.8466,1.3946
2022-05-02,0.79637,0.95021,129.83,7.8469,1.417
2022-05-03,0.79699,0.94733,129.84,7.8475,1.4044
2022-05-04,0.79949,0.94958,129.94,7.8487,1.4035
2022-05-05,0.80611,0.94625,129.81,7.849,1.3881
2022-05-06,0.81008,0.94607,130.46,7.8495,1.4085
2022-05-09,0.80723,0.94706,130.79,7.8499,1.4251
2022-05-10,0.81102,0.94751,130.17,7.8498,1.4366
2022-05-11,0.80918,0.9476,129.89,7.8498,1.4266
2022-05-12,0.81949,0.9608,128.6,7.8499,1.4569
2022-05-13,0.8196,0.96293,128.95,7.85,1.4508
2022-05-16,0.81601,0.95951,129.54,7.8499,1.4447
2022-05-17,0.80068,0.94868,129.32,7.8497,1.4224
2022-05-18,0.80462,0.9503,129.01,7.8486,1.4235
2022-05-19,0.80502,0.95012,127.75,7.8474,1.4286
2022-05-20,0.80193,0.94545,127.96,7.8471,1.4163
2022-05-23,0.79541,0.93817,127.64,7.8491,1.4056
2022-05-24,0.79991,0.93284,127.32,7.8492,1.4134
2022-05-25,0.80044,0.93844,127.01,7.8498,1.4195
2022-05-26,0.7953,0.93484,127.09,7.8499,1.4125
2022-05-27,0.7916,0.93266,126.89,7.8497,1.3985
2022-05-30,0.79106,0.92902,127.51,7.8493,1.3919
2022-05-31,0.79472,0.93345,128.22,7.8468,1.3939
2022-06-01,0.79498,0.93353,129.46,7.847,1.3873
2022-06-02,0.79681,0.93528,129.74,7.8466,1.3869
2022-06-03,0.79609,0.93197,130.09,7.8441,1.3798
2022-06-06,0.79634,0.93231,130.67,7.8458,1.3837
2022-06-07,0.80065,0.93791,132.86,7.8462,1.396
2022-06-08,0.79686,0.93119,134.02,7.8476,1.389
2022-06-09,0.79729,0.93084,133.98,7.8486,1.3949
2022-06-10,0.80401,0.94536,133.95,7.8494,1.4034
2022-06-13,0.82114,0.95648,134.4,7.8499,1.4345
2022-06-14,0.82834,0.95675,134.54,7.85,1.4518
2022-06-15,0.82761,0.95868,134.69,7.85,1.4429
2022-06-16,0.8226,0.96154,132.92,7.8498,1.4364
2022-06-17,0.81537,0.95365,134.67,7.8499,1.4342
2022-06-20,0.81533,0.95084,134.96,7.85,1.4321
2022-06-21,0.81526,0.94787,136.26,7.85,1.4386
2022-06-22,0.81632,0.95048,136.02,7.8499,1.4499
2022-06-23,0.81786,0.95302,135.43,7.849,1.4497
2022-06-24,0.81502,0.95021,135.11,7.8496,1.4489
2022-06-27,0.81536,0.94589,135.5,7.8458,1.4451
2022-06-28,0.81763,0.94688,136.04,7.8477,1.4402
2022-06-29,0.82211,0.95084,136.47,7.8475,1.4506
2022-06-30,0.82623,0.96274,136.27,7.8457,1.4536
2022-07-01,0.83116,0.95923,135.3,7.8466,1.4755
2022-07-04,0.82219,0.95648,135.35,7.8463,1.4543
2022-07-05,0.83426,0.97182,135.83,7.8472,1.4752
2022-07-06,0.84186,0.98261,135.31,7.8475,1.4701
2022-07-07,0.836,0.98232,135.67,7.848,1.462
2022-07-08,0.83228,0.98396,135.84,7.849,1.4632
2022-07-11,0.8372,0.9903,137.42,7.8496,1.4765
2022-07-12,0.84468,0.99582,136.74,7.8498,1.4838
2022-07-13,0.83809,0.99334,137.1,7.8499,1.4703
2022-07-14,0.84518,0.9995,138.97,7.85,1.4886
2022-07-15,0.8449,0.99413,138.67,7.85,1.4799
2022-07-18,0.83613,0.98707,138.35,7.85,1.4647
2022-07-19,0.83263,0.97609,137.64,7.85,1.4513
2022-07-20,0.83516,0.98049,138.17,7.85,1.4479
2022-07-21,0.83876,0.98049,138.7,7.8494,1.4558
2022-07-22,0.83553,0.98135,136.91,7.8494,1.4403
2022-07-25,0.82858,0.97694,136.62,7.8493,1.4368
2022-07-26,0.83522,0.98775,136.66,7.8493,1.4426
2022-07-27,0.82878,0.98503,136.81,7.8499,1.4401
2022-07-28,0.82579,0.98795,135.61,7.8498,1.436
2022-07-29,0.82359,0.98058,133.77,7.85,1.4362
2022-08-01,0.81794,0.97723,132.3,7.85,1.4204
2022-08-02,0.81832,0.97809,130.97,7.8499,1.4422
2022-08-03,0.82037,0.98097,133.59,7.8499,1.4402
2022-08-04,0.82734,0.98222,133.4,7.8498,1.4347
2022-08-05,0.82349,0.97723,133.12,7.8499,1.4378
2022-08-08,0.82523,0.98049,134.93,7.8499,1.4322
2022-08-09,0.82587,0.97714,135.1,7.8497,1.4351
2022-08-10,0.82528,0.97542,134.76,7.8482,1.4321
2022-08-11,0.8181,0.96731,132.1,7.8466,1.4057
2022-08-12,0.82368,0.97229,133.66,7.8367,1.4094
2022-08-15,0.82761,0.98087,133.02,7.8371,1.4231
2022-08-16,0.83129,0.98707,134.35,7.8422,1.4276
2022-08-17,0.82849,0.98386,135.14,7.8419,1.4419
2022-08-18,0.82915,0.98251,134.77,7.8448,1.4361
2022-08-19,0.84482,0.99463,136.93,7.8453,1.4506
2022-08-22,0.8465,0.9999,137.07,7.846,1.4477
2022-08-23,0.84963,1.0074,137.34,7.8473,1.4543
2022-08-24,0.84843,1.0066,136.64,7.8468,1.4485
2022-08-25,0.84547,1.003,136.48,7.8469,1.4349
2022-08-26,0.84531,0.9993,136.92,7.8466,1.4323
2022-08-29,0.8554,1.0014,138.68,7.8478,1.4549
2022-08-30,0.85355,0.99661,138.24,7.8484,1.4423
2022-08-31,0.86035,1.0,138.72,7.8488,1.4591
2022-09-01,0.86438,0.9996,139.28,7.848,1.4645
2022-09-02,0.86539,1.0007,140.46,7.8494,1.4681
2022-09-05,0.87054,1.0081,140.59,7.8495,1.4734
2022-09-06,0.86365,1.0073,141.93,7.8497,1.4757
2022-09-07,0.87516,1.0116,144.87,7.8499,1.492
2022-09-08,0.86578,0.9991,143.52,7.8497,1.4811
2022-09-09,0.86436,0.99512,142.6,7.8486,1.4632
2022-09-12,0.85453,0.98474,142.28,7.8492,1.4524
2022-09-13,0.853,0.9828,142.01,7.8482,1.4483
2022-09-14,0.86585,1.001,143.22,7.8483,1.4888
2022-09-15,0.87004,1.0008,143.54,7.8486,1.4865
2022-09-16,0.87804,1.0046,143.19,7.8494,1.4963
2022-09-19,0.87873,1.001,143.56,7.8494,1.4965
2022-09-20,0.87518,1.0014,143.54,7.8492,1.4914
2022-09-21,0.88164,1.0095,144.01,7.8499,1.4992
2022-09-22,0.8828,1.0117,140.81,7.8494,1.5014
2022-09-23,0.90425,1.0252,142.95,7.8498,1.5202
2022-09-26,0.92685,1.0367,144.17,7.8499,1.5403
2022-09-27,0.92571,1.0369,144.42,7.8499,1.5408
2022-09-28,0.94373,1.0455,144.68,7.8499,1.5603
2022-09-29,0.92196,1.0303,144.71,7.85,1.5436
2022-09-30,0.90583,1.0259,144.66,7.8499,1.5466
2022-10-03,0.89175,1.0242,144.91,7.85,1.5494
2022-10-04,0.88235,1.011,144.88,7.85,1.5487
2022-10-05,0.88089,1.0086,144.41,7.8498,1.5512
2022-10-06,0.88827,1.0142,144.71,7.8499,1.548
2022-10-07,0.89194,1.0207,144.86,7.85,1.5582
2022-10-10,0.90471,1.0312,145.57,7.8499,1.584
2022-10-11,0.90202,1.0285,145.57,7.8499,1.589
2022-10-12,0.90501,1.0303,146.65,7.85,1.5995
2022-10-13,0.88832,1.0268,146.77,7.8489,1.591
2022-10-14,0.89352,1.0291,147.81,7.85,1.5944
2022-10-17,0.88561,1.0268,148.89,7.8497,1.6017
2022-10-18,0.88386,1.0168,149.11,7.8495,1.5818
2022-10-19,0.88968,1.0227,149.66,7.85,1.5921
2022-10-20,0.88939,1.0193,149.82,7.8491,1.5854
2022-10-21,0.90162,1.0277,151.69,7.8495,1.608
2022-10-24,0.88387,1.0151,148.98,7.8499,1.5867
2022-10-25,0.88371,1.0141,148.91,7.8498,1.5819
2022-10-26,0.86404,0.99771,146.98,7.8497,1.5431
2022-10-27,0.86425,0.99631,146.83,7.8492,1.5552
2022-10-28,0.86544,1.0049,147.51,7.8492,1.5587
2022-10-31,0.86862,1.0087,148.68,7.8497,1.5664
2022-11-01,0.86517,1.0053,147.13,7.8495,1.5491
2022-11-02,0.86899,1.0093,147.1,7.8496,1.5569
2022-11-03,0.89437,1.0253,148.24,7.8499,1.591
2022-11-04,0.88612,1.013,147.07,7.8498,1.551
2022-11-07,0.87196,1.0007,146.28,7.8499,1.5439
2022-11-08,0.87413,1.0004,146.31,7.8499,1.5441
2022-11-09,0.87433,0.99612,146.25,7.8495,1.5478
2022-11-10,0.87701,1.0046,146.14,7.8489,1.5597
2022-11-11,0.84922,0.97012,139.59,7.8345,1.4997
2022-11-14,0.84808,0.96909,140.38,7.8353,1.495
2022-11-15,0.84059,0.96117,139.22,7.8268,1.4816
2022-11-16,0.84021,0.96043,139.54,7.8221,1.4791
2022-11-17,0.84771,0.96909,140.32,7.8273,1.5046
2022-11-18,0.83989,0.96469,140.0,7.8229,1.4888
2022-11-21,0.84709,0.97599,141.84,7.8069,1.51
2022-11-22,0.84055,0.97333,141.33,7.8171,1.506
2022-11-23,0.8365,0.96852,141.16,7.8168,1.5033
2022-11-24,0.82525,0.96034,138.19,7.8099,1.4803
2022-11-25,0.82781,0.96386,139.39,7.8153,1.4847
2022-11-28,0.82774,0.95575,138.49,7.8163,1.494
2022-11-29,0.83174,0.96469,138.3,7.8106,1.487
2022-11-30,0.83354,0.96376,139.05,7.8011,1.4866
2022-12-01,0.81993,0.95657,136.29,7.7837,1.4709
2022-12-02,0.81472,0.94895,134.11,7.7847,1.4668
2022-12-05,0.81312,0.94455,135.14,7.7676,1.468
2022-12-06,0.81942,0.95093,136.3,7.7799,1.4858
2022-12-07,0.82067,0.94976,137.18,7.7877,1.4938
2022-12-08,0.82002,0.95066,136.66,7.7849,1.4821
2022-12-09,0.814,0.94706,135.71,7.7819,1.473
2022-12-12,0.8143,0.94679,137.15,7.7734,1.4794
2022-12-13,0.81321,0.94832,137.36,7.7793,1.4749
2022-12-14,0.8087,0.93906,134.92,7.7708,1.4565
2022-12-15,0.81154,0.94153,136.59,7.7724,1.4777
2022-12-16,0.82148,0.94171,137.05,7.7815,1.4941
2022-12-19,0.82202,0.94357,136.49,7.7777,1.4903
2022-12-20,0.82583,0.94349,132.64,7.7826,1.5069
2022-12-21,0.8241,0.9402,131.9,7.7945,1.4911
2022-12-22,0.8299,0.94047,132.06,7.7949,1.4863
2022-12-23,0.82875,0.94144,132.61,7.8025,1.4928
2022-12-26,0.830775,0.9413125,133.1725,7.801075,1.4865
2022-12-27,0.83145,0.94127,133.36,7.8006,1.4844
2022-12-28,0.82761,0.93985,133.66,7.7943,1.4718
2022-12-29,0.83152,0.93906,133.57,7.7936,1.4892
2022-12-30,0.83155,0.93756,131.88,7.797,1.4713
2023-01-02,0.82964,0.93607,130.69,7.8058,1.4695
2023-01-03,0.83497,0.94832,130.8,7.8134,1.4896
2023-01-04,0.83098,0.94349,130.9,7.8181,1.4579
2023-01-05,0.83297,0.94331,132.96,7.8095,1.4635
2023-01-06,0.84262,0.95238,134.57,7.8101,1.4848
2023-01-09,0.82319,0.93493,132.15,7.8074,1.4441
2023-01-10,0.82374,0.93257,132.35,7.8094,1.4563
2023-01-11,0.8251,0.93049,132.7,7.8137,1.4505
2023-01-12,0.82334,0.92833,130.53,7.8092,1.4454
2023-01-13,0.82116,0.92473,128.56,7.8113,1.4413
2023-01-16,0.82092,0.9249,128.49,7.8107,1.437
2023-01-17,0.81707,0.92225,128.65,7.8214,1.4397
2023-01-18,0.80755,0.92259,128.97,7.8249,1.422
2023-01-19,0.81043,0.92464,128.54,7.8313,1.4541
2023-01-20,0.80916,0.9237,130.11,7.8307,1.4427
2023-01-23,0.80922,0.91988,130.3,7.8286,1.4285
2023-01-24,0.81385,0.92098,130.29,7.8296,1.4248
2023-01-25,0.81125,0.91929,129.78,7.8325,1.412
2023-01-26,0.80721,0.91785,129.77,7.8288,1.405
2023-01-27,0.80888,0.92039,129.87,7.8289,1.4072
2023-01-30,0.80692,0.91718,130.05,7.8341,1.4115
2023-01-31,0.81301,0.92311,130.41,7.837,1.4286
2023-02-01,0.81158,0.91794,129.77,7.8432,1.4129
2023-02-02,0.8126,0.91008,128.43,7.8434,1.4022
2023-02-03,0.81604,0.91433,128.42,7.8451,1.4171
2023-02-06,0.82849,0.92799,132.15,7.8451,1.4473
2023-02-07,0.83493,0.93458,132.06,7.848,1.4458
2023-02-08,0.8272,0.93153,131.17,7.8496,1.4361
2023-02-09,0.82179,0.92842,130.72,7.8499,1.4306
2023-02-10,0.82645,0.93545,130.85,7.85,1.4436
2023-02-13,0.82614,0.9358,132.56,7.85,1.44
2023-02-14,0.81908,0.92945,132.11,7.8499,1.4324
2023-02-15,0.83014,0.93458,133.69,7.8489,1.4513
2023-02-16,0.83068,0.93458,133.93,7.8491,1.4486
2023-02-17,0.83659,0.94118,134.76,7.8446,1.4645
2023-02-20,0.83135,0.93686,134.05,7.8343,1.448
2023-02-21,0.8245,0.93773,134.81,7.8437,1.4551
2023-02-22,0.82624,0.9395,134.57,7.8459,1.4634
2023-02-23,0.83026,0.94197,135.0,7.8458,1.4649
2023-02-24,0.83486,0.94607,135.81,7.8485,1.4823
2023-02-27,0.8345,0.94751,136.33,7.8471,1.4913
2023-02-28,0.82589,0.94171,136.76,7.8492,1.4841
2023-03-01,0.82903,0.93598,135.55,7.8497,1.4766
2023-03-02,0.8372,0.94295,136.79,7.8495,1.4873
2023-03-03,0.83401,0.94206,136.18,7.8497,1.4817
2023-03-06,0.83252,0.93932,135.86,7.8499,1.4848
2023-03-07,0.83421,0.93765,136.16,7.8499,1.5004
2023-03-08,0.8447,0.94832,137.22,7.8499,1.5152
2023-03-09,0.84152,0.94751,136.27,7.8499,1.5127
2023-03-10,0.83372,0.94464,136.69,7.8495,1.5175
2023-03-13,0.82542,0.93406,132.6,7.8426,1.5007
2023-03-14,0.8201,0.93136,134.2,7.8465,1.495
2023-03-15,0.82703,0.94796,132.25,7.8487,1.5061
2023-03-16,0.82888,0.94384,132.31,7.8495,1.5037
2023-03-17,0.82357,0.94135,132.33,7.8497,1.4943
2023-03-20,0.81702,0.9331,131.35,7.8416,1.4909
2023-03-21,0.81694,0.92799,132.36,7.8459,1.4974
2023-03-22,0.81525,0.92721,132.71,7.8476,1.4958
2023-03-23,0.81371,0.9192,131.33,7.8496,1.493
2023-03-24,0.81843,0.93067,130.15,7.8496,1.5067
2023-03-27,0.81517,0.92825,131.48,7.8498,1.5041
2023-03-28,0.81116,0.92242,130.7,7.8498,1.4961
2023-03-29,0.81117,0.92191,132.37,7.8498,1.4983
2023-03-30,0.80988,0.91861,132.67,7.85,1.4939
2023-03-31,0.80846,0.91954,133.18,7.8498,1.4959
2023-04-03,0.80764,0.91996,132.94,7.8499,1.4793
2023-04-04,0.80115,0.91735,132.96,7.8496,1.4819
2023-04-05,0.80151,0.91408,131.39,7.8498,1.4922
2023-04-06,0.8016,0.91617,131.46,7.8499,1.4945
2023-04-07,0.802194,0.916338,131.812,7.8499,1.49614
2023-04-10,0.803976,0.916842,132.868,7.8499,1.5010599999999998
2023-04-11,0.80457,0.91701,133.22,7.8499,1.5027
2023-04-12,0.80606,0.91558,133.76,7.8499,1.4995
2023-04-13,0.79944,0.90785,133.28,7.85,1.4837
2023-04-14,0.79986,0.9044,132.59,7.85,1.475
2023-04-17,0.80478,0.91066,133.84,7.8499,1.4895
2023-04-18,0.80334,0.91141,133.88,7.8499,1.4834
2023-04-19,0.80589,0.91466,134.67,7.8493,1.491
2023-04-20,0.80549,0.91374,134.74,7.8497,1.4885
2023-04-21,0.8068,0.91091,133.83,7.8482,1.4934
2023-04-24,0.80406,0.90893,134.68,7.8482,1.4968
2023-04-25,0.80426,0.90728,134.2,7.8498,1.5028
2023-04-26,0.80225,0.90588,133.77,7.8499,1.5151
2023-04-27,0.80083,0.90563,133.27,7.8499,1.5099
2023-04-28,0.80184,0.91066,136.01,7.8498,1.5175
2023-05-01,0.8014725,0.9116575,137.08249999999998,7.84995,1.499125
2023-05-02,0.80135,0.91199,137.44,7.85,1.493
2023-05-03,0.79928,0.90555,135.52,7.85,1.5
2023-05-04,0.79479,0.90302,134.48,7.848,1.4977
2023-05-05,0.79334,0.90794,134.19,7.8476,1.4871
2023-05-08,0.79032,0.90604,135.14,7.848,1.4718
2023-05-09,0.79378,0.91249,135.02,7.8414,1.4798
2023-05-10,0.79281,0.91324,135.32,7.83,1.4815
2023-05-11,0.7941,0.91491,134.07,7.8382,1.4845
2023-05-12,0.79893,0.91811,134.98,7.8429,1.4974
2023-05-15,0.7994,0.91946,136.22,7.8384,1.4951
2023-05-16,0.79899,0.91903,135.92,7.8387,1.4987
2023-05-17,0.80243,0.92345,136.96,7.8297,1.5027
2023-05-18,0.80357,0.92481,137.87,7.8276,1.5061
2023-05-19,0.80348,0.92524,138.37,7.8177,1.5018
2023-05-22,0.80249,0.92404,138.27,7.8263,1.5056
2023-05-23,0.80706,0.92773,138.42,7.8375,1.5105
2023-05-24,0.80661,0.92721,138.43,7.8314,1.5208
2023-05-25,0.8085,0.93153,139.39,7.8334,1.5317
2023-05-26,0.80749,0.93015,139.75,7.8346,1.5291
2023-05-29,0.81013,0.93327,140.26,7.8301,1.5291
2023-05-30,0.80384,0.93075,139.62,7.833,1.5262
2023-05-31,0.80881,0.93607,139.6,7.8345,1.5442
2023-06-01,0.80231,0.93484,139.53,7.8327,1.5338
2023-06-02,0.79838,0.92911,138.86,7.8367,1.5096
2023-06-05,0.80751,0.93545,140.28,7.8379,1.5172
2023-06-06,0.80598,0.93607,139.56,7.8421,1.5013
2023-06-07,0.80218,0.9331,139.42,7.8407,1.4933
2023-06-08,0.80202,0.93136,139.69,7.8351,1.4959
2023-06-09,0.79587,0.92764,139.37,7.8379,1.4864
2023-06-12,0.79589,0.92894,139.37,7.8333,1.4789
2023-06-13,0.79542,0.92653,139.55,7.8338,1.4752
2023-06-14,0.79059,0.92515,139.89,7.831,1.4724
2023-06-15,0.79078,0.9243,141.29,7.8252,1.4719
2023-06-16,0.77903,0.91191,141.03,7.8241,1.4537
2023-06-19,0.7807,0.91558,141.86,7.8172,1.4616
2023-06-20,0.78391,0.91466,141.32,7.8258,1.4744
2023-06-21,0.78575,0.9155,141.8,7.8284,1.4789
2023-06-22,0.78393,0.91033,142.06,7.8277,1.4742
2023-06-23,0.78536,0.91878,143.18,7.8295,1.4962
2023-06-26,0.78657,0.91592,143.26,7.8294,1.4972
2023-06-27,0.78523,0.91316,143.49,7.8333,1.4947
2023-06-28,0.79009,0.91424,144.29,7.8321,1.5108
2023-06-29,0.78991,0.91424,144.21,7.8363,1.5067
2023-06-30,0.78988,0.9203,144.63,7.837,1.5091
2023-07-03,0.78888,0.91752,144.79,7.8358,1.5032
2023-07-04,0.78635,0.91785,144.41,7.8306,1.4948
2023-07-05,0.78762,0.9192,144.55,7.8231,1.501
2023-07-06,0.78273,0.91752,143.66,7.8208,1.4963
2023-07-07,0.78341,0.91844,143.29,7.8281,1.5077
2023-07-10,0.78252,0.91274,142.14,7.8298,1.5049
2023-07-11,0.7745,0.91,140.39,7.8281,1.5009
2023-07-12,0.77461,0.90728,139.58,7.8269,1.4951
2023-07-13,0.7651,0.89429,138.47,7.8234,1.4576
2023-07-14,0.76277,0.89119,138.59,7.8152,1.4571
2023-07-17,0.76467,0.89047,138.36,7.8139,1.4681
2023-07-18,0.76267,0.88849,138.07,7.8115,1.4681
2023-07-19,0.77453,0.89111,139.69,7.8072,1.4776
2023-07-20,0.77628,0.8931,139.64,7.8115,1.4661
2023-07-21,0.77952,0.89904,141.72,7.8168,1.4843
2023-07-24,0.77821,0.90123,141.01,7.8125,1.4842
2023-07-25,0.77955,0.9049,141.33,7.8125,1.4775
2023-07-26,0.77489,0.90424,140.43,7.8043,1.483
2023-07-27,0.772,0.89888,140.18,7.8011,1.4726
2023-07-28,0.77711,0.90827,139.28,7.7988,1.4994
2023-07-31,0.77805,0.90719,142.18,7.7988,1.4911
2023-08-01,0.78273,0.91158,142.98,7.7947,1.5093
2023-08-02,0.78323,0.91033,142.81,7.7996,1.5194
2023-08-03,0.79096,0.91475,142.92,7.8056,1.532
2023-08-04,0.78744,0.91358,142.62,7.8097,1.5251
2023-08-07,0.78444,0.91042,142.22,7.8063,1.5218
2023-08-08,0.78726,0.91374,143.05,7.8117,1.5376
2023-08-09,0.78574,0.91174,143.46,7.8197,1.5298
2023-08-10,0.78331,0.90752,143.78,7.8162,1.5216
2023-08-11,0.78531,0.90876,144.47,7.816,1.5313
2023-08-14,0.78879,0.91491,145.18,7.8187,1.5419
2023-08-15,0.7867,0.91525,145.56,7.8237,1.5457
2023-08-16,0.78458,0.91609,145.72,7.8294,1.5477
2023-08-17,0.78344,0.91743,145.76,7.8273,1.5533
2023-08-18,0.78672,0.92022,145.5,7.8315,1.5643
2023-08-21,0.7836,0.91676,145.9,7.8372,1.558
2023-08-22,0.78339,0.91853,145.77,7.8376,1.5503
2023-08-23,0.79272,0.9255,145.56,7.8404,1.5585
2023-08-24,0.79013,0.92251,145.72,7.8422,1.5533
2023-08-25,0.7924,0.92524,145.96,7.8433,1.5552
2023-08-28,0.794,0.92524,146.51,7.845,1.558
2023-08-29,0.79478,0.92567,147.12,7.8469,1.5581
2023-08-30,0.78927,0.91861,146.2,7.8474,1.5446
2023-08-31,0.78872,0.92013,145.83,7.8441,1.5444
2023-09-01,0.7888,0.92217,145.21,7.8447,1.5434
2023-09-04,0.79206,0.92584,146.38,7.8345,1.5469
2023-09-05,0.79708,0.93188,147.42,7.8403,1.5711
2023-09-06,0.79575,0.93067,147.21,7.8419,1.5636
2023-09-07,0.80205,0.93371,147.25,7.8395,1.5655
2023-09-08,0.80096,0.93423,147.46,7.8396,1.5642
2023-09-11,0.79868,0.93249,146.55,7.8324,1.5531
2023-09-12,0.80206,0.93345,146.94,7.8296,1.5572
2023-09-13,0.80211,0.93171,147.47,7.8248,1.5617
2023-09-14,0.80144,0.93197,147.37,7.8283,1.5515
2023-09-15,0.80576,0.93826,147.78,7.8266,1.5479
2023-09-18,0.80785,0.93782,147.65,7.8201,1.5544
2023-09-19,0.80522,0.93345,147.67,7.8182,1.5463
2023-09-20,0.80854,0.9344,147.9,7.8227,1.5416
2023-09-21,0.81535,0.94029,147.95,7.8214,1.5625
2023-09-22,0.81521,0.93923,148.28,7.8202,1.5494
2023-09-25,0.81788,0.94047,148.67,7.8177,1.5559
2023-09-26,0.82056,0.94295,148.86,7.821,1.5595
2023-09-27,0.82394,0.94913,149.2,7.8205,1.57
2023-09-28,0.81918,0.94886,149.28,7.8272,1.564
2023-09-29,0.8161,0.94393,149.24,7.8308,1.5423
2023-10-02,0.82268,0.94967,149.73,7.8325,1.5643
2023-10-03,0.82888,0.9552,149.98,7.8319,1.5868
2023-10-04,0.82488,0.95265,149.07,7.83,1.5828
2023-10-05,0.82277,0.95003,148.88,7.8294,1.5751
2023-10-06,0.81899,0.9467,149.08,7.8319,1.5727
2023-10-09,0.82157,0.94958,149.14,7.83,1.5712
2023-10-10,0.81639,0.945,149.04,7.8193,1.5628
2023-10-11,0.81351,0.94304,148.88,7.8194,1.5588
2023-10-12,0.81232,0.94171,149.12,7.8215,1.5617
2023-10-13,0.82112,0.95021,149.6,7.8253,1.5832
2023-10-16,0.82127,0.94895,149.5,7.8176,1.5809
2023-10-17,0.82146,0.94616,149.52,7.823,1.5727
2023-10-18,0.81978,0.94652,149.65,7.8265,1.5699
2023-10-19,0.82495,0.94715,149.85,7.8257,1.5834
2023-10-20,0.82346,0.9442,149.94,7.8228,1.5836
2023-10-23,0.82243,0.94366,149.96,7.8258,1.5858
2023-10-24,0.81852,0.94056,149.79,7.8225,1.5715
2023-10-25,0.82489,0.94554,149.91,7.8222,1.577
2023-10-26,0.82704,0.94877,150.36,7.8209,1.5862
2023-10-27,0.82557,0.94868,149.97,7.8196,1.5763
2023-10-30,0.82362,0.94295,149.74,7.8207,1.5688
2023-10-31,0.82273,0.94171,150.96,7.8236,1.5763
2023-11-01,0.82514,0.94904,151.21,7.8235,1.5717
2023-11-02,0.81892,0.938,149.98,7.8252,1.5517
2023-11-03,0.81277,0.9344,149.38,7.8252,1.5397
2023-11-06,0.80663,0.93101,149.77,7.8224,1.5384
2023-11-07,0.81279,0.9358,150.45,7.8194,1.5568
2023-11-08,0.81543,0.93712,150.85,7.8163,1.5549
2023-11-09,0.81569,0.93537,151.13,7.8108,1.562
2023-11-10,0.81845,0.93607,151.43,7.8099,1.5721
2023-11-13,0.81682,0.93721,151.79,7.8078,1.5691
2023-11-14,0.81341,0.93249,151.69,7.81,1.5684
2023-11-15,0.80225,0.92013,150.34,7.8075,1.5318
2023-11-16,0.80671,0.92174,151.21,7.8016,1.5426
2023-11-17,0.80385,0.91979,149.27,7.7985,1.5369
2023-11-20,0.80189,0.91508,148.35,7.7933,1.5253
2023-11-21,0.79713,0.91283,147.52,7.7963,1.5201
2023-11-22,0.79764,0.91651,148.7,7.7959,1.5231
2023-11-23,0.79761,0.91743,149.52,7.7982,1.526
2023-11-24,0.79533,0.91609,149.6,7.7946,1.5226
2023-11-27,0.79144,0.91316,148.72,7.7902,1.5136
2023-11-28,0.79295,0.91333,148.63,7.7969,1.5131
2023-11-29,0.78766,0.91033,147.58,7.8025,1.5099
2023-11-30,0.79012,0.91483,147.46,7.8112,1.5133
2023-12-01,0.79122,0.91954,148.17,7.8133,1.5125
2023-12-04,0.78938,0.92013,146.73,7.8146,1.5045
2023-12-05,0.79248,0.92447,147.11,7.8175,1.5246
2023-12-06,0.7943,0.92782,147.24,7.8097,1.5208
2023-12-07,0.79612,0.92842,145.0,7.8149,1.5233
2023-12-08,0.79512,0.9279,144.32,7.812,1.515
2023-12-11,0.79557,0.92963,146.45,7.8062,1.5264
2023-12-12,0.79534,0.92558,145.17,7.8098,1.5178
2023-12-13,0.79837,0.92704,145.67,7.8139,1.5252
2023-12-14,0.78721,0.91583,141.77,7.8076,1.4917
2023-12-15,0.78415,0.91358,141.74,7.8054,1.4913
2023-12-18,0.7901,0.91592,142.84,7.7977,1.4861
2023-12-19,0.7854,0.91224,144.32,7.7995,1.4845
2023-12-20,0.79089,0.91374,143.57,7.8069,1.479
2023-12-21,0.79036,0.9105,142.76,7.8103,1.4789
2023-12-22,0.78617,0.90719,142.12,7.8114,1.4694
2023-12-25,0.7853060000000001,0.9051260000000001,142.42000000000002,7.81008,1.4646000000000001
2023-12-26,0.785018,0.9044380000000001,142.52,7.80964,1.463
2023-12-27,0.78473,0.90375,142.62,7.8092,1.4614
2023-12-28,0.78334,0.89977,140.88,7.8168,1.4618
2023-12-29,0.78647,0.90498,141.48,7.8112,1.4718
2024-01-01,0.789755,0.9108,141.945,7.813225,1.4733
2024-01-02,0.79085,0.91274,142.1,7.8139,1.4738
2024-01-03,0.79192,0.91583,143.02,7.8081,1.4869
2024-01-04,0.78771,0.91299,144.17,7.8082,1.4864
2024-01-05,0.7894,0.91567,145.2,7.8104,1.4959
2024-01-08,0.78705,0.91358,144.52,7.8073,1.4963
2024-01-09,0.78554,0.91408,144.09,7.8153,1.4935
2024-01-10,0.78589,0.91358,145.29,7.8204,1.4922
2024-01-11,0.78406,0.91017,145.36,7.8182,1.4899
2024-01-12,0.78551,0.91391,145.47,7.823,1.4965
2024-01-15,0.78643,0.91366,145.88,7.8208,1.5029
2024-01-16,0.79101,0.91895,146.7,7.8258,1.5148
2024-01-17,0.78899,0.91937,147.7,7.8248,1.5254
2024-01-18,0.78872,0.91954,147.94,7.8218,1.5245
2024-01-19,0.78833,0.91853,148.04,7.8192,1.5156
2024-01-22,0.78581,0.91827,147.8,7.8173,1.517
2024-01-23,0.78636,0.91979,147.98,7.8225,1.517
2024-01-24,0.78444,0.91701,147.14,7.8189,1.5149
2024-01-25,0.78526,0.91802,147.63,7.8157,1.5181
2024-01-26,0.78528,0.91988,147.75,7.8128,1.5162
2024-01-29,0.78767,0.92396,147.95,7.812,1.5151
2024-01-30,0.78949,0.922,147.49,7.8162,1.5178
2024-01-31,0.78836,0.92276,147.82,7.819,1.5196
2024-02-01,0.78928,0.92473,146.99,7.8198,1.5345
2024-02-02,0.78345,0.91886,146.63,7.8186,1.5132
2024-02-05,0.79653,0.93058,148.63,7.8218,1.5412
2024-02-06,0.79549,0.93084,148.52,7.823,1.5373
2024-02-07,0.79162,0.92799,148.21,7.8204,1.5316
2024-02-08,0.79362,0.92954,149.24,7.8211,1.5402
2024-02-09,0.79317,0.92833,149.46,7.82,1.5357
2024-02-12,0.79264,0.92825,148.99,7.82,1.5321
2024-02-13,0.78846,0.92653,149.33,7.8173,1.5312
2024-02-14,0.79584,0.93345,150.55,7.818,1.5421
2024-02-15,0.79712,0.93084,150.11,7.8199,1.5382
2024-02-16,0.79499,0.92868,150.33,7.8228,1.5339
2024-02-19,0.79295,0.92799,149.95,7.8204,1.5292
2024-02-20,0.793,0.92575,150.14,7.8214,1.5235
2024-02-21,0.79211,0.92515,149.99,7.8216,1.5252
2024-02-22,0.78961,0.92217,150.42,7.8216,1.523
2024-02-23,0.78771,0.92302,150.37,7.8235,1.5199
2024-02-26,0.78783,0.92149,150.55,7.8233,1.526
2024-02-27,0.78869,0.92115,150.18,7.8249,1.5259
2024-02-28,0.79152,0.92524,150.69,7.8274,1.5395
2024-02-29,0.7912,0.9237,150.13,7.827,1.5411
2024-03-01,0.79153,0.92481,150.58,7.8285,1.5386
2024-03-04,0.78907,0.922,150.49,7.8242,1.5342
2024-03-05,0.78849,0.92174,150.25,7.8231,1.5401
2024-03-06,0.78626,0.91962,149.6,7.8249,1.5327
2024-03-07,0.78426,0.91785,147.86,7.8215,1.5145
2024-03-08,0.77907,0.91475,147.26,7.8203,1.5065
2024-03-11,0.77986,0.91525,146.83,7.8199,1.5144
2024-03-12,0.78287,0.91609,147.85,7.8238,1.5146
2024-03-13,0.78116,0.91416,147.94,7.8228,1.5122
2024-03-14,0.78188,0.91533,148.01,7.822,1.513
2024-03-15,0.78415,0.91811,148.76,7.8222,1.5221
2024-03-18,0.78521,0.91811,149.2,7.8193,1.5225
2024-03-19,0.78722,0.92132,150.52,7.8222,1.5341
2024-03-20,0.78788,0.92217,151.73,7.8234,1.5338
2024-03-21,0.78553,0.91684,151.24,7.8207,1.516
2024-03-22,0.79271,0.92396,151.29,7.8208,1.5339
2024-03-25,0.79094,0.92293,151.16,7.8217,1.5302
2024-03-26,0.79084,0.92123,151.45,7.8231,1.5269
2024-03-27,0.79297,0.92456,151.18,7.8231,1.5348
2024-03-28,0.79095,0.92498,151.19,7.8248,1.5361
2024-03-29,0.791864,0.926048,151.282,7.82552,1.5363
2024-04-01,0.794606,0.9292520000000001,151.558,7.82768,1.5369
2024-04-02,0.79552,0.93032,151.65,7.8284,1.5371
2024-04-03,0.79489,0.92739,151.78,7.8291,1.5338
2024-04-04,0.79053,0.92149,151.76,7.8287,1.5155
2024-04-05,0.79119,0.92242,151.37,7.8284,1.5184
2024-04-08,0.79271,0.92396,151.93,7.8316,1.5183
2024-04-09,0.78829,0.92022,151.81,7.8307,1.5098
2024-04-10,0.78743,0.92081,151.83,7.8324,1.51
2024-04-11,0.79714,0.93205,153.02,7.8347,1.533
2024-04-12,0.80195,0.93879,153.17,7.8368,1.5408
2024-04-15,0.80147,0.93844,153.95,7.8284,1.5429
2024-04-16,0.80323,0.94011,154.69,7.8315,1.5585
2024-04-17,0.80278,0.94003,154.67,7.8311,1.5563
2024-04-18,0.80184,0.93642,154.34,7.8317,1.5514
2024-04-19,0.80372,0.9387,154.59,7.8328,1.5603
2024-04-22,0.81196,0.94056,154.73,7.8363,1.5535
2024-04-23,0.80616,0.93686,154.8,7.8359,1.5492
2024-04-24,0.80428,0.9358,154.94,7.8327,1.5367
2024-04-25,0.79921,0.93284,155.56,7.8284,1.5312
2024-04-26,0.79936,0.93336,156.83,7.8284,1.53
2024-04-29,0.79751,0.93284,156.28,7.8269,1.5226
2024-04-30,0.79752,0.93301,157.0,7.8202,1.5323
2024-05-01,0.7985450000000001,0.93388,155.91,7.818899999999999,1.532
2024-05-02,0.79957,0.93475,154.82,7.8176,1.5317
2024-05-03,0.79647,0.93075,153.22,7.8147,1.5199
2024-05-06,0.79491,0.92799,153.77,7.8158,1.5078
2024-05-07,0.797,0.92885,154.61,7.8206,1.5137
2024-05-08,0.80129,0.93084,155.59,7.818,1.5242
2024-05-09,0.8013,0.93179,155.91,7.816,1.5187
2024-05-10,0.79836,0.92773,155.74,7.8141,1.5141
2024-05-13,0.79688,0.92635,155.86,7.8119,1.5104
2024-05-14,0.79643,0.92627,156.44,7.8122,1.5125
2024-05-15,0.79247,0.92319,155.49,7.8082,1.5055
2024-05-16,0.79008,0.9203,154.91,7.804,1.4992
2024-05-17,0.79016,0.92217,155.81,7.8015,1.5014
2024-05-20,0.78766,0.92073,155.83,7.7997,1.497
2024-05-21,0.78645,0.92047,156.35,7.8036,1.4983
2024-05-22,0.78638,0.92336,156.55,7.8059,1.504
2024-05-23,0.78473,0.92132,156.53,7.8081,1.5048
2024-05-24,0.78636,0.92251,157.08,7.8118,1.5124
2024-05-27,0.78456,0.92225,156.85,7.8081,1.5051
2024-05-28,0.78184,0.91895,156.72,7.8105,1.4992
2024-05-29,0.7841,0.92106,157.26,7.8116,1.5078
2024-05-30,0.78692,0.92464,156.73,7.8184,1.511
2024-05-31,0.78663,0.92149,157.13,7.8177,1.5034
2024-06-03,0.7856,0.92234,156.88,7.8212,1.5025
2024-06-04,0.78364,0.92039,154.89,7.8142,1.5061
2024-06-05,0.78227,0.91979,156.11,7.8094,1.5041
2024-06-06,0.78314,0.92039,156.23,7.8098,1.5065
2024-06-07,0.78106,0.9176,155.55,7.8083,1.4998
2024-06-10,0.78621,0.92971,156.88,7.8136,1.5158
2024-06-11,0.7847,0.93197,157.0,7.8101,1.5154
2024-06-12,0.7837,0.92894,157.32,7.8107,1.5123
2024-06-13,0.78327,0.9273,157.25,7.8101,1.5052
2024-06-14,0.78799,0.9358,157.03,7.8112,1.5119
2024-06-17,0.78952,0.93353,157.87,7.8106,1.5166
2024-06-18,0.78899,0.93327,158.11,7.8081,1.5126
2024-06-19,0.7857,0.93032,157.95,7.8058,1.5001
2024-06-20,0.78844,0.93292,158.43,7.8043,1.4998
2024-06-21,0.7909,0.93563,158.89,7.8032,1.4999
2024-06-24,0.78966,0.93197,159.52,7.8073,1.5058
2024-06-25,0.78836,0.93336,159.45,7.8077,1.5035
2024-06-26,0.79009,0.93554,160.37,7.8079,1.5018
2024-06-27,0.79086,0.93493,160.49,7.8086,1.5032
2024-06-28,0.79064,0.93414,160.62,7.8089,1.502
2024-07-01,0.78911,0.93067,161.14,7.8125,1.4992
2024-07-02,0.78996,0.93205,161.53,7.8133,1.5025
2024-07-03,0.78714,0.92954,161.91,7.8112,1.4987
2024-07-04,0.78392,0.92593,160.96,7.8093,1.4857
2024-07-05,0.78172,0.92387,160.81,7.8108,1.4849
2024-07-08,0.77905,0.92293,160.93,7.8109,1.4829
2024-07-09,0.78131,0.92473,161.09,7.8118,1.4853
2024-07-10,0.78077,0.92379,161.47,7.811,1.4832
2024-07-11,0.77665,0.92123,161.58,7.809,1.4809
2024-07-12,0.77162,0.91827,158.74,7.8071,1.4762
2024-07-15,0.77056,0.91684,158.01,7.8054,1.475
2024-07-16,0.77103,0.91726,158.37,7.8043,1.4831
2024-07-17,0.76747,0.91458,156.58,7.8076,1.4836
2024-07-18,0.77013,0.91491,156.47,7.8088,1.4855
2024-07-19,0.77392,0.91827,157.58,7.8098,1.4946
2024-07-22,0.77347,0.91844,156.87,7.8073,1.5035
2024-07-23,0.77415,0.92081,156.21,7.8074,1.5098
2024-07-24,0.77409,0.92183,154.16,7.8094,1.5144
2024-07-25,0.7767,0.92157,152.63,7.8041,1.5333
2024-07-26,0.77696,0.92081,154.55,7.8068,1.5248
2024-07-29,0.77974,0.92447,153.87,7.8109,1.5285
2024-07-30,0.77846,0.92387,154.85,7.8121,1.5299
2024-07-31,0.77928,0.92353,150.31,7.8121,1.5363
2024-08-01,0.78161,0.92687,150.76,7.8154,1.5294
2024-08-02,0.78449,0.92293,148.93,7.8103,1.5347
2024-08-05,0.78313,0.91191,142.24,7.7818,1.551
2024-08-06,0.78789,0.91617,145.02,7.7925,1.5426
2024-08-07,0.78564,0.91558,147.06,7.7973,1.5238
2024-08-08,0.78768,0.91491,146.15,7.7921,1.5258
2024-08-09,0.78509,0.916,146.86,7.7988,1.5214
2024-08-12,0.7831,0.91533,147.6,7.7947,1.5158
2024-08-13,0.78179,0.91483,147.44,7.7891,1.5161
2024-08-14,0.7785,0.90752,147.0,7.7887,1.5104
2024-08-15,0.77754,0.90818,147.25,7.7922,1.5084
2024-08-16,0.77431,0.90959,148.01,7.7956,1.5078
2024-08-19,0.77206,0.90572,146.02,7.7928,1.4932
2024-08-20,0.76862,0.9022,146.32,7.7901,1.4845
2024-08-21,0.76739,0.8996,145.97,7.7936,1.4839
2024-08-22,0.76285,0.89807,146.06,7.7965,1.4863
2024-08-23,0.76192,0.8992,146.0,7.7986,1.4853
2024-08-26,0.75826,0.89582,144.17,7.7957,1.4777
2024-08-27,0.75648,0.8959,144.45,7.8008,1.4747
2024-08-28,0.75707,0.89952,144.44,7.7999,1.4758
2024-08-29,0.75915,0.90188,144.62,7.7942,1.4677
2024-08-30,0.75873,0.90196,145.39,7.7979,1.4703
2024-09-02,0.7614,0.90408,146.97,7.7967,1.4756
2024-09-03,0.76198,0.90621,146.14,7.7979,1.4856
2024-09-04,0.76243,0.90498,145.03,7.7986,1.4887
2024-09-05,0.75983,0.90114,143.46,7.7943,1.4867
2024-09-06,0.75919,0.90066,143.14,7.793,1.4864
2024-09-09,0.76397,0.90555,143.56,7.7969,1.5029
2024-09-10,0.76389,0.90654,143.06,7.7966,1.5004
2024-09-11,0.76406,0.90555,141.81,7.7973,1.4996
2024-09-12,0.7667,0.90777,142.54,7.8018,1.4975
2024-09-13,0.76234,0.90245,140.93,7.7981,1.4928
2024-09-16,0.75749,0.8988,139.91,7.7946,1.4823
2024-09-17,0.7566,0.89775,140.69,7.7921,1.4788
2024-09-18,0.75715,0.89896,141.98,7.7932,1.4743
2024-09-19,0.75254,0.89638,143.0,7.7942,1.4658
2024-09-20,0.75148,0.89558,144.26,7.7935,1.4677
2024-09-23,0.75113,0.89936,143.52,7.7863,1.4636
2024-09-24,0.74751,0.89823,143.84,7.7848,1.4585
2024-09-25,0.7473,0.89334,144.26,7.7863,1.454
2024-09-26,0.7479,0.89646,144.13,7.7788,1.4538
2024-09-27,0.74689,0.89622,143.06,7.7735,1.4501
2024-09-30,0.74619,0.89318,142.75,7.7646,1.4439
2024-10-01,0.75043,0.90204,143.76,7.7739,1.4469
2024-10-02,0.75231,0.90326,144.76,7.7633,1.4496
2024-10-03,0.76328,0.90588,146.73,7.7665,1.4606
2024-10-04,0.75923,0.9067,146.6,7.764,1.4617
2024-10-07,0.76414,0.91058,148.09,7.7664,1.471
2024-10-08,0.76287,0.91058,147.96,7.7736,1.4836
2024-10-09,0.76426,0.91266,148.74,7.7737,1.4861
2024-10-10,0.76551,0.91475,148.97,7.7717,1.4888
2024-10-11,0.76527,0.91424,148.97,7.7712,1.4841
2024-10-14,0.76651,0.91617,149.69,7.7616,1.4886
2024-10-15,0.76451,0.91718,149.36,7.7676,1.4891
2024-10-16,0.76723,0.91768,149.19,7.7706,1.495
2024-10-17,0.76804,0.9203,149.55,7.7744,1.4935
2024-10-18,0.76671,0.92191,150.04,7.769,1.4903
2024-10-21,0.76767,0.9214,150.0,7.7721,1.4954
2024-10-22,0.77017,0.92413,150.84,7.7728,1.495
2024-10-23,0.77225,0.92876,152.93,7.7697,1.5077
2024-10-24,0.77039,0.92584,151.95,7.7702,1.503
2024-10-25,0.77005,0.92379,151.92,7.77,1.5068
2024-10-28,0.76992,0.92439,152.69,7.7715,1.5134
2024-10-29,0.77056,0.92816,153.76,7.7702,1.5243
2024-10-30,0.77138,0.92464,153.41,7.7716,1.522
2024-10-31,0.76965,0.91895,152.82,7.7741,1.5217
2024-11-01,0.77169,0.9187,152.08,7.7777,1.5186
2024-11-04,0.77094,0.91709,151.75,7.7734,1.5147
2024-11-05,0.77012,0.91768,152.27,7.7716,1.5098
2024-11-06,0.77815,0.93502,154.32,7.7763,1.5242
2024-11-07,0.7713,0.92721,153.65,7.7717,1.5017
2024-11-08,0.77226,0.92833,152.41,7.7743,1.5094
2024-11-11,0.77627,0.93888,153.81,7.775,1.5197
2024-11-12,0.78021,0.94189,154.2,7.7787,1.5264
2024-11-13,0.78477,0.94082,154.96,7.7789,1.5334
2024-11-14,0.7895,0.9494,155.93,7.7827,1.5461
2024-11-15,0.78858,0.94491,155.31,7.7847,1.5445
2024-11-18,0.79189,0.94769,155.17,7.7843,1.5497
2024-11-19,0.79068,0.94536,153.82,7.7836,1.5375
2024-11-20,0.78943,0.94679,155.67,7.7834,1.5362
2024-11-21,0.79112,0.95003,154.41,7.7827,1.5334
2024-11-22,0.79913,0.96043,154.48,7.7845,1.5384
2024-11-25,0.79528,0.95283,154.02,7.7808,1.5351
2024-11-26,0.79339,0.95039,153.14,7.7808,1.5388
2024-11-27,0.79195,0.94958,151.6,7.7817,1.5428
2024-11-28,0.78951,0.94859,151.67,7.7828,1.5394
2024-11-29,0.78778,0.94679,150.2,7.7837,1.5381
2024-12-02,0.78898,0.95175,150.13,7.7808,1.5429
2024-12-03,0.79074,0.95129,149.64,7.7833,1.543
2024-12-04,0.78946,0.95311,151.15,7.784,1.5616
2024-12-05,0.78558,0.94877,150.4,7.7824,1.5538
2024-12-06,0.78305,0.94509,150.51,7.7794,1.56
2024-12-09,0.78354,0.94625,150.83,7.7748,1.55
2024-12-10,0.78422,0.94994,151.74,7.776,1.5628
2024-12-11,0.78479,0.95175,152.61,7.7736,1.5728
2024-12-12,0.7857,0.9532,152.13,7.7757,1.5645
2024-12-13,0.78953,0.95075,153.5,7.775,1.5676
2024-12-16,0.7901,0.95256,154.06,7.7753,1.5727
2024-12-17,0.78735,0.95265,153.98,7.7709,1.5764
2024-12-18,0.7862,0.95274,153.89,7.7709,1.5817
2024-12-19,0.79312,0.962,156.87,7.7715,1.5999
2024-12-20,0.79851,0.96246,156.78,7.7724,1.6048
2024-12-23,0.79857,0.96219,157.18,7.7703,1.6037
2024-12-24,0.79658,0.962,157.05,7.7675,1.6047
2024-12-25,0.7965,0.96077,157.29666666666668,7.765466666666667,1.6057333333333332
2024-12-26,0.79642,0.95954,157.54333333333332,7.763433333333333,1.6067666666666667
2024-12-27,0.79634,0.95831,157.79,7.7614,1.6078
2024-12-30,0.79424,0.95749,157.57,7.7619,1.6044
2024-12-31,0.79813,0.96256,156.95,7.7665,1.6144
2025-01-01,0.80173,0.96573,156.975,7.7715,1.61225
2025-01-02,0.80533,0.9689,157.0,7.7765,1.6101
2025-01-03,0.80584,0.97097,157.07,7.7796,1.6075
2025-01-06,0.79703,0.95914,156.58,7.7724,1.5879
2025-01-07,0.7978,0.96219,157.66,7.7768,1.5931
2025-01-08,0.81084,0.9722,158.41,7.7793,1.6138
2025-01-09,0.81328,0.9704,157.75,7.7816,1.6138
2025-01-10,0.81224,0.9705,158.06,7.7857,1.6164
2025-01-13,0.82526,0.98058,157.11,7.787,1.6256
2025-01-14,0.82272,0.97609,157.76,7.7854,1.6204
2025-01-15,0.81857,0.97087,157.04,7.7865,1.6132
2025-01-16,0.82027,0.97352,156.21,7.7888,1.6135
2025-01-17,0.82009,0.97106,155.59,7.7873,1.6164
2025-01-20,0.81997,0.96937,156.42,7.7841,1.6118
2025-01-21,0.81639,0.96553,155.7,7.7857,1.6065
2025-01-22,0.80883,0.95758,155.82,7.7872,1.5899
2025-01-23,0.81188,0.96117,156.27,7.7898,1.595
2025-01-24,0.80608,0.95493,156.51,7.7883,1.5852
2025-01-27,0.79873,0.94967,154.05,7.786,1.5859
2025-01-28,0.8048,0.9596,155.32,7.7909,1.6023
2025-01-29,0.80534,0.96191,155.35,7.7907,1.6073
2025-01-30,0.80443,0.96126,154.11,7.791,1.6058
2025-01-31,0.80446,0.96219,154.9,7.7927,1.607
2025-02-03,0.80919,0.97333,154.63,7.7937,1.6226
2025-02-04,0.80492,0.96759,155.32,7.788,1.609
2025-02-05,0.79721,0.95951,152.8,7.7876,1.5909
2025-02-06,0.8078,0.96525,152.46,7.7865,1.5972
2025-02-07,0.80325,0.96367,152.04,7.7891,1.5925
2025-02-10,0.80701,0.96899,152.05,7.7907,1.5938
2025-02-11,0.80739,0.96862,152.34,7.7927,1.5926
2025-02-12,0.80365,0.96432,153.54,7.7887,1.5935
2025-02-13,0.80186,0.96246,153.79,7.7888,1.5968
2025-02-14,0.79419,0.95438,152.79,7.7834,1.5761
2025-02-17,0.79378,0.95484,151.5,7.7801,1.5713
2025-02-18,0.79473,0.95721,151.77,7.7759,1.5761
2025-02-19,0.79392,0.95841,151.82,7.7773,1.5736
2025-02-20,0.7931,0.95758,149.96,7.7766,1.5687
2025-02-21,0.79083,0.95557,150.46,7.7713,1.5666
2025-02-24,0.79142,0.95547,149.83,7.7734,1.5702
2025-02-25,0.78983,0.95265,149.75,7.7745,1.5755
2025-02-26,0.7902,0.95356,149.42,7.7731,1.585
2025-02-27,0.78909,0.95447,149.59,7.7738,1.5881
2025-02-28,0.79347,0.96052,150.76,7.7783,1.608
2025-03-03,0.78863,0.95557,151.29,7.777,1.6064
2025-03-04,0.7842,0.94724,148.24,7.7727,1.6026
2025-03-05,0.78081,0.9351,149.7,7.7713,1.5925
2025-03-06,0.77612,0.92627,147.5,7.7734,1.5781
2025-03-07,0.7745,0.92106,147.69,7.7698,1.5896
2025-03-10,0.77316,0.92208,146.97,7.7677,1.5821
2025-03-11,0.77322,0.91642,148.02,7.7698,1.5906
2025-03-12,0.77235,0.91861,149.03,7.7695,1.5889
2025-03-13,0.77357,0.92336,148.33,7.7724,1.5941
2025-03-14,0.7731,0.91836,148.66,7.7725,1.583
2025-03-17,0.77067,0.91718,148.82,7.7702,1.5739
2025-03-18,0.77096,0.91592,149.75,7.77,1.5705
2025-03-19,0.77157,0.91768,149.83,7.7704,1.5792
2025-03-20,0.77255,0.92311,148.48,7.7715,1.5916
2025-03-21,0.77367,0.92362,148.69,7.7737,1.5923
2025-03-24,0.77294,0.92387,149.81,7.7736,1.5912
2025-03-25,0.77196,0.92379,149.95,7.7746,1.5818
2025-03-26,0.77515,0.92696,150.35,7.7759,1.583
2025-03-27,0.77254,0.92721,150.72,7.7763,1.5856
2025-03-28,0.77205,0.92618,150.63,7.7788,1.5856
2025-03-31,0.77241,0.92464,149.42,7.779,1.6013
2025-04-01,0.77554,0.92696,149.18,7.7811,1.5995
2025-04-02,0.77252,0.92567,149.24,7.7818,1.5872
2025-04-03,0.75843,0.90114,146.14,7.7779,1.5723
2025-04-04,0.76861,0.9044,145.21,7.7718,1.6368
2025-04-07,0.78041,0.91183,146.42,7.7686,1.6572
2025-04-08,0.78214,0.91324,146.71,7.7679,1.6505
2025-04-09,0.78257,0.90539,144.51,7.7542,1.6651
2025-04-10,0.77382,0.90236,145.53,7.7607,1.6157
2025-04-11,0.76395,0.88137,142.84,7.7552,1.6042
2025-04-14,0.75928,0.87897,143.25,7.7543,1.5851
2025-04-15,0.75565,0.88308,142.93,7.7921,1.5714
2025-04-16,0.75401,0.88067,142.75,7.7608,1.569
2025-04-17,0.75592,0.88028,142.59,7.7636,1.5709
2025-04-18,0.754366,0.8785,142.14000000000001,7.7624200000000005,1.56946
2025-04-21,0.749704,0.87316,140.79,7.7588799999999996,1.56514
2025-04-22,0.74815,0.87138,140.34,7.7577,1.5637
2025-04-23,0.75158,0.87604,141.64,7.7588,1.5606
2025-04-24,0.75158,0.87904,142.55,7.7584,1.5667
2025-04-25,0.75117,0.88051,143.35,7.7564,1.5671
2025-04-28,0.7496,0.88044,143.34,7.7571,1.5636
2025-04-29,0.74721,0.87928,142.69,7.7585,1.5611
2025-04-30,0.74897,0.87928,143.04,7.7564,1.5649
2025-05-01,0.7506200000000001,0.88044,143.78,7.7532000000000005,1.5591499999999998
2025-05-02,0.75227,0.8816,144.52,7.75,1.5534
2025-05-05,0.75068,0.8816,143.87,7.7501,1.5421
2025-05-06,0.74781,0.883,142.73,7.75,1.5472
2025-05-07,0.74921,0.88028,143.39,7.7587,1.5452
2025-05-08,0.75029,0.88519,144.68,7.7716,1.5584
2025-05-09,0.75338,0.88873,145.18,7.7781,1.5617
2025-05-12,0.75896,0.90041,148.08,7.7916,1.5653
2025-05-13,0.75648,0.89993,148.14,7.7953,1.5606
2025-05-14,0.7504,0.89174,146.25,7.8044,1.5463
2025-05-15,0.75315,0.89405,146.0,7.8073,1.5608
2025-05-16,0.75281,0.89334,145.66,7.8147,1.5596
2025-05-19,0.74756,0.88794,144.97,7.8194,1.5513
2025-05-20,0.74887,0.8896,144.64,7.8256,1.5602
2025-05-21,0.74605,0.88331,143.77,7.831,1.5519
2025-05-22,0.74516,0.88425,143.42,7.8253,1.557
2025-05-23,0.7417,0.88488,142.58,7.8319,1.5546
2025-05-26,0.73737,0.87866,142.9,7.8362,1.5366
2025-05-27,0.73802,0.88059,144.17,7.8381,1.552
2025-05-28,0.74207,0.88363,144.41,7.8381,1.5534
2025-05-29,0.74258,0.88645,144.91,7.8385,1.5524
2025-05-30,0.74186,0.88191,143.72,7.8425,1.5563
2025-06-02,0.73859,0.87573,142.73,7.8445,1.5418
2025-06-03,0.74091,0.87827,143.16,7.8443,1.5493
2025-06-04,0.73972,0.87843,144.19,7.8467,1.5418
2025-06-05,0.73702,0.87543,143.27,7.8469,1.5364
2025-06-06,0.73841,0.87635,144.26,7.8468,1.5417
2025-06-09,0.7383,0.87642,144.5,7.8481,1.535
2025-06-10,0.74057,0.87497,144.57,7.8485,1.5337
2025-06-11,0.74136,0.87466,145.34,7.8492,1.5375
2025-06-12,0.73642,0.86252,143.73,7.8492,1.5352
2025-06-13,0.73879,0.86866,144.15,7.8494,1.5442
2025-06-16,0.73639,0.86401,144.19,7.8497,1.5321
2025-06-17,0.73695,0.86445,144.67,7.8497,1.5295
2025-06-18,0.74314,0.86896,144.83,7.8499,1.5383
2025-06-19,0.74412,0.87123,145.67,7.8499,1.5459
2025-06-20,0.74138,0.86843,145.61,7.8498,1.5418
2025-06-23,0.74677,0.87169,147.55,7.85,1.5658
2025-06-24,0.73464,0.86155,144.97,7.8499,1.5365
2025-06-25,0.73513,0.86222,145.78,7.85,1.5394
2025-06-26,0.7298,0.85507,144.44,7.8498,1.5311
2025-06-27,0.72873,0.85441,144.6,7.85,1.5304
2025-06-30,0.72995,0.85324,144.34,7.8499,1.5314
2025-07-01,0.72718,0.84674,142.85,7.85,1.5186
2025-07-02,0.73203,0.8507,144.15,7.8498,1.5256
2025-07-03,0.73239,0.84875,143.93,7.8499,1.5216
2025-07-04,0.73298,0.84983,144.4,7.8497,1.5253
2025-07-07,0.73423,0.85266,145.56,7.8498,1.5385
2025-07-08,0.73664,0.85339,146.53,7.85,1.5297
2025-07-09,0.73628,0.85485,146.72,7.85,1.5334
2025-07-10,0.73678,0.85404,146.32,7.8499,1.5264
2025-07-11,0.74099,0.85594,147.06,7.85,1.5216
2025-07-14,0.7414,0.85543,147.37,7.85,1.5232
2025-07-15,0.74402,0.85727,147.95,7.85,1.5246
2025-07-16,0.74634,0.86192,148.73,7.8499,1.5337
2025-07-17,0.74652,0.86363,148.79,7.849,1.5479
2025-07-18,0.743,0.85837,148.45,7.8488,1.5324
2025-07-21,0.74192,0.85712,147.44,7.8497,1.5328
2025-07-22,0.74152,0.85477,147.17,7.85,1.5338
2025-07-23,0.73896,0.85281,146.28,7.85,1.5159
2025-07-24,0.73792,0.85063,146.5,7.8499,1.5117
2025-07-25,0.74335,0.85295,147.65,7.8495,1.5227
2025-07-28,0.74472,0.85807,148.15,7.8499,1.5319
2025-07-29,0.75002,0.86708,148.77,7.8499,1.5393
2025-07-30,0.74798,0.86753,148.31,7.8499,1.542
2025-07-31,0.75564,0.87367,149.85,7.85,1.5518
2025-08-01,0.75982,0.87689,150.48,7.85,1.557
2025-08-04,0.75262,0.86468,147.38,7.85,1.5431
2025-08-05,0.7529,0.8661,147.6,7.8497,1.5469
2025-08-06,0.75121,0.86177,147.55,7.8499,1.5377
2025-08-07,0.74491,0.85889,147.38,7.8496,1.5333
2025-08-08,0.74442,0.85852,147.82,7.8499,1.5331
2025-08-11,0.74479,0.86044,147.87,7.8499,1.5366
2025-08-12,0.74281,0.86162,148.46,7.85,1.5412
2025-08-13,0.737,0.8539,147.27,7.85,1.5261
2025-08-14,0.73653,0.85543,146.54,7.8423,1.5328
2025-08-15,0.73768,0.85558,147.0,7.8201,1.5355
2025-08-18,0.73854,0.85668,147.58,7.8177,1.5361
2025-08-19,0.7396,0.85602,147.81,7.8015,1.5403
2025-08-20,0.742,0.8583,147.43,7.8137,1.553
2025-08-21,0.74353,0.85918,147.86,7.8136,1.5567
2025-08-22,0.74543,0.86147,148.69,7.8179,1.5565
2025-08-25,0.74028,0.85492,147.35,7.8113,1.5393
2025-08-26,0.74142,0.85793,147.37,7.8004,1.5405
2025-08-27,0.74407,0.86259,148.05,7.7831,1.5454
2025-08-28,0.73972,0.85646,146.87,7.7945,1.5313
2025-08-29,0.74352,0.85778,147.3,7.7952,1.5324
2025-09-01,0.73939,0.85361,147.22,7.7968,1.5267
2025-09-02,0.74721,0.85866,148.63,7.8065,1.5368
2025-09-03,0.74547,0.85815,148.61,7.8013,1.5295
2025-09-04,0.7438,0.85859,148.33,7.7984,1.5343
2025-09-05,0.7419,0.85492,147.98,7.8023,1.5277
2025-09-08,0.73917,0.85266,147.84,7.7935,1.5177
2025-09-09,0.73765,0.8515,146.76,7.7876,1.5132
2025-09-10,0.73887,0.85419,147.49,7.7893,1.5136
2025-09-11,0.74001,0.8558,147.95,7.7904,1.5145
2025-09-12,0.73844,0.85339,147.92,7.7827,1.5059
2025-09-15,0.7344,0.84991,147.36,7.7787,1.5008
2025-09-16,0.73312,0.84696,146.99,7.7827,1.4989
2025-09-17,0.73287,0.84481,146.39,7.776,1.4977
2025-09-18,0.73447,0.84617,147.44,7.7771,1.5046
2025-09-19,0.74199,0.85208,148.08,7.7757,1.5169
2025-09-22,0.74094,0.84882,147.84,7.7708,1.5164
2025-09-23,0.74018,0.84796,147.8,7.7755,1.5139
2025-09-24,0.74268,0.85063,148.44,7.7766,1.5134
2025-09-25,0.74521,0.85186,148.82,7.778,1.519
2025-09-26,0.7488,0.85675,149.75,7.7809,1.532
2025-09-29,0.74409,0.85302,148.75,7.7803,1.5234
2025-09-30,0.74389,0.85172,147.99,7.7812,1.5126
2025-10-01,0.74241,0.85295,147.11,7.7819,1.5132
2025-10-02,0.74196,0.85077,146.78,7.781,1.5132
2025-10-03,0.74365,0.85222,147.35,7.7823,1.5145
2025-10-06,0.74456,0.85631,150.04,7.7835,1.5155
2025-10-07,0.74601,0.85719,150.91,7.7832,1.5179
2025-10-08,0.74576,0.86007,152.69,7.7822,1.5214
2025-10-09,0.74783,0.86125,152.79,7.78,1.5158
2025-10-10,0.75285,0.86445,152.54,7.782,1.5258
2025-10-13,0.75002,0.86438,152.11,7.7772,1.5364
2025-10-14,0.75409,0.86558,152.1,7.7749,1.5499
2025-10-15,0.74901,0.86044,151.55,7.7734,1.5349
2025-10-16,0.74478,0.85844,151.28,7.7728,1.5388
2025-10-17,0.74437,0.85609,150.42,7.7675,1.5405
2025-10-20,0.74569,0.858,150.76,7.7697,1.5414
2025-10-21,0.74765,0.86155,152.02,7.7715,1.5409
2025-10-22,0.74989,0.86304,151.83,7.7711,1.5417
2025-10-23,0.74968,0.86259,152.63,7.7712,1.5376
2025-10-24,0.75146,0.86118,152.9,7.7697,1.5382
2025-10-27,0.74923,0.85911,152.86,7.7675,1.5247
2025-10-28,0.75322,0.85985,152.29,7.77,1.5258
2025-10-29,0.75688,0.8594,152.17,7.7709,1.5152
2025-10-30,0.76199,0.8658,154.43,7.7683,1.53
2025-10-31,0.76303,0.8655,154.18,7.7711,1.5295
2025-11-03,0.76125,0.86851,154.22,7.7732,1.5283
2025-11-04,0.76538,0.87025,153.5,7.7737,1.5396
2025-11-05,0.76662,0.87017,153.73,7.7759,1.5423
2025-11-06,0.76363,0.86708,153.6,7.7751,1.5345
2025-11-07,0.76213,0.86498,153.09,7.7768,1.5429
2025-11-10,0.75862,0.86423,154.1,7.7733,1.5306
2025-11-11,0.7606,0.86393,154.18,7.7728,1.5324
2025-11-12,0.76218,0.86386,154.79,7.7711,1.5287
2025-11-13,0.75902,0.86066,154.55,7.7707,1.5253
2025-11-14,0.75944,0.85852,153.86,7.771,1.5322
2025-11-17,0.75865,0.86259,154.9,7.7737,1.5352
2025-11-18,0.76109,0.86281,155.25,7.7854,1.5384
2025-11-19,0.76207,0.86333,156.13,7.7869,1.5413
2025-11-20,0.76559,0.86851,157.61,7.7857,1.5436
2025-11-21,0.76415,0.86806,156.74,7.7846,1.5515
2025-11-24,0.76265,0.86625,156.98,7.7657,1.5487
2025-11-25,0.7608,0.86573,156.19,7.7762,1.5477
2025-11-26,0.75805,0.86378,156.42,7.7777,1.5391
2025-11-27,0.75557,0.86311,156.32,7.7782,1.5323
2025-11-28,0.7567,0.8646,156.12,7.7832,1.5322
2025-12-01,0.75374,0.85866,154.8,7.7883,1.5233
2025-12-02,0.75736,0.86103,156.07,7.7858,1.526
2025-12-03,0.75129,0.85704,155.37,7.7842,1.517
2025-12-04,0.74961,0.85719,154.77,7.7834,1.5135
2025-12-05,0.74942,0.85874,155.23,7.7846,1.5067
2025-12-08,0.75041,0.858,155.55,7.7804,1.5057
2025-12-09,0.75062,0.85933,156.36,7.7821,1.5066
2025-12-10,0.75133,0.85955,156.71,7.7817,1.5053
2025-12-11,0.74705,0.85368,155.58,7.7816,1.5026
2025-12-12,0.74734,0.85244,155.99,7.7855,1.4998
2025-12-15,0.74696,0.85085,155.13,7.782,1.5034
2025-12-16,0.74423,0.84918,154.61,7.7793,1.5062
2025-12-17,0.74945,0.8531,155.59,7.7808,1.5103
2025-12-18,0.74631,0.85332,155.77,7.7814,1.5133
2025-12-19,0.74795,0.85383,157.23,7.7809,1.5146
2025-12-22,0.74432,0.85143,157.32,7.7788,1.5042
2025-12-23,0.74062,0.84846,156.02,7.7782,1.4939
2025-12-24,0.74056,0.84839,155.96,7.7759,1.4921
2025-12-25,0.740774,0.848694,156.04000000000002,7.77548,1.4925599999999999
2025-12-26,0.740988,0.848998,156.12,7.77506,1.49302
2025-12-29,0.74163,0.84991,156.36,7.7738,1.4944
2025-12-30,0.74101,0.85056,156.06,7.7835,1.4921
2025-12-31,0.74264,0.85106,156.67,7.7842,1.4963
2026-01-01,0.74326,0.852115,156.8,7.78805,1.495
2026-01-02,0.74388,0.85317,156.93,7.7919,1.4937
2026-01-05,0.74383,0.85734,156.83,7.7865,1.4997
2026-01-06,0.73998,0.85419,156.44,7.7878,1.4882
2026-01-07,0.74153,0.85587,156.55,7.7864,1.4864
2026-01-08,0.74407,0.85653,156.72,7.7928,1.4932
2026-01-09,0.74532,0.85896,157.64,7.7962,1.4981
2026-01-12,0.74187,0.85529,157.73,7.7964,1.489
2026-01-13,0.74309,0.85807,158.85,7.802,1.4925
2026-01-14,0.74397,0.8583,158.63,7.7968,1.4977
2026-01-15,0.74621,0.86029,158.56,7.7991,1.4954
2026-01-16,0.74632,0.86081,158.1,7.8,1.493
2026-01-19,0.74551,0.85977,157.93,7.7968,1.491
2026-01-20,0.74369,0.85266,157.9,7.7981,1.4853
2026-01-21,0.74487,0.85186,157.79,7.7973,1.4771
2026-01-22,0.74509,0.85426,158.79,7.798,1.4691
2026-01-23,0.73931,0.85164,158.16,7.7977,1.4567
2026-01-26,0.73293,0.84488,154.21,7.7973,1.4475
2026-01-27,0.72789,0.83829,153.34,7.8,1.4391
2026-01-28,0.72532,0.83514,152.63,7.8015,1.4287
2026-01-29,0.72376,0.83556,153.31,7.8047,1.415
2026-01-30,0.72674,0.839,154.03,7.8083,1.4264
2026-02-02,0.73125,0.84459,155.06,7.8111,1.4394
2026-02-03,0.7307,0.84739,155.85,7.813,1.4262
2026-02-04,0.72893,0.84602,156.64,7.8117,1.4225
2026-02-05,0.73665,0.8476,156.9,7.8124,1.4343
2026-02-06,0.73588,0.84789,157.09,7.8135,1.4312
2026-02-09,0.73204,0.84133,156.19,7.8149,1.417
2026-02-10,0.73104,0.84076,155.13,7.8176,1.415
2026-02-11,0.73101,0.84034,153.61,7.8162,1.4065
2026-02-12,0.73362,0.84218,153.71,7.8167,1.4046
2026-02-13,0.73478,0.84303,153.29,7.817,1.4183
2026-02-16,0.73302,0.84353,153.34,7.8153,1.4113
2026-02-17,0.73846,0.84559,153.1,7.8157,1.4186
2026-02-18,0.73651,0.84424,153.64,7.8147,1.4139
2026-02-19,0.74347,0.85085,154.9,7.8147,1.4207
2026-02-20,0.74174,0.84983,155.21,7.8152,1.419
2026-02-23,0.74117,0.84861,154.82,7.8187,1.4145
2026-02-24,0.74136,0.84911,155.84,7.8225,1.4195
2026-02-25,0.73948,0.84861,156.74,7.8205,1.4101
2026-02-26,0.73802,0.84645,156.06,7.8227,1.4044
2026-02-27,0.74231,0.8471,155.98,7.8237,1.4072
2026-03-02,0.74705,0.85485,157.45,7.8226,1.4173
2026-03-03,0.75108,0.86162,157.66,7.8022,1.4246
2026-03-04,0.74727,0.85844,157.11,7.8173,1.4167
2026-03-05,0.74841,0.86073,157.54,7.8209,1.4193
2026-03-06,0.74987,0.86498,157.92,7.8194,1.4273
2026-03-09,0.74885,0.86543,158.5,7.8158,1.4249
2026-03-10,0.74345,0.85903,157.78,7.8236,1.4049
2026-03-11,0.74573,0.86348,158.56,7.8268,1.3984
2026-03-12,0.74689,0.86603,158.86,7.8271,1.4021
2026-03-13,0.75377,0.87138,159.33,7.8274,1.4197
2026-03-16,0.75281,0.87123,159.14,7.8307,1.4177
2026-03-17,0.74954,0.86723,158.95,7.8358,1.4073
2026-03-18,0.75124,0.86957,159.56,7.8378,1.4178
2026-03-19,0.75192,0.8704,158.81,7.8306,1.4277
2026-03-20,0.74806,0.86543,158.77,7.836,1.4151
2026-03-23,0.74526,0.86237,158.55,7.8319,1.4245
2026-03-24,0.74785,0.86415,158.93,7.8271,1.439
2026-03-25,0.7467,0.86266,158.96,7.8189,1.4361
2026-03-26,0.74976,0.86663,159.62,7.824,1.4467
2026-03-27,0.75297,0.86828,159.9,7.8339,1.4527
2026-03-30,0.75586,0.87078,159.46,7.8343,1.4577
2026-03-31,0.7552,0.86972,159.5,7.8393,1.4518
2026-04-01,0.75065,0.8617,158.32,7.8376,1.4381
2026-04-02,0.75708,0.86768,159.6,7.8373,1.4552
2026-04-03,0.756668,0.8672,159.648,7.8370999999999995,1.45256
2026-04-06,0.755432,0.8657600000000001,159.792,7.8365,1.44464
2026-04-07,0.75502,0.86528,159.84,7.8363,1.442
2026-04-08,0.74229,0.85426,158.15,7.8323,1.4171
2026-04-09,0.745,0.8558,158.92,7.8349,1.42
2026-04-10,0.74379,0.8539,159.19,7.8327,1.4141
2026-04-13,0.7451,0.85587,159.83,7.8318,1.4216
2026-04-14,0.73699,0.84796,158.85,7.8328,1.4041
2026-04-15,0.73799,0.8489,159.09,7.8344,1.4013
2026-04-16,0.73836,0.84875,158.98,7.8251,1.3941
2026-04-17,0.7389,0.84767,159.13,7.831,1.3934
2026-04-20,0.74018,0.85034,158.91,7.8321,1.3973
2026-04-21,0.73965,0.84983,159.04,7.8304,1.3957
2026-04-22,0.74067,0.8523,159.22,7.8319,1.3981
2026-04-23,0.74034,0.85514,159.48,7.8331,1.3979
2026-04-24,0.74115,0.85383,159.42,7.835,1.3997
2026-04-27,0.73691,0.85114,159.21,7.8373,1.3905
