Date,vix,wti,dxy,us10y,us2y
1999-01-04,26.170000076293945,,93.44000244140625,4.677000045776367,4.369999885559082
1999-01-05,24.459999084472656,,93.47000122070312,4.729000091552734,4.369999885559082
1999-01-06,23.34000015258789,,94.52999877929688,4.7210001945495605,4.369999885559082
1999-01-07,24.3700008392334,,93.72000122070312,4.764999866485596,4.309999942779541
1999-01-08,23.280000686645508,,94.3499984741211,4.8420000076293945,4.360000133514404
1999-01-11,25.459999084472656,,94.66000366210938,4.874000072479248,4.389999866485596
1999-01-12,28.100000381469727,,94.79000091552734,4.809999942779541,4.360000133514404
1999-01-13,30.110000610351562,,94.25,4.7210001945495605,4.340000152587891
1999-01-14,32.97999954223633,,94.02999877929688,4.613999843597412,4.309999942779541
1999-01-15,29.239999771118164,,94.72000122070312,4.669000148773193,4.320000171661377
1999-01-18,29.239999771118164,,94.72000122070312,4.669000148773193,4.320000171661377
1999-01-19,29.239999771118164,,94.5199966430664,4.701000213623047,4.28000020980835
1999-01-20,28.600000381469727,,94.72000122070312,4.744999885559082,4.289999961853027
1999-01-21,30.920000076293945,,94.5,4.689000129699707,4.210000038146973
1999-01-22,31.950000762939453,,94.66000366210938,4.629000186920166,4.25
1999-01-25,31.1299991607666,,94.7300033569336,4.6529998779296875,4.289999961853027
1999-01-26,29.229999542236328,,94.72000122070312,4.681000232696533,4.349999904632568
1999-01-27,29.729999542236328,,95.68000030517578,4.672999858856201,4.360000133514404
1999-01-28,28.110000610351562,,95.79000091552734,4.664999961853027,4.369999885559082
1999-01-29,26.25,,96.08000183105469,4.6529998779296875,4.360000133514404
1999-02-01,27.670000076293945,,96.2300033569336,4.744999885559082,4.409999847412109
1999-02-02,28.15999984741211,,95.70999908447266,4.784999847412109,4.409999847412109
1999-02-03,27.8799991607666,,96.02999877929688,4.822000026702881,4.360000133514404
1999-02-04,29.479999542236328,,95.68000030517578,4.88700008392334,4.360000133514404
1999-02-05,29.670000076293945,,96.22000122070312,4.932000160217285,4.389999866485596
1999-02-08,30.270000457763672,,96.01000213623047,4.923999786376953,4.400000095367432
1999-02-09,31.360000610351562,,96.27999877929688,4.890999794006348,4.409999847412109
1999-02-10,30.450000762939453,,95.95999908447266,4.900000095367432,4.369999885559082
1999-02-11,27.420000076293945,,96.68000030517578,4.9079999923706055,4.389999866485596
1999-02-12,29.760000228881836,,96.30999755859375,5.052000045776367,4.420000076293945
1999-02-15,29.760000228881836,,96.69999694824219,5.052000045776367,4.420000076293945
1999-02-16,29.649999618530273,,97.20999908447266,5.0279998779296875,4.400000095367432
1999-02-17,30.649999618530273,,97.05999755859375,4.978000164031982,4.409999847412109
1999-02-18,30.450000762939453,,97.31999969482422,5.0279998779296875,4.409999847412109
1999-02-19,29.299999237060547,,98.2699966430664,5.060999870300293,4.449999809265137
1999-02-22,25.8700008392334,,98.5199966430664,5.015999794006348,4.489999771118164
1999-02-23,26.489999771118164,,98.8499984741211,5.078000068664551,4.539999961853027
1999-02-24,27.209999084472656,,99.11000061035156,5.1620001792907715,4.539999961853027
1999-02-25,28.010000228881836,,98.56999969482422,5.293000221252441,4.5
1999-02-26,27.8799991607666,,98.68000030517578,5.271999835968018,4.550000190734863
1999-03-01,28.3700008392334,,99.55999755859375,5.383999824523926,4.579999923706055
1999-03-02,29.219999313354492,,99.37000274658203,5.341000080108643,4.539999961853027
1999-03-03,29.040000915527344,,99.76000213623047,5.375999927520752,4.480000019073486
1999-03-04,26.670000076293945,,100.33999633789062,5.401000022888184,4.480000019073486
1999-03-05,24.079999923706055,,100.23999786376953,5.315999984741211,4.489999771118164
1999-03-08,24.540000915527344,,99.69000244140625,5.2779998779296875,4.5
1999-03-09,25.020000457763672,,99.55999755859375,5.171999931335449,4.46999979019165
1999-03-10,24.790000915527344,,99.01000213623047,5.189000129699707,4.46999979019165
1999-03-11,24.3700008392334,,98.45999908447266,5.197000026702881,4.480000019073486
1999-03-12,24.84000015258789,,99.1500015258789,5.151000022888184,4.46999979019165
1999-03-15,25.239999771118164,,98.88999938964844,5.130000114440918,4.460000038146973
1999-03-16,25.149999618530273,,98.5999984741211,5.0970001220703125,4.429999828338623
1999-03-17,25.56999969482422,,98.5,5.122000217437744,4.400000095367432
1999-03-18,24.1299991607666,,98.56999969482422,5.10099983215332,4.369999885559082
1999-03-19,24.31999969482422,,99.05000305175781,5.1479997634887695,4.380000114440918
1999-03-22,25.0,,98.91999816894531,5.193999767303467,4.389999866485596
1999-03-23,27.270000457763672,,98.91999816894531,5.185999870300293,4.380000114440918
1999-03-24,26.600000381469727,,99.05999755859375,5.156000137329102,4.380000114440918
1999-03-25,24.329999923706055,,99.4800033569336,5.203000068664551,4.389999866485596
1999-03-26,24.040000915527344,,100.19000244140625,5.198999881744385,4.389999866485596
1999-03-29,23.540000915527344,,100.36000061035156,5.258999824523926,4.389999866485596
1999-03-30,22.729999542236328,,100.54000091552734,5.190999984741211,4.369999885559082
1999-03-31,23.260000228881836,,100.0999984741211,5.234000205993652,4.360000133514404
1999-04-01,22.059999465942383,,100.08999633789062,5.271999835968018,4.300000190734863
1999-04-02,22.059999465942383,,100.08999633789062,5.271999835968018,4.300000190734863
1999-04-05,22.190000534057617,,100.73999786376953,5.183000087738037,4.289999961853027
1999-04-06,22.649999618530273,,99.91000366210938,5.119999885559082,4.289999961853027
1999-04-07,22.809999465942383,,100.3499984741211,5.124000072479248,4.28000020980835
1999-04-08,22.59000015258789,,100.44000244140625,5.019000053405762,4.269999980926514
1999-04-09,21.770000457763672,,100.08000183105469,5.035999774932861,4.260000228881836
1999-04-12,21.93000030517578,,99.80000305175781,5.039999961853027,4.21999979019165
1999-04-13,22.729999542236328,,100.05999755859375,5.098999977111816,4.170000076293945
1999-04-14,24.940000534057617,,99.81999969482422,5.111999988555908,4.159999847412109
1999-04-15,23.93000030517578,,100.33999633789062,5.150000095367432,4.190000057220459
1999-04-16,23.899999618530273,,100.08000183105469,5.205999851226807,4.21999979019165
1999-04-19,26.420000076293945,,100.56999969482422,5.168000221252441,4.210000038146973
1999-04-20,25.020000457763672,,100.80999755859375,5.133999824523926,4.25
1999-04-21,23.309999465942383,,100.9800033569336,5.133999824523926,4.239999771118164
1999-04-22,22.6200008392334,,100.91000366210938,5.236000061035156,4.269999980926514
1999-04-23,22.760000228881836,,100.87000274658203,5.236999988555908,4.309999942779541
1999-04-26,23.530000686645508,,101.0199966430664,5.210999965667725,4.349999904632568
1999-04-27,23.360000610351562,,100.62999725341797,5.206999778747559,4.369999885559082
1999-04-28,24.399999618530273,,100.79000091552734,5.241000175476074,4.380000114440918
1999-04-29,25.059999465942383,,100.94000244140625,5.190000057220459,4.380000114440918
1999-04-30,25.06999969482422,,101.0,5.349999904632568,4.429999828338623
1999-05-03,24.149999618530273,,101.11000061035156,5.359000205993652,4.460000038146973
1999-05-04,25.6200008392334,,100.68000030517578,5.4070000648498535,4.489999771118164
1999-05-05,25.190000534057617,,99.91000366210938,5.385000228881836,4.480000019073486
1999-05-06,27.440000534057617,,99.44999694824219,5.494999885559082,4.480000019073486
1999-05-07,25.360000610351562,,99.98999786376953,5.534999847412109,4.46999979019165
1999-05-10,26.6200008392334,,99.7300033569336,5.513999938964844,4.46999979019165
1999-05-11,25.6200008392334,,100.23999786376953,5.571000099182129,4.480000019073486
1999-05-12,26.1299991607666,,100.69999694824219,5.558000087738037,4.46999979019165
1999-05-13,25.020000457763672,,100.69999694824219,5.389999866485596,4.449999809265137
1999-05-14,26.860000610351562,,100.93000030517578,5.603000164031982,4.5
1999-05-17,27.280000686645508,,100.86000061035156,5.64900016784668,4.550000190734863
1999-05-18,27.260000228881836,,100.72000122070312,5.660999774932861,4.53000020980835
1999-05-19,25.079999923706055,,101.08999633789062,5.59499979019165,4.5
1999-05-20,24.459999084472656,,101.33999633789062,5.581999778747559,4.480000019073486
1999-05-21,24.399999618530273,,101.63999938964844,5.515999794006348,4.460000038146973
1999-05-24,27.6200008392334,,101.4000015258789,5.492000102996826,4.5
1999-05-25,28.899999618530273,,101.37999725341797,5.479000091552734,4.510000228881836
1999-05-26,27.56999969482422,,102.23999786376953,5.5370001792907715,4.519999980926514
1999-05-27,28.1200008392334,,102.08000183105469,5.611999988555908,4.519999980926514
1999-05-28,25.389999389648438,,102.51000213623047,5.611000061035156,4.510000228881836
1999-05-31,25.389999389648438,,102.51000213623047,5.611000061035156,4.510000228881836
1999-06-01,26.6200008392334,,102.06999969482422,5.765999794006348,4.539999961853027
1999-06-02,26.209999084472656,,102.79000091552734,5.7829999923706055,4.599999904632568
1999-06-03,26.200000762939453,,102.9800033569336,5.788000106811523,4.519999980926514
1999-06-04,23.43000030517578,,102.6500015258789,5.809000015258789,4.429999828338623
1999-06-07,23.780000686645508,,103.11000061035156,5.796000003814697,4.389999866485596
1999-06-08,24.020000457763672,,101.76000213623047,5.817999839782715,4.480000019073486
1999-06-09,23.899999618530273,,101.76000213623047,5.855999946594238,4.46999979019165
1999-06-10,25.31999969482422,,101.58000183105469,5.915999889373779,4.53000020980835
1999-06-11,25.899999618530273,,101.0,5.998000144958496,4.590000152587891
1999-06-14,26.510000228881836,,102.11000061035156,5.9679999351501465,4.570000171661377
1999-06-15,25.90999984741211,,102.20999908447266,5.959000110626221,4.590000152587891
1999-06-16,22.399999618530273,,102.8499984741211,5.938000202178955,4.550000190734863
1999-06-17,21.950000762939453,,102.5199966430664,5.776000022888184,4.510000228881836
1999-06-18,21.75,,102.37000274658203,5.822000026702881,4.519999980926514
1999-06-21,21.809999465942383,,102.9000015258789,5.890999794006348,4.550000190734863
1999-06-22,21.700000762939453,,103.0,5.929999828338623,4.610000133514404
1999-06-23,21.31999969482422,,103.04000091552734,6.002999782562256,4.590000152587891
1999-06-24,23.059999465942383,,102.51000213623047,6.0289998054504395,4.590000152587891
1999-06-25,21.760000228881836,,102.27999877929688,6.01200008392334,4.659999847412109
1999-06-28,22.6299991607666,,102.8499984741211,5.958000183105469,4.670000076293945
1999-06-29,22.510000228881836,,103.05000305175781,5.926000118255615,4.699999809265137
1999-06-30,21.09000015258789,,102.8499984741211,5.809999942779541,4.670000076293945
1999-07-01,19.690000534057617,,103.66000366210938,5.840000152587891,4.570000171661377
1999-07-02,18.65999984741211,,103.48999786376953,5.822999954223633,4.539999961853027
1999-07-05,18.65999984741211,,103.91999816894531,5.822999954223633,4.539999961853027
1999-07-06,20.729999542236328,,103.8499984741211,5.866000175476074,4.519999980926514
1999-07-07,20.350000381469727,,103.93000030517578,5.892000198364258,4.53000020980835
1999-07-08,20.239999771118164,,104.12000274658203,5.831999778747559,4.539999961853027
1999-07-09,17.959999084472656,,104.44000244140625,5.822999954223633,4.559999942779541
1999-07-12,19.729999542236328,,104.5,5.7210001945495605,4.559999942779541
1999-07-13,19.950000762939453,,104.31999969482422,5.691999912261963,4.579999923706055
1999-07-14,19.709999084472656,,103.93000030517578,5.7210001945495605,4.579999923706055
1999-07-15,18.68000030517578,,104.0,5.709000110626221,4.570000171661377
1999-07-16,17.420000076293945,,104.08000183105469,5.671000003814697,4.539999961853027
1999-07-19,19.06999969482422,,102.91999816894531,5.650000095367432,4.519999980926514
1999-07-20,21.790000915527344,,102.41000366210938,5.629000186920166,4.489999771118164
1999-07-21,21.459999084472656,,101.62999725341797,5.650000095367432,4.46999979019165
1999-07-22,23.049999237060547,,101.48999786376953,5.769000053405762,4.480000019073486
1999-07-23,23.31999969482422,,101.55000305175781,5.828999996185303,4.519999980926514
1999-07-26,24.979999542236328,,100.56999969482422,5.8460001945495605,4.570000171661377
1999-07-27,23.229999542236328,,100.79000091552734,5.798999786376953,4.579999923706055
1999-07-28,22.850000381469727,,100.41000366210938,5.785999774932861,4.570000171661377
1999-07-29,24.520000457763672,,99.77999877929688,5.86299991607666,4.579999923706055
1999-07-30,24.639999389648438,,99.75,5.9070000648498535,4.619999885559082
1999-08-02,25.59000015258789,,99.83999633789062,5.910999774932861,4.650000095367432
1999-08-03,26.270000457763672,,99.91000366210938,5.941999912261963,4.690000057220459
1999-08-04,27.399999618530273,,99.2699966430664,5.946000099182129,4.659999847412109
1999-08-05,27.010000228881836,,99.41999816894531,5.876999855041504,4.579999923706055
1999-08-06,26.600000381469727,,99.58999633789062,6.006999969482422,4.659999847412109
1999-08-09,27.65999984741211,,99.9800033569336,6.118000030517578,4.739999771118164
1999-08-10,28.450000762939453,,99.80999755859375,6.144000053405762,4.809999942779541
1999-08-11,25.389999389648438,,100.18000030517578,6.109000205993652,4.769999980926514
1999-08-12,25.030000686645508,,100.08999633789062,6.066999912261963,4.659999847412109
1999-08-13,22.309999465942383,,100.58999633789062,5.974999904632568,4.599999904632568
1999-08-16,23.06999969482422,,100.62999725341797,5.966000080108643,4.630000114440918
1999-08-17,21.670000076293945,,100.83999633789062,5.874000072479248,4.679999828338623
1999-08-18,23.299999237060547,,100.56999969482422,5.866000175476074,4.630000114440918
1999-08-19,24.389999389648438,,99.80000305175781,5.882999897003174,4.630000114440918
1999-08-20,22.950000762939453,,99.5999984741211,5.869999885559082,4.690000057220459
1999-08-23,22.549999237060547,,100.73999786376953,5.882999897003174,4.769999980926514
1999-08-24,22.399999618530273,,100.48999786376953,5.836999893188477,4.849999904632568
1999-08-25,20.959999084472656,,101.30999755859375,5.7170000076293945,4.789999961853027
1999-08-26,21.209999084472656,,101.20999908447266,5.73799991607666,4.78000020980835
1999-08-27,21.829999923706055,,101.08000183105469,5.841000080108643,4.840000152587891
1999-08-30,24.6299991607666,,100.94000244140625,5.940999984741211,4.849999904632568
1999-08-31,24.450000762939453,,99.94999694824219,5.979000091552734,4.849999904632568
1999-09-01,22.93000030517578,,99.79000091552734,5.973999977111816,4.820000171661377
1999-09-02,24.530000686645508,,99.25,6.01200008392334,4.78000020980835
1999-09-03,20.979999542236328,,99.77999877929688,5.882999897003174,4.769999980926514
1999-09-06,20.979999542236328,,99.9000015258789,5.882999897003174,4.769999980926514
1999-09-07,23.440000534057617,,100.0,5.936999797821045,4.690000057220459
1999-09-08,23.81999969482422,,99.87999725341797,5.920000076293945,4.690000057220459
1999-09-09,23.010000228881836,,99.62999725341797,5.958000183105469,4.679999828338623
1999-09-10,22.030000686645508,,101.0199966430664,5.890999794006348,4.619999885559082
1999-09-13,22.889999389648438,,100.37999725341797,5.9079999923706055,4.630000114440918
1999-09-14,23.770000457763672,,100.7300033569336,5.949999809265137,4.690000057220459
1999-09-15,24.559999465942383,,100.19999694824219,5.928999900817871,4.619999885559082
1999-09-16,25.25,,100.31999969482422,5.890999794006348,4.559999942779541
1999-09-17,23.299999237060547,,100.36000061035156,5.854000091552734,4.550000190734863
1999-09-20,24.030000686645508,,100.51000213623047,5.9019999504089355,4.539999961853027
1999-09-21,25.649999618530273,,99.5999984741211,5.922999858856201,4.650000095367432
1999-09-22,25.190000534057617,,99.75,5.914999961853027,4.679999828338623
1999-09-23,27.84000015258789,,99.72000122070312,5.8520002365112305,4.670000076293945
1999-09-24,27.790000915527344,,99.63999938964844,5.738999843597412,4.670000076293945
1999-09-27,26.399999618530273,,99.69000244140625,5.817999839782715,4.670000076293945
1999-09-28,26.059999465942383,,99.18000030517578,5.872000217437744,4.670000076293945
1999-09-29,26.489999771118164,,98.80000305175781,5.947999954223633,4.679999828338623
1999-09-30,25.40999984741211,,98.54000091552734,5.885000228881836,4.710000038146973
1999-10-01,24.93000030517578,,97.97000122070312,5.986000061035156,4.710000038146973
1999-10-04,24.459999084472656,,98.04000091552734,5.934999942779541,4.699999809265137
1999-10-05,24.790000915527344,,97.9800033569336,6.019999980926514,4.730000019073486
1999-10-06,22.059999465942383,,98.4800033569336,6.0329999923706055,4.670000076293945
1999-10-07,23.579999923706055,,98.37999725341797,6.0329999923706055,4.699999809265137
1999-10-08,20.489999771118164,,99.0199966430664,6.02400016784668,4.670000076293945
1999-10-11,20.6299991607666,,98.7699966430664,6.02400016784668,4.670000076293945
1999-10-12,22.84000015258789,,97.94999694824219,6.058000087738037,4.71999979019165
1999-10-13,25.959999084472656,,97.88999938964844,6.113999843597412,4.840000152587891
1999-10-14,26.049999237060547,,97.91999816894531,6.1570000648498535,4.869999885559082
1999-10-15,28.75,,97.04000091552734,6.066999912261963,4.889999866485596
1999-10-18,28.190000534057617,,97.41999816894531,6.110000133514404,4.929999828338623
1999-10-19,26.559999465942383,,97.37999725341797,6.165999889373779,4.989999771118164
1999-10-20,23.899999618530273,,98.12999725341797,6.178999900817871,4.989999771118164
1999-10-21,24.020000457763672,,97.4800033569336,6.183000087738037,4.980000019073486
1999-10-22,21.639999389648438,,98.4800033569336,6.191999912261963,4.920000076293945
1999-10-25,23.600000381469727,,98.33999633789062,6.204999923706055,4.900000095367432
1999-10-26,24.260000228881836,,98.81999969482422,6.2270002365112305,4.989999771118164
1999-10-27,24.200000762939453,,99.30000305175781,6.183000087738037,4.989999771118164
1999-10-28,21.34000015258789,,99.37000274658203,6.105999946594238,4.949999809265137
1999-10-29,22.200000762939453,,99.05999755859375,6.002999782562256,4.960000038146973
1999-11-01,22.09000015258789,,99.30999755859375,6.046000003814697,4.980000019073486
1999-11-02,23.100000381469727,,99.18000030517578,6.019999980926514,4.980000019073486
1999-11-03,23.15999984741211,,99.55000305175781,5.999000072479248,4.96999979019165
1999-11-04,23.0,,100.43000030517578,5.942999839782715,4.940000057220459
1999-11-05,21.65999984741211,,100.27999877929688,5.90500020980835,4.980000019073486
1999-11-08,21.8700008392334,,100.3499984741211,5.934999942779541,5.039999961853027
1999-11-09,22.700000762939453,,100.2699966430664,5.947000026702881,5.039999961853027
1999-11-10,22.260000228881836,,99.79000091552734,5.980999946594238,5.050000190734863
1999-11-11,22.06999969482422,,100.13999938964844,5.980999946594238,5.050000190734863
1999-11-12,21.649999618530273,,100.75,5.913000106811523,5.079999923706055
1999-11-15,22.739999771118164,,100.69000244140625,5.916999816894531,5.110000133514404
1999-11-16,20.729999542236328,,100.79000091552734,5.952000141143799,5.139999866485596
1999-11-17,20.959999084472656,,100.19999694824219,6.02400016784668,5.090000152587891
1999-11-18,19.760000228881836,,101.0,6.050000190734863,5.079999923706055
1999-11-19,19.110000610351562,,100.88999938964844,6.050000190734863,5.079999923706055
1999-11-22,19.979999542236328,,100.66000366210938,6.085000038146973,5.070000171661377
1999-11-23,21.0,,100.83000183105469,6.076000213623047,5.130000114440918
1999-11-24,20.260000228881836,,101.72000122070312,6.076000213623047,5.130000114440918
1999-11-25,20.260000228881836,,101.52999877929688,6.076000213623047,5.130000114440918
1999-11-26,22.329999923706055,,101.36000061035156,6.105999946594238,5.130000114440918
1999-11-29,23.56999969482422,,101.86000061035156,6.189000129699707,5.170000076293945
1999-11-30,24.18000030517578,,101.98999786376953,6.163000106811523,5.150000095367432
1999-12-01,22.229999542236328,,102.08999633789062,6.192999839782715,5.099999904632568
1999-12-02,21.770000457763672,,102.5199966430664,6.223999977111816,5.090000152587891
1999-12-03,19.31999969482422,,102.51000213623047,6.163000106811523,5.090000152587891
1999-12-06,20.579999923706055,,101.12999725341797,6.140999794006348,5.090000152587891
1999-12-07,21.09000015258789,,100.81999969482422,6.0980000495910645,5.070000171661377
1999-12-08,21.25,,100.70999908447266,6.132999897003174,5.059999942779541
1999-12-09,21.190000534057617,,101.0199966430664,6.119999885559082,5.099999904632568
1999-12-10,21.479999542236328,,101.66000366210938,6.067999839782715,5.119999885559082
1999-12-13,21.719999313354492,,101.66999816894531,6.089000225067139,5.210000038146973
1999-12-14,23.059999465942383,,102.3499984741211,6.203000068664551,5.210000038146973
1999-12-15,22.030000686645508,,102.4000015258789,6.242000102996826,5.179999828338623
1999-12-16,21.90999984741211,,101.5999984741211,6.295000076293945,5.21999979019165
1999-12-17,21.350000381469727,,102.18000030517578,6.2870001792907715,5.28000020980835
1999-12-20,23.780000686645508,,101.8499984741211,6.340000152587891,5.380000114440918
1999-12-21,22.65999984741211,,101.93000030517578,6.357999801635742,5.420000076293945
1999-12-22,22.43000030517578,,101.87000274658203,6.375999927520752,5.380000114440918
1999-12-23,21.1200008392334,,101.44000244140625,6.394000053405762,5.300000190734863
1999-12-24,21.1200008392334,,101.58000183105469,6.394000053405762,5.300000190734863
1999-12-27,23.06999969482422,,101.48999786376953,6.385000228881836,5.28000020980835
1999-12-28,22.969999313354492,,101.94000244140625,6.416999816894531,5.260000228881836
1999-12-29,23.09000015258789,,101.9800033569336,6.386000156402588,5.090000152587891
1999-12-30,24.760000228881836,,101.81999969482422,6.368000030517578,5.010000228881836
1999-12-31,24.639999389648438,,101.87000274658203,6.434999942779541,5.170000076293945
2000-01-03,24.209999084472656,,100.22000122070312,6.547999858856201,5.269999980926514
2000-01-04,27.010000228881836,,100.41000366210938,6.485000133514404,5.269999980926514
2000-01-05,26.40999984741211,,100.37999725341797,6.598999977111816,5.269999980926514
2000-01-06,25.729999542236328,,100.6500015258789,6.548999786376953,5.239999771118164
2000-01-07,21.719999313354492,,100.80000305175781,6.504000186920166,5.21999979019165
2000-01-10,21.709999084472656,,100.98999786376953,6.558000087738037,5.230000019073486
2000-01-11,22.5,,100.55999755859375,6.664000034332275,5.269999980926514
2000-01-12,22.84000015258789,,100.62000274658203,6.696000099182129,5.28000020980835
2000-01-13,21.709999084472656,,101.0,6.618000030517578,5.21999979019165
2000-01-14,19.65999984741211,,101.72000122070312,6.673999786376953,5.25
2000-01-17,19.65999984741211,,102.05000305175781,6.673999786376953,5.25
2000-01-18,21.5,,101.86000061035156,6.748000144958496,5.230000019073486
2000-01-19,21.719999313354492,,101.76000213623047,6.724999904632568,5.349999904632568
2000-01-20,21.75,,101.36000061035156,6.748000144958496,5.300000190734863
2000-01-21,20.81999969482422,,101.76000213623047,6.781000137329102,5.300000190734863
2000-01-24,24.06999969482422,,102.19999694824219,6.684000015258789,5.329999923706055
2000-01-25,23.020000457763672,,102.41000366210938,6.684000015258789,5.400000095367432
2000-01-26,23.030000686645508,,102.44000244140625,6.679999828338623,5.409999847412109
2000-01-27,23.540000915527344,,103.16999816894531,6.684999942779541,5.409999847412109
2000-01-28,26.139999389648438,,104.4800033569336,6.6479997634887695,5.46999979019165
2000-01-31,24.950000762939453,,105.12999725341797,6.666999816894531,5.53000020980835
2000-02-01,23.450000762939453,,104.91999816894531,6.617000102996826,5.550000190734863
2000-02-02,23.1200008392334,,104.79000091552734,6.5980000495910645,5.5
2000-02-03,22.010000228881836,,103.80000305175781,6.474999904632568,5.429999828338623
2000-02-04,21.540000915527344,,104.29000091552734,6.517000198364258,5.489999771118164
2000-02-07,22.790000915527344,,104.63999938964844,6.63100004196167,5.46999979019165
2000-02-08,21.25,,104.22000122070312,6.598999977111816,5.519999980926514
2000-02-09,22.899999618530273,,103.68000030517578,6.669000148773193,5.489999771118164
2000-02-10,23.06999969482422,,104.12999725341797,6.656000137329102,5.5
2000-02-11,24.420000076293945,,104.19000244140625,6.620999813079834,5.480000019073486
2000-02-14,24.3799991607666,,104.72000122070312,6.539000034332275,5.460000038146973
2000-02-15,22.920000076293945,,104.69000244140625,6.552000045776367,5.579999923706055
2000-02-16,23.510000228881836,,104.27999877929688,6.546999931335449,5.550000190734863
2000-02-17,23.170000076293945,,104.2699966430664,6.568999767303467,5.570000171661377
2000-02-18,26.0,,104.62999725341797,6.482999801635742,5.570000171661377
2000-02-21,26.0,,104.58000183105469,6.482999801635742,5.570000171661377
2000-02-22,25.860000610351562,,103.27999877929688,6.3420000076293945,5.599999904632568
2000-02-23,23.889999389648438,,103.52999877929688,6.427000045776367,5.639999866485596
2000-02-24,24.3799991607666,,104.01000213623047,6.3460001945495605,5.639999866485596
2000-02-25,25.200000762939453,,105.26000213623047,6.341000080108643,5.619999885559082
2000-02-28,24.68000030517578,,105.2699966430664,6.414000034332275,5.659999847412109
2000-02-29,23.3700008392334,,105.91999816894531,6.408999919891357,5.639999866485596
2000-03-01,21.639999389648438,,104.88999938964844,6.379000186920166,5.599999904632568
2000-03-02,21.059999465942383,,105.6500015258789,6.395999908447266,5.590000152587891
2000-03-03,19.209999084472656,,106.0,6.370999813079834,5.630000114440918
2000-03-06,21.5,,106.16000366210938,6.408999919891357,5.650000095367432
2000-03-07,24.309999465942383,,106.08999633789062,6.382999897003174,5.650000095367432
2000-03-08,23.81999969482422,,105.93000030517578,6.375,5.670000076293945
2000-03-09,22.209999084472656,,105.37000274658203,6.341000080108643,5.659999847412109
2000-03-10,21.239999771118164,,105.70999908447266,6.38700008392334,5.679999828338623
2000-03-13,22.850000381469727,,105.5,6.361999988555908,5.710000038146973
2000-03-14,24.40999984741211,,105.30000305175781,6.297999858856201,5.710000038146973
2000-03-15,22.34000015258789,,105.37999725341797,6.276000022888184,5.690000057220459
2000-03-16,20.770000457763672,,105.18000030517578,6.23799991607666,5.699999809265137
2000-03-17,22.3700008392334,,105.19999694824219,6.188000202178955,5.699999809265137
2000-03-20,22.959999084472656,,105.1500015258789,6.171000003814697,5.730000019073486
2000-03-21,21.700000762939453,,105.80999755859375,6.13700008392334,5.739999771118164
2000-03-22,21.489999771118164,,106.04000091552734,6.119999885559082,5.739999771118164
2000-03-23,22.260000228881836,,105.2300033569336,6.070000171661377,5.730000019073486
2000-03-24,23.309999465942383,,104.7699966430664,6.173999786376953,5.71999979019165
2000-03-27,24.530000686645508,,105.44999694824219,6.195000171661377,5.679999828338623
2000-03-28,24.860000610351562,,105.52999877929688,6.170000076293945,5.710000038146973
2000-03-29,24.100000381469727,,106.25,6.14900016784668,5.71999979019165
2000-03-30,25.469999313354492,,105.47000122070312,6.065000057220459,5.710000038146973
2000-03-31,24.110000610351562,,105.44000244140625,6.0229997634887695,5.71999979019165
2000-04-03,24.030000686645508,,105.54000091552734,5.986000061035156,5.690000057220459
2000-04-04,27.1200008392334,,105.16999816894531,5.841000080108643,5.670000076293945
2000-04-05,28.40999984741211,,105.29000091552734,5.881999969482422,5.699999809265137
2000-04-06,27.149999618530273,,105.5199966430664,5.914999961853027,5.710000038146973
2000-04-07,24.389999389648438,,105.97000122070312,5.848999977111816,5.710000038146973
2000-04-10,25.989999771118164,,105.68000030517578,5.791999816894531,5.690000057220459
2000-04-11,27.25,,105.94000244140625,5.876999855041504,5.670000076293945
2000-04-12,28.979999542236328,,105.95999908447266,5.9679999351501465,5.670000076293945
2000-04-13,29.399999618530273,,106.13999938964844,5.914000034332275,5.639999866485596
2000-04-14,33.4900016784668,,105.75,5.885000228881836,5.639999866485596
2000-04-17,28.950000762939453,,106.12999725341797,5.992000102996826,5.639999866485596
2000-04-18,26.1200008392334,,106.62999725341797,6.046000003814697,5.639999866485596
2000-04-19,27.020000457763672,,107.12999725341797,5.974999904632568,5.639999866485596
2000-04-20,25.850000381469727,,107.44999694824219,5.98799991607666,5.619999885559082
2000-04-21,25.850000381469727,,107.44999694824219,5.98799991607666,5.619999885559082
2000-04-24,27.3700008392334,,107.27999877929688,5.986999988555908,5.599999904632568
2000-04-25,25.239999771118164,,108.69000244140625,6.117000102996826,5.630000114440918
2000-04-26,26.969999313354492,,108.55000305175781,6.130000114440918,5.590000152587891
2000-04-27,26.190000534057617,,109.56999969482422,6.235000133514404,5.579999923706055
2000-04-28,26.200000762939453,,110.13999938964844,6.214000225067139,5.650000095367432
2000-05-01,25.8799991607666,,109.62999725341797,6.255000114440918,5.670000076293945
2000-05-02,28.5,,110.26000213623047,6.311999797821045,5.739999771118164
2000-05-03,31.6299991607666,,111.26000213623047,6.4029998779296875,5.739999771118164
2000-05-04,30.770000457763672,,111.80000305175781,6.446000099182129,5.71999979019165
2000-05-05,27.530000686645508,,111.30999755859375,6.506999969482422,5.789999961853027
2000-05-08,28.200000762939453,,111.44999694824219,6.559999942779541,5.889999866485596
2000-05-09,28.93000030517578,,110.75,6.52400016784668,5.960000038146973
2000-05-10,29.8700008392334,,110.80000305175781,6.436999797821045,5.929999828338623
2000-05-11,27.760000228881836,,111.5199966430664,6.4070000648498535,5.909999847412109
2000-05-12,26.049999237060547,,109.9000015258789,6.498000144958496,5.960000038146973
2000-05-15,24.860000610351562,,110.55999755859375,6.459000110626221,5.929999828338623
2000-05-16,24.34000015258789,,111.30999755859375,6.4019999504089355,6.010000228881836
2000-05-17,23.979999542236328,,112.0999984741211,6.4629998207092285,5.909999847412109
2000-05-18,23.959999084472656,,112.20999908447266,6.546000003814697,5.730000019073486
2000-05-19,25.440000534057617,,111.47000122070312,6.511000156402588,5.699999809265137
2000-05-22,26.0,,111.05999755859375,6.420000076293945,5.699999809265137
2000-05-23,25.8700008392334,,111.13999938964844,6.446000099182129,5.78000020980835
2000-05-24,24.31999969482422,,111.22000122070312,6.459000110626221,5.739999771118164
2000-05-25,24.579999923706055,,110.75,6.372000217437744,5.659999847412109
2000-05-26,24.469999313354492,,109.12000274658203,6.320000171661377,5.650000095367432
2000-05-29,24.469999313354492,,109.12000274658203,6.320000171661377,5.650000095367432
2000-05-30,23.6200008392334,,108.93000030517578,6.367000102996826,5.599999904632568
2000-05-31,23.649999618530273,,108.73999786376953,6.284999847412109,5.489999771118164
2000-06-01,22.360000610351562,,109.05000305175781,6.195000171661377,5.559999942779541
2000-06-02,21.479999542236328,,108.12000274658203,6.1479997634887695,5.699999809265137
2000-06-05,22.709999084472656,,107.45999908447266,6.10099983215332,5.710000038146973
2000-06-06,23.049999237060547,,106.58999633789062,6.126999855041504,5.820000171661377
2000-06-07,22.479999542236328,,106.18000030517578,6.113999843597412,5.75
2000-06-08,22.770000457763672,,106.70999908447266,6.105000019073486,5.75
2000-06-09,22.139999389648438,,106.98999786376953,6.11299991607666,5.75
2000-06-12,22.31999969482422,,106.97000122070312,6.074999809265137,5.670000076293945
2000-06-13,21.670000076293945,,106.4000015258789,6.10099983215332,5.71999979019165
2000-06-14,21.479999542236328,,106.45999908447266,6.040999889373779,5.659999847412109
2000-06-15,20.68000030517578,,106.87999725341797,6.0370001792907715,5.650000095367432
2000-06-16,20.5,,105.95999908447266,5.968999862670898,5.639999866485596
2000-06-19,20.6299991607666,,106.33000183105469,5.989999771118164,5.639999866485596
2000-06-20,20.8799991607666,,106.33000183105469,6.014999866485596,5.619999885559082
2000-06-21,20.610000610351562,,107.43000030517578,6.0960001945495605,5.639999866485596
2000-06-22,22.0,,107.70999908447266,6.11299991607666,5.659999847412109
2000-06-23,22.34000015258789,,108.01000213623047,6.177000045776367,5.690000057220459
2000-06-26,22.450000762939453,,108.11000061035156,6.09499979019165,5.650000095367432
2000-06-27,21.799999237060547,,107.36000061035156,6.078000068664551,5.650000095367432
2000-06-28,20.290000915527344,,107.5999984741211,6.104000091552734,5.639999866485596
2000-06-29,19.700000762939453,,106.83999633789062,6.031000137329102,5.670000076293945
2000-06-30,19.540000915527344,,106.83999633789062,6.01800012588501,5.699999809265137
2000-07-03,19.829999923706055,,107.05999755859375,5.980000019073486,5.869999885559082
2000-07-04,19.829999923706055,,107.29000091552734,5.980000019073486,5.869999885559082
2000-07-05,21.15999984741211,,107.12000274658203,5.97599983215332,5.809999942779541
2000-07-06,20.940000534057617,,107.37000274658203,6.031000137329102,5.840000152587891
2000-07-07,19.219999313354492,,107.6500015258789,5.997000217437744,5.849999904632568
2000-07-10,20.329999923706055,,107.01000213623047,6.026000022888184,5.880000114440918
2000-07-11,20.110000610351562,,107.13999938964844,6.047999858856201,5.920000076293945
2000-07-12,20.030000686645508,,108.12000274658203,6.077000141143799,5.989999771118164
2000-07-13,20.030000686645508,,108.54000091552734,5.992000102996826,5.980000019073486
2000-07-14,19.31999969482422,,108.44999694824219,6.093999862670898,5.96999979019165
2000-07-17,19.450000762939453,,108.69999694824219,6.145999908447266,5.960000038146973
2000-07-18,19.75,,109.37999725341797,6.140999794006348,5.96999979019165
2000-07-19,19.649999618530273,,109.58999633789062,6.150000095367432,5.980000019073486
2000-07-20,18.940000534057617,,108.61000061035156,6.013000011444092,6.0
2000-07-21,18.940000534057617,,108.41999816894531,6.0,5.940000057220459
2000-07-24,19.920000076293945,,108.69000244140625,6.025000095367432,5.96999979019165
2000-07-25,19.389999389648438,,108.37999725341797,6.020999908447266,6.010000228881836
2000-07-26,19.670000076293945,,108.11000061035156,6.020999908447266,5.989999771118164
2000-07-27,19.600000381469727,,108.88999938964844,6.0,6.019999980926514
2000-07-28,20.84000015258789,,109.73999786376953,6.025000095367432,6.0
2000-07-31,20.739999771118164,,109.56999969482422,6.0289998054504395,6.019999980926514
2000-08-01,20.549999237060547,,110.05000305175781,5.991000175476074,6.059999942779541
2000-08-02,20.0,,110.66999816894531,5.968999862670898,6.050000190734863
2000-08-03,19.989999771118164,,110.9800033569336,5.943999767303467,6.039999961853027
2000-08-04,18.6200008392334,,110.8499984741211,5.901000022888184,6.039999961853027
2000-08-07,19.030000686645508,,110.80000305175781,5.947999954223633,6.039999961853027
2000-08-08,18.790000915527344,,111.31999969482422,5.914000034332275,6.070000171661377
2000-08-09,19.18000030517578,,111.44000244140625,5.908999919891357,6.050000190734863
2000-08-10,19.190000534057617,,110.9000015258789,5.75,6.059999942779541
2000-08-11,18.549999237060547,,111.20999908447266,5.7870001792907715,6.090000152587891
2000-08-14,17.8799991607666,,111.08000183105469,5.770999908447266,6.079999923706055
2000-08-15,17.979999542236328,,110.51000213623047,5.800000190734863,6.079999923706055
2000-08-16,18.020000457763672,,110.26000213623047,5.816999912261963,6.079999923706055
2000-08-17,17.479999542236328,,110.11000061035156,5.803999900817871,6.070000171661377
2000-08-18,17.049999237060547,,111.01000213623047,5.765999794006348,6.070000171661377
2000-08-21,17.350000381469727,,111.45999908447266,5.770999908447266,6.079999923706055
2000-08-22,17.469999313354492,,111.79000091552734,5.76200008392334,6.079999923706055
2000-08-23,17.3799991607666,32.04999923706055,111.41999816894531,5.724999904632568,6.090000152587891
2000-08-24,17.040000915527344,31.6299991607666,111.2300033569336,5.716000080108643,6.090000152587891
2000-08-25,16.530000686645508,32.04999923706055,111.3499984741211,5.7210001945495605,6.110000133514404
2000-08-28,16.540000915527344,32.869998931884766,111.45999908447266,5.765999794006348,6.130000114440918
2000-08-29,16.889999389648438,32.720001220703125,112.19999694824219,5.808000087738037,6.119999885559082
2000-08-30,17.690000534057617,33.400001525878906,112.13999938964844,5.800000190734863,6.119999885559082
2000-08-31,16.84000015258789,33.099998474121094,112.5999984741211,5.729000091552734,6.110000133514404
2000-09-01,17.530000686645508,33.380001068115234,111.41999816894531,5.675000190734863,6.079999923706055
2000-09-04,17.530000686645508,33.380001068115234,111.41999816894531,5.675000190734863,6.079999923706055
2000-09-05,19.81999969482422,33.79999923706055,112.41000366210938,5.683000087738037,6.059999942779541
2000-09-06,20.790000915527344,34.95000076293945,114.12000274658203,5.711999893188477,6.010000228881836
2000-09-07,19.420000076293945,35.33000183105469,113.6500015258789,5.749000072479248,6.0
2000-09-08,18.459999084472656,33.70000076293945,114.33999633789062,5.723999977111816,5.960000038146973
2000-09-11,18.399999618530273,35.099998474121094,115.37000274658203,5.757999897003174,5.940000057220459
2000-09-12,18.59000015258789,34.20000076293945,115.16999816894531,5.769999980926514,5.909999847412109
2000-09-13,18.31999969482422,33.79999923706055,115.33999633789062,5.728000164031982,5.909999847412109
2000-09-14,18.260000228881836,34.099998474121094,115.16000366210938,5.77400016784668,5.949999809265137
2000-09-15,18.520000457763672,35.849998474121094,115.94000244140625,5.833000183105469,5.960000038146973
2000-09-18,20.25,36.880001068115234,116.0,5.870999813079834,5.949999809265137
2000-09-19,19.540000915527344,36.5,116.11000061035156,5.849999904632568,5.96999979019165
2000-09-20,19.93000030517578,37.5,116.41000366210938,5.892000198364258,5.96999979019165
2000-09-21,20.18000030517578,33.95000076293945,115.2699966430664,5.870999813079834,5.960000038146973
2000-09-22,20.739999771118164,32.650001525878906,113.55999755859375,5.828999996185303,5.96999979019165
2000-09-25,21.40999984741211,31.56999969482422,114.05999755859375,5.833000183105469,5.980000019073486
2000-09-26,21.8799991607666,31.5,113.16000366210938,5.798999786376953,5.980000019073486
2000-09-27,21.670000076293945,31.5,113.11000061035156,5.820000171661377,6.010000228881836
2000-09-28,19.469999313354492,30.299999237060547,113.30999755859375,5.811999797821045,6.050000190734863
2000-09-29,20.56999969482422,30.860000610351562,113.25,5.7779998779296875,6.03000020980835
2000-10-02,21.229999542236328,32.150001525878906,113.79000091552734,5.820000171661377,6.010000228881836
2000-10-03,21.850000381469727,32.06999969482422,114.22000122070312,5.867000102996826,6.050000190734863
2000-10-04,21.540000915527344,31.5,114.16999816894531,5.892000198364258,6.039999961853027
2000-10-05,21.030000686645508,30.649999618530273,114.73999786376953,5.854000091552734,6.050000190734863
2000-10-06,22.709999084472656,30.850000381469727,114.8499984741211,5.815999984741211,6.050000190734863
2000-10-09,24.020000457763672,31.8799991607666,114.80999755859375,5.815999984741211,6.050000190734863
2000-10-10,24.860000610351562,33.150001525878906,114.36000061035156,5.795000076293945,6.039999961853027
2000-10-11,26.56999969482422,33.150001525878906,114.48999786376953,5.769999980926514,6.039999961853027
2000-10-12,30.510000228881836,36.099998474121094,114.88999938964844,5.715000152587891,6.0
2000-10-13,27.600000381469727,35.04999923706055,115.86000061035156,5.715000152587891,6.0
2000-10-16,26.790000915527344,33.099998474121094,116.38999938964844,5.739999771118164,6.039999961853027
2000-10-17,27.84000015258789,32.95000076293945,115.88999938964844,5.664999961853027,6.090000152587891
2000-10-18,28.719999313354492,33.54999923706055,117.33000183105469,5.6570000648498535,6.119999885559082
2000-10-19,25.09000015258789,32.95000076293945,116.94000244140625,5.6519999504089355,6.119999885559082
2000-10-20,24.239999771118164,34.29999923706055,117.16000366210938,5.636000156402588,6.119999885559082
2000-10-23,24.690000534057617,33.72999954223633,117.54000091552734,5.581999778747559,6.150000095367432
2000-10-24,24.280000686645508,33.369998931884766,117.41999816894531,5.623000144958496,6.159999847412109
2000-10-25,26.649999618530273,32.959999084472656,118.48999786376953,5.685999870300293,6.179999828338623
2000-10-26,28.6200008392334,33.75,118.5,5.672999858856201,6.159999847412109
2000-10-27,26.469999313354492,32.70000076293945,117.38999938964844,5.710999965667725,6.150000095367432
2000-10-30,25.459999084472656,32.810001373291016,117.25,5.728000164031982,6.179999828338623
2000-10-31,23.6299991607666,32.689998626708984,116.6500015258789,5.756999969482422,6.150000095367432
2000-11-01,24.280000686645508,33.20000076293945,115.55999755859375,5.736000061035156,6.170000076293945
2000-11-02,23.920000076293945,32.540000915527344,115.61000061035156,5.739999771118164,6.170000076293945
2000-11-03,23.670000076293945,32.599998474121094,114.97000122070312,5.803999900817871,6.190000057220459
2000-11-06,24.520000457763672,32.86000061035156,115.69000244140625,5.855000019073486,6.21999979019165
2000-11-07,24.90999984741211,33.400001525878906,115.5199966430664,5.859000205993652,6.21999979019165
2000-11-08,25.65999984741211,33.290000915527344,116.2300033569336,5.849999904632568,6.210000038146973
2000-11-09,27.200000762939453,33.95000076293945,115.33999633789062,5.808000087738037,6.179999828338623
2000-11-10,28.530000686645508,34.09000015258789,115.79000091552734,5.795000076293945,6.170000076293945
2000-11-13,29.059999465942383,34.43000030517578,115.69999694824219,5.761000156402588,6.170000076293945
2000-11-14,26.809999465942383,34.849998474121094,116.22000122070312,5.74399995803833,6.150000095367432
2000-11-15,26.149999618530273,35.599998474121094,116.3499984741211,5.697999954223633,6.170000076293945
2000-11-16,25.049999237060547,35.04999923706055,116.93000030517578,5.669000148773193,6.150000095367432
2000-11-17,24.809999465942383,35.599998474121094,117.30999755859375,5.693999767303467,6.150000095367432
2000-11-20,27.43000030517578,35.220001220703125,117.3499984741211,5.664000034332275,6.159999847412109
2000-11-21,26.6200008392334,35.150001525878906,117.94999694824219,5.659999847412109,6.170000076293945
2000-11-22,27.709999084472656,35.400001525878906,117.8499984741211,5.5929999351501465,6.170000076293945
2000-11-23,27.709999084472656,35.400001525878906,118.08999633789062,5.5929999351501465,6.170000076293945
2000-11-24,26.0,35.400001525878906,118.4800033569336,5.622000217437744,6.170000076293945
2000-11-27,26.93000030517578,35.380001068115234,117.0999984741211,5.625999927520752,6.130000114440918
2000-11-28,27.639999389648438,34.25,116.58000183105469,5.589000225067139,6.099999904632568
2000-11-29,27.489999771118164,34.630001068115234,116.61000061035156,5.543000221252441,6.050000190734863
2000-11-30,29.649999618530273,33.79999923706055,115.23999786376953,5.439000129699707,6.010000228881836
2000-12-01,27.479999542236328,32.04999923706055,114.7300033569336,5.513000011444092,6.039999961853027
2000-12-04,27.780000686645508,31.299999237060547,113.70999908447266,5.521999835968018,5.980000019073486
2000-12-05,24.989999771118164,29.549999237060547,114.47000122070312,5.429999828338623,5.900000095367432
2000-12-06,25.06999969482422,29.850000381469727,113.30999755859375,5.318999767303467,5.900000095367432
2000-12-07,25.34000015258789,29.360000610351562,113.54000091552734,5.298999786376953,5.920000076293945
2000-12-08,22.40999984741211,28.5,114.05000305175781,5.343999862670898,5.900000095367432
2000-12-11,23.510000228881836,29.450000762939453,114.29000091552734,5.360000133514404,5.889999866485596
2000-12-12,24.8799991607666,29.690000534057617,114.26000213623047,5.3429999351501465,5.889999866485596
2000-12-13,23.6299991607666,28.5,114.70999908447266,5.2779998779296875,5.429999828338623
2000-12-14,24.860000610351562,27.899999618530273,113.37999725341797,5.2129998207092285,5.869999885559082
2000-12-15,26.549999237060547,28.850000381469727,112.9000015258789,5.176000118255615,5.829999923706055
2000-12-18,27.700000762939453,29.649999618530273,113.06999969482422,5.156000137329102,5.78000020980835
2000-12-19,27.170000076293945,28.799999237060547,113.20999908447266,5.184000015258789,5.75
2000-12-20,31.739999771118164,25.670000076293945,111.97000122070312,5.074999809265137,5.670000076293945
2000-12-21,29.65999984741211,26.049999237060547,111.51000213623047,5.0229997634887695,5.21999979019165
2000-12-22,27.549999237060547,26.18000030517578,110.81999969482422,5.001999855041504,5.119999885559082
2000-12-25,27.549999237060547,26.18000030517578,110.81999969482422,5.001999855041504,5.119999885559082
2000-12-26,28.729999542236328,26.649999618530273,110.30999755859375,5.021999835968018,5.590000152587891
2000-12-27,28.139999389648438,26.450000762939453,110.31999969482422,5.085999965667725,5.599999904632568
2000-12-28,26.56999969482422,25.850000381469727,110.37999725341797,5.113999843597412,5.699999809265137
2000-12-29,26.850000381469727,26.799999237060547,109.55999755859375,5.110000133514404,5.730000019073486
2001-01-01,26.850000381469727,26.799999237060547,109.55999755859375,5.110000133514404,5.730000019073486
2001-01-02,29.989999771118164,27.200000762939453,108.7699966430664,4.916999816894531,5.679999828338623
2001-01-03,26.600000381469727,27.950000762939453,110.16999816894531,5.0970001220703125,5.53000020980835
2001-01-04,26.969999313354492,28.200000762939453,108.80999755859375,5.013000011444092,5.239999771118164
2001-01-05,28.670000076293945,28.0,108.41999816894531,4.947999954223633,4.96999979019165
2001-01-08,29.84000015258789,27.350000381469727,108.86000061035156,4.896999835968018,5.050000190734863
2001-01-09,27.989999771118164,27.719999313354492,109.5199966430664,4.964000225067139,5.090000152587891
2001-01-10,26.799999237060547,29.5,109.86000061035156,5.084000110626221,5.139999866485596
2001-01-11,25.790000915527344,29.5,109.01000213623047,5.116000175476074,5.159999847412109
2001-01-12,24.559999465942383,30.049999237060547,109.36000061035156,5.230000019073486,5.130000114440918
2001-01-15,24.559999465942383,30.049999237060547,109.97000122070312,5.230000019073486,5.130000114440918
2001-01-16,25.280000686645508,30.350000381469727,110.11000061035156,5.234000205993652,5.210000038146973
2001-01-17,24.93000030517578,29.649999618530273,110.80999755859375,5.156000137329102,5.21999979019165
2001-01-18,23.3700008392334,30.450000762939453,109.94000244140625,5.09499979019165,5.139999866485596
2001-01-19,23.239999771118164,32.099998474121094,110.66000366210938,5.173999786376953,5.090000152587891
2001-01-22,23.25,32.0,110.23999786376953,5.2210001945495605,5.099999904632568
2001-01-23,21.56999969482422,29.56999969482422,110.23999786376953,5.27400016784668,5.090000152587891
2001-01-24,22.030000686645508,29.049999237060547,111.68000030517578,5.302999973297119,5.130000114440918
2001-01-25,22.639999389648438,29.360000610351562,111.61000061035156,5.269999980926514,5.119999885559082
2001-01-26,22.56999969482422,29.780000686645508,111.45999908447266,5.252999782562256,5.03000020980835
2001-01-29,22.610000610351562,29.059999465942383,111.7699966430664,5.295000076293945,4.980000019073486
2001-01-30,22.56999969482422,29.059999465942383,110.9800033569336,5.211999893188477,4.880000114440918
2001-01-31,22.020000457763672,28.700000762939453,110.5199966430664,5.178999900817871,4.840000152587891
2001-02-01,21.65999984741211,29.799999237060547,109.66000366210938,5.060999870300293,4.849999904632568
2001-02-02,21.950000762939453,31.25,110.31999969482422,5.138000011444092,4.920000076293945
2001-02-05,22.190000534057617,30.5,109.88999938964844,5.145999908447266,4.949999809265137
2001-02-06,21.979999542236328,30.350000381469727,110.7699966430664,5.195000171661377,4.929999828338623
2001-02-07,21.670000076293945,31.200000762939453,110.88999938964844,5.178999900817871,4.929999828338623
2001-02-08,21.459999084472656,31.559999465942383,112.05999755859375,5.098999977111816,4.940000057220459
2001-02-09,22.030000686645508,31.049999237060547,111.5199966430664,5.015999794006348,4.909999847412109
2001-02-12,21.920000076293945,30.549999237060547,111.19000244140625,5.047999858856201,4.920000076293945
2001-02-13,21.3700008392334,30.34000015258789,111.95999908447266,5.067999839782715,4.909999847412109
2001-02-14,21.520000457763672,29.75,112.04000091552734,5.105000019073486,4.929999828338623
2001-02-15,20.270000457763672,28.799999237060547,113.19999694824219,5.177999973297119,4.940000057220459
2001-02-16,22.1200008392334,29.15999984741211,112.26000213623047,5.0929999351501465,4.880000114440918
2001-02-19,22.1200008392334,29.15999984741211,111.91999816894531,5.0929999351501465,4.880000114440918
2001-02-20,24.690000534057617,28.579999923706055,112.81999969482422,5.0970001220703125,4.909999847412109
2001-02-21,25.75,28.549999237060547,113.12000274658203,5.129000186920166,4.880000114440918
2001-02-22,26.760000228881836,28.81999969482422,113.33999633789062,5.1539998054504395,4.869999885559082
2001-02-23,27.209999084472656,29.0,112.02999877929688,5.079999923706055,4.75
2001-02-26,25.43000030517578,28.440000534057617,112.7699966430664,5.035999774932861,4.699999809265137
2001-02-27,26.489999771118164,28.1200008392334,112.33999633789062,4.955999851226807,4.679999828338623
2001-02-28,28.350000381469727,27.420000076293945,112.01000213623047,4.9079999923706055,4.71999979019165
2001-03-01,28.079999923706055,27.649999618530273,111.27999877929688,4.855999946594238,4.699999809265137
2001-03-02,27.43000030517578,27.84000015258789,111.16999816894531,4.942999839782715,4.710000038146973
2001-03-05,27.1200008392334,28.600000381469727,111.54000091552734,4.9629998207092285,4.71999979019165
2001-03-06,25.889999389648438,28.299999237060547,111.19999694824219,4.9710001945495605,4.650000095367432
2001-03-07,24.1200008392334,28.950000762939453,111.83000183105469,4.919000148773193,4.559999942779541
2001-03-08,24.290000915527344,28.489999771118164,111.48999786376953,4.88700008392334,4.550000190734863
2001-03-09,25.6200008392334,27.799999237060547,111.44000244140625,4.931000232696533,4.599999904632568
2001-03-12,30.31999969482422,28.0,112.01000213623047,4.919000148773193,4.539999961853027
2001-03-13,27.549999237060547,27.450000762939453,113.11000061035156,4.931000232696533,4.510000228881836
2001-03-14,29.610000610351562,26.450000762939453,113.69999694824219,4.85099983215332,4.420000076293945
2001-03-15,28.559999465942383,26.649999618530273,114.70999908447266,4.803999900817871,4.380000114440918
2001-03-16,29.90999984741211,26.700000762939453,115.31999969482422,4.751999855041504,4.409999847412109
2001-03-19,29.780000686645508,26.18000030517578,115.19999694824219,4.815000057220459,4.440000057220459
2001-03-20,30.959999084472656,25.899999618530273,114.11000061035156,4.790999889373779,4.380000114440918
2001-03-21,31.93000030517578,26.799999237060547,115.52999877929688,4.76800012588501,4.190000057220459
2001-03-22,32.84000015258789,26.520000457763672,116.30000305175781,4.708000183105469,4.150000095367432
2001-03-23,30.450000762939453,27.299999237060547,115.94000244140625,4.798999786376953,4.170000076293945
2001-03-26,29.040000915527344,27.459999084472656,115.20999908447266,4.8470001220703125,4.150000095367432
2001-03-27,27.040000915527344,27.75,115.43000030517578,4.982999801635742,4.239999771118164
2001-03-28,28.579999923706055,26.25,116.01000213623047,4.9710001945495605,4.230000019073486
2001-03-29,29.170000076293945,26.350000381469727,116.5999984741211,4.9629998207092285,4.21999979019165
2001-03-30,28.639999389648438,26.399999618530273,117.37000274658203,4.914999961853027,4.179999828338623
2001-04-02,31.209999084472656,25.59000015258789,117.33999633789062,4.9710001945495605,4.150000095367432
2001-04-03,34.720001220703125,26.190000534057617,115.62999725341797,4.934999942779541,4.039999961853027
2001-04-04,34.06999969482422,27.1200008392334,115.08000183105469,4.922999858856201,4.0
2001-04-05,29.940000534057617,27.260000228881836,115.47000122070312,4.9629998207092285,3.990000009536743
2001-04-06,31.690000534057617,27.059999465942383,114.75,4.874000072479248,3.8399999141693115
2001-04-09,31.90999984741211,27.34000015258789,115.20999908447266,4.906000137329102,3.8299999237060547
2001-04-10,29.440000534057617,28.479999542236328,116.0199966430664,5.067999839782715,3.8299999237060547
2001-04-11,28.459999084472656,28.18000030517578,116.12999725341797,5.109000205993652,3.9800000190734863
2001-04-12,26.1200008392334,28.25,115.54000091552734,5.145999908447266,3.9000000953674316
2001-04-13,26.1200008392334,28.25,115.54000091552734,5.145999908447266,3.9000000953674316
2001-04-16,26.329999923706055,28.790000915527344,116.18000030517578,5.275000095367432,4.03000020980835
2001-04-17,25.610000610351562,28.239999771118164,116.45999908447266,5.188000202178955,4.0
2001-04-18,24.1299991607666,27.950000762939453,116.12999725341797,5.118000030517578,3.799999952316284
2001-04-19,24.15999984741211,27.829999923706055,115.0199966430664,5.232999801635742,3.759999990463257
2001-04-20,25.3799991607666,27.280000686645508,114.31999969482422,5.263000011444092,3.6700000762939453
2001-04-23,28.15999984741211,27.610000610351562,114.7699966430664,5.188000202178955,3.630000114440918
2001-04-24,28.489999771118164,26.860000610351562,115.19999694824219,5.188000202178955,3.690000057220459
2001-04-25,27.399999618530273,27.290000915527344,114.9800033569336,5.254000186920166,3.740000009536743
2001-04-26,25.959999084472656,28.440000534057617,114.45999908447266,5.191999912261963,3.7300000190734863
2001-04-27,24.020000457763672,28.270000457763672,115.62000274658203,5.313000202178955,3.740000009536743
2001-04-30,25.479999542236328,28.459999084472656,115.8499984741211,5.3379998207092285,3.8299999237060547
2001-05-01,24.200000762939453,28.940000534057617,115.30000305175781,5.288000106811523,3.809999942779541
2001-05-02,24.229999542236328,27.799999237060547,115.16000366210938,5.283999919891357,3.7899999618530273
2001-05-03,25.780000686645508,28.450000762939453,115.37999725341797,5.201000213623047,3.75
2001-05-04,23.90999984741211,28.360000610351562,114.93000030517578,5.184000015258789,3.640000104904175
2001-05-07,24.860000610351562,27.770000457763672,115.31999969482422,5.204999923706055,3.619999885559082
2001-05-08,24.440000534057617,27.389999389648438,116.08000183105469,5.2170000076293945,3.5899999141693115
2001-05-09,24.350000381469727,28.229999542236328,116.05000305175781,5.168000221252441,3.630000114440918
2001-05-10,24.0,28.520000457763672,116.37000274658203,5.271999835968018,3.619999885559082
2001-05-11,23.540000915527344,28.549999237060547,116.83999633789062,5.484000205993652,3.680000066757202
2001-05-14,24.260000228881836,28.709999084472656,117.13999938964844,5.415999889373779,3.609999895095825
2001-05-15,23.709999084472656,28.979999542236328,116.79000091552734,5.480000019073486,3.5399999618530273
2001-05-16,21.889999389648438,28.860000610351562,116.13999938964844,5.4670000076293945,3.4800000190734863
2001-05-17,21.469999313354492,28.90999984741211,116.12000274658203,5.4670000076293945,3.4800000190734863
2001-05-18,21.229999542236328,29.90999984741211,116.41000366210938,5.390999794006348,3.509999990463257
2001-05-21,20.760000228881836,29.979999542236328,116.5199966430664,5.386000156402588,3.5399999618530273
2001-05-22,21.350000381469727,29.739999771118164,117.69000244140625,5.39900016784668,3.559999942779541
2001-05-23,22.079999923706055,29.579999923706055,118.29000091552734,5.390999794006348,3.559999942779541
2001-05-24,20.56999969482422,28.40999984741211,118.36000061035156,5.488999843597412,3.5999999046325684
2001-05-25,20.600000381469727,28.3799991607666,118.18000030517578,5.485000133514404,3.569999933242798
2001-05-28,20.600000381469727,28.3799991607666,118.18000030517578,5.485000133514404,3.569999933242798
2001-05-29,22.139999389648438,28.65999984741211,118.22000122070312,5.506999969482422,3.5999999046325684
2001-05-30,22.760000228881836,28.549999237060547,118.22000122070312,5.502999782562256,3.5899999141693115
2001-05-31,22.639999389648438,28.3700008392334,119.06999969482422,5.413000106811523,3.5399999618530273
2001-06-01,21.59000015258789,27.93000030517578,118.88999938964844,5.354000091552734,3.5399999618530273
2001-06-04,21.3799991607666,28.1299991607666,119.19000244140625,5.323999881744385,3.5899999141693115
2001-06-05,19.579999923706055,28.239999771118164,118.69999694824219,5.261000156402588,3.5299999713897705
2001-06-06,20.389999389648438,27.719999313354492,119.36000061035156,5.264999866485596,3.5299999713897705
2001-06-07,19.670000076293945,27.75,119.08999633789062,5.295000076293945,3.5199999809265137
2001-06-08,19.920000076293945,28.399999618530273,119.20999908447266,5.333000183105469,3.5299999713897705
2001-06-11,20.700000762939453,29.040000915527344,120.05000305175781,5.2870001792907715,3.509999990463257
2001-06-12,20.700000762939453,29.18000030517578,119.61000061035156,5.239999771118164,3.4700000286102295
2001-06-13,21.450000762939453,28.84000015258789,119.02999877929688,5.256999969482422,3.4600000381469727
2001-06-14,23.1200008392334,29.040000915527344,117.98999786376953,5.215000152587891,3.440000057220459
2001-06-15,22.809999465942383,28.510000228881836,118.29000091552734,5.228000164031982,3.430000066757202
2001-06-18,23.170000076293945,27.549999237060547,118.36000061035156,5.241000175476074,3.4000000953674316
2001-06-19,22.34000015258789,27.479999542236328,119.04000091552734,5.228000164031982,3.4100000858306885
2001-06-20,21.709999084472656,26.5,119.12999725341797,5.198999881744385,3.4100000858306885
2001-06-21,19.3799991607666,26.559999465942383,118.88999938964844,5.177999973297119,3.4200000762939453
2001-06-22,20.020000457763672,26.829999923706055,118.91000366210938,5.124000072479248,3.359999895095825
2001-06-25,20.670000076293945,27.25,118.31999969482422,5.131999969482422,3.359999895095825
2001-06-26,21.200000762939453,26.979999542236328,118.06999969482422,5.223999977111816,3.4100000858306885
2001-06-27,20.8799991607666,25.610000610351562,118.37999725341797,5.232999801635742,3.4100000858306885
2001-06-28,20.010000228881836,25.559999465942383,120.01000213623047,5.326000213623047,3.549999952316284
2001-06-29,19.059999465942383,26.25,119.43000030517578,5.389999866485596,3.559999942779541
2001-07-02,18.760000228881836,25.950000762939453,119.66999816894531,5.330999851226807,3.559999942779541
2001-07-03,18.920000076293945,26.239999771118164,119.5999984741211,5.377999782562256,3.569999933242798
2001-07-04,18.920000076293945,26.239999771118164,119.91000366210938,5.377999782562256,3.569999933242798
2001-07-05,20.09000015258789,27.020000457763672,120.9000015258789,5.4120001792907715,3.559999942779541
2001-07-06,21.6299991607666,28.209999084472656,119.9000015258789,5.374000072479248,3.5199999809265137
2001-07-09,22.479999542236328,27.59000015258789,119.88999938964844,5.340000152587891,3.549999952316284
2001-07-10,23.25,27.489999771118164,119.12999725341797,5.271999835968018,3.5299999713897705
2001-07-11,24.010000228881836,27.110000610351562,118.63999938964844,5.284999847412109,3.490000009536743
2001-07-12,22.09000015258789,26.799999237060547,119.08999633789062,5.230000019073486,3.509999990463257
2001-07-13,21.139999389648438,26.59000015258789,119.33000183105469,5.234000205993652,3.5199999809265137
2001-07-16,22.90999984741211,26.059999465942383,119.30000305175781,5.175000190734863,3.5399999618530273
2001-07-17,22.610000610351562,25.56999969482422,118.9000015258789,5.178999900817871,3.509999990463257
2001-07-18,23.600000381469727,24.889999389648438,117.37999725341797,5.086999893188477,3.440000057220459
2001-07-19,22.510000228881836,24.700000762939453,117.33000183105469,5.104000091552734,3.450000047683716
2001-07-20,22.34000015258789,25.59000015258789,117.20999908447266,5.111999988555908,3.440000057220459
2001-07-23,23.739999771118164,26.1200008392334,117.8499984741211,5.107999801635742,3.4600000381469727
2001-07-24,25.239999771118164,26.309999465942383,117.12000274658203,5.086999893188477,3.4700000286102295
2001-07-25,24.0,26.84000015258789,116.63999938964844,5.107999801635742,3.4600000381469727
2001-07-26,23.010000228881836,26.729999542236328,116.73999786376953,5.150000095367432,3.4800000190734863
2001-07-27,22.0,27.020000457763672,116.94000244140625,5.0960001945495605,3.4600000381469727
2001-07-30,22.690000534057617,26.6299991607666,117.19999694824219,5.0960001945495605,3.4700000286102295
2001-07-31,21.6200008392334,26.350000381469727,117.18000030517578,5.0370001792907715,3.440000057220459
2001-08-01,20.559999465942383,26.770000457763672,116.55999755859375,5.065999984741211,3.430000066757202
2001-08-02,20.09000015258789,27.709999084472656,116.27999877929688,5.125,3.430000066757202
2001-08-03,19.889999389648438,27.6200008392334,116.13999938964844,5.158999919891357,3.430000066757202
2001-08-06,21.889999389648438,27.739999771118164,116.41999816894531,5.176000118255615,3.430000066757202
2001-08-07,21.010000228881836,27.940000534057617,116.83000183105469,5.171999931335449,3.4200000762939453
2001-08-08,22.31999969482422,27.540000915527344,116.54000091552734,5.053999900817871,3.4000000953674316
2001-08-09,21.75,27.639999389648438,115.25,5.0279998779296875,3.369999885559082
2001-08-10,20.549999237060547,28.049999237060547,115.29000091552734,5.015999794006348,3.3499999046325684
2001-08-13,20.420000076293945,27.81999969482422,115.01000213623047,4.960000038146973,3.3499999046325684
2001-08-14,20.479999542236328,28.010000228881836,114.38999938964844,4.9679999351501465,3.3499999046325684
2001-08-15,20.90999984741211,27.559999465942383,113.19000244140625,4.992000102996826,3.3399999141693115
2001-08-16,21.540000915527344,27.450000762939453,113.08000183105469,4.935999870300293,3.309999942779541
2001-08-17,23.84000015258789,26.6299991607666,112.98999786376953,4.841000080108643,3.2899999618530273
2001-08-20,22.8700008392334,27.18000030517578,113.4000015258789,4.895999908447266,3.3399999141693115
2001-08-21,24.399999618530273,27.850000381469727,113.29000091552734,4.875999927520752,3.299999952316284
2001-08-22,22.440000534057617,26.3700008392334,113.2699966430664,4.895999908447266,3.299999952316284
2001-08-23,22.229999542236328,26.6299991607666,113.08999633789062,4.875999927520752,3.309999942779541
2001-08-24,19.709999084472656,26.899999618530273,113.33000183105469,4.9120001792907715,3.3299999237060547
2001-08-27,20.559999465942383,26.670000076293945,113.38999938964844,4.932000160217285,3.3499999046325684
2001-08-28,22.0,27.170000076293945,113.43000030517578,4.8480000495910645,3.3299999237060547
2001-08-29,23.030000686645508,27.049999237060547,113.54000091552734,4.7769999504089355,3.3299999237060547
2001-08-30,25.40999984741211,26.549999237060547,112.83999633789062,4.781000137329102,3.2799999713897705
2001-08-31,24.920000076293945,27.200000762939453,113.41999816894531,4.815999984741211,3.2799999713897705
2001-09-03,24.920000076293945,27.200000762939453,113.66999816894531,4.815999984741211,3.2799999713897705
2001-09-04,25.850000381469727,26.93000030517578,115.68000030517578,4.979000091552734,3.359999895095825
2001-09-05,26.350000381469727,26.950000762939453,115.5999984741211,4.9670000076293945,3.319999933242798
2001-09-06,28.610000610351562,27.579999923706055,114.97000122070312,4.855999946594238,3.2699999809265137
2001-09-07,30.989999771118164,28.030000686645508,114.05000305175781,4.796000003814697,3.180000066757202
2001-09-10,31.84000015258789,27.6299991607666,114.56999969482422,4.835000038146973,3.180000066757202
2001-09-11,31.84000015258789,27.6299991607666,114.56999969482422,4.835000038146973,3.180000066757202
2001-09-12,31.84000015258789,27.6299991607666,114.56999969482422,4.835000038146973,3.180000066757202
2001-09-13,31.84000015258789,27.6299991607666,114.56999969482422,4.835000038146973,3.180000066757202
2001-09-14,31.84000015258789,29.530000686645508,114.56999969482422,4.835000038146973,3.180000066757202
2001-09-17,41.7599983215332,28.809999465942383,112.01000213623047,4.611000061035156,2.609999895095825
2001-09-18,38.869998931884766,27.700000762939453,111.91999816894531,4.704999923706055,2.450000047683716
2001-09-19,40.560001373291016,26.719999313354492,111.61000061035156,4.681000232696533,2.4100000858306885
2001-09-20,43.7400016784668,26.59000015258789,111.87000274658203,4.728000164031982,2.2100000381469727
2001-09-21,42.65999984741211,25.969999313354492,113.04000091552734,4.689000129699707,2.200000047683716
2001-09-24,37.75,22.010000228881836,112.83999633789062,4.699999809265137,2.319999933242798
2001-09-25,35.810001373291016,21.809999465942383,112.27999877929688,4.699999809265137,2.3399999141693115
2001-09-26,35.2599983215332,22.3799991607666,112.29000091552734,4.63700008392334,2.3399999141693115
2001-09-27,34.0,22.739999771118164,112.9800033569336,4.559000015258789,2.3299999237060547
2001-09-28,31.93000030517578,23.43000030517578,113.4800033569336,4.574999809265137,2.299999952316284
2001-10-01,32.31999969482422,23.280000686645508,113.0,4.543000221252441,2.299999952316284
2001-10-02,31.18000030517578,22.790000915527344,113.01000213623047,4.51200008392334,2.2699999809265137
2001-10-03,31.34000015258789,22.079999923706055,113.4000015258789,4.458000183105469,2.180000066757202
2001-10-04,31.969999313354492,22.6299991607666,113.16000366210938,4.507999897003174,2.1700000762939453
2001-10-05,33.38999938964844,22.389999389648438,112.91000366210938,4.504000186920166,2.1500000953674316
2001-10-08,35.119998931884766,22.450000762939453,112.58999633789062,4.504000186920166,2.1500000953674316
2001-10-09,34.83000183105469,22.479999542236328,113.3499984741211,4.573999881744385,2.1700000762939453
2001-10-10,31.600000381469727,22.530000686645508,113.69999694824219,4.589000225067139,2.180000066757202
2001-10-11,31.5,23.34000015258789,114.44000244140625,4.664000034332275,2.2200000286102295
2001-10-12,35.27000045776367,22.5,113.88999938964844,4.658999919891357,2.190000057220459
2001-10-15,35.310001373291016,22.290000915527344,113.81999969482422,4.607999801635742,2.2100000381469727
2001-10-16,32.880001068115234,22.0,113.91999816894531,4.568999767303467,2.1600000858306885
2001-10-17,35.08000183105469,21.809999465942383,114.37999725341797,4.560999870300293,2.1700000762939453
2001-10-18,34.95000076293945,21.309999465942383,114.3499984741211,4.560999870300293,2.1500000953674316
2001-10-19,34.11000061035156,21.829999923706055,114.86000061035156,4.599999904632568,2.1500000953674316
2001-10-22,32.25,21.760000228881836,115.75,4.604000091552734,2.180000066757202
2001-10-23,32.0,21.850000381469727,115.8499984741211,4.635000228881836,2.1500000953674316
2001-10-24,30.950000762939453,22.329999923706055,115.5999984741211,4.584000110626221,2.119999885559082
2001-10-25,29.459999084472656,22.010000228881836,115.55000305175781,4.5370001792907715,2.0999999046325684
2001-10-26,28.420000076293945,22.049999237060547,115.6500015258789,4.520999908447266,2.0999999046325684
2001-10-29,31.639999389648438,22.149999618530273,114.44000244140625,4.4670000076293945,2.059999942779541
2001-10-30,33.459999084472656,21.8700008392334,114.3499984741211,4.4120001792907715,1.9900000095367432
2001-10-31,33.560001373291016,21.18000030517578,114.86000061035156,4.263000011444092,2.009999990463257
2001-11-01,32.310001373291016,20.389999389648438,114.45999908447266,4.2170000076293945,2.009999990463257
2001-11-02,30.709999084472656,20.18000030517578,114.54000091552734,4.3460001945495605,1.9500000476837158
2001-11-05,30.5,20.020000457763672,114.54000091552734,4.296000003814697,1.9700000286102295
2001-11-06,28.799999237060547,19.920000076293945,114.80999755859375,4.269000053405762,1.8200000524520874
2001-11-07,29.1299991607666,20.09000015258789,114.9800033569336,4.201000213623047,1.7599999904632568
2001-11-08,28.6200008392334,21.170000076293945,115.12999725341797,4.302999973297119,1.809999942779541
2001-11-09,27.440000534057617,22.219999313354492,115.08999633789062,4.307000160217285,1.7999999523162842
2001-11-12,29.350000381469727,21.229999542236328,115.33999633789062,4.314000129699707,1.7999999523162842
2001-11-13,26.469999313354492,21.670000076293945,116.4000015258789,4.368000030517578,1.7999999523162842
2001-11-14,26.559999465942383,19.739999771118164,116.19999694824219,4.514999866485596,1.840000033378601
2001-11-15,25.559999465942383,17.450000762939453,116.51000213623047,4.728000164031982,1.8700000047683716
2001-11-16,25.06999969482422,18.030000686645508,116.41000366210938,4.885000228881836,1.8899999856948853
2001-11-19,24.459999084472656,17.719999313354492,116.93000030517578,4.75600004196167,1.899999976158142
2001-11-20,24.1200008392334,19.149999618530273,116.62000274658203,4.86899995803833,1.899999976158142
2001-11-21,24.190000534057617,18.959999084472656,117.1500015258789,4.966000080108643,1.909999966621399
2001-11-22,24.190000534057617,18.959999084472656,117.30000305175781,4.966000080108643,1.909999966621399
2001-11-23,23.25,18.959999084472656,117.33000183105469,4.991000175476074,1.9299999475479126
2001-11-26,23.790000915527344,18.690000534057617,117.11000061035156,5.002999782562256,1.940000057220459
2001-11-27,24.0,19.479999542236328,116.88999938964844,4.949999809265137,1.8600000143051147
2001-11-28,25.899999618530273,19.219999313354492,116.16999816894531,4.946000099182129,1.8300000429153442
2001-11-29,25.18000030517578,18.6200008392334,116.12999725341797,4.75600004196167,1.7599999904632568
2001-11-30,23.84000015258789,19.440000534057617,116.12999725341797,4.74399995803833,1.7300000190734863
2001-12-03,25.770000457763672,20.09000015258789,115.95999908447266,4.703000068664551,1.7400000095367432
2001-12-04,24.079999923706055,19.649999618530273,116.08000183105469,4.6479997634887695,1.7100000381469727
2001-12-05,23.020000457763672,19.489999771118164,116.41000366210938,4.901000022888184,1.7300000190734863
2001-12-06,23.709999084472656,18.540000915527344,115.62999725341797,5.002999782562256,1.7100000381469727
2001-12-07,23.489999771118164,19.040000915527344,116.1500015258789,5.1479997634887695,1.649999976158142
2001-12-10,25.6200008392334,18.3700008392334,116.26000213623047,5.136000156402588,1.6799999475479126
2001-12-11,25.299999237060547,18.079999923706055,116.05000305175781,5.077000141143799,1.6100000143051147
2001-12-12,24.8700008392334,18.360000610351562,115.33000183105469,4.973999977111816,1.6399999856948853
2001-12-13,25.90999984741211,18.1200008392334,115.80000305175781,5.090000152587891,1.659999966621399
2001-12-14,24.6299991607666,19.290000915527344,114.93000030517578,5.160999774932861,1.6799999475479126
2001-12-17,24.260000228881836,19.219999313354492,114.93000030517578,5.27400016784668,1.7100000381469727
2001-12-18,23.290000915527344,19.360000610351562,115.1500015258789,5.131999969482422,1.6799999475479126
2001-12-19,22.579999923706055,19.799999237060547,115.4800033569336,5.035999774932861,1.6699999570846558
2001-12-20,23.670000076293945,19.280000686645508,115.58999633789062,5.048999786376953,1.6399999856948853
2001-12-21,22.5,19.6200008392334,116.9800033569336,5.078000068664551,1.659999966621399
2001-12-24,22.6200008392334,19.6200008392334,117.94000244140625,5.131999969482422,1.690000057220459
2001-12-25,22.6200008392334,19.6200008392334,117.94000244140625,5.131999969482422,1.690000057220459
2001-12-26,22.290000915527344,21.270000457763672,117.8499984741211,5.177999973297119,1.7100000381469727
2001-12-27,21.59000015258789,20.899999618530273,117.56999969482422,5.09499979019165,1.7000000476837158
2001-12-28,21.399999618530273,20.40999984741211,117.26000213623047,5.10699987411499,1.6799999475479126
2001-12-31,23.799999237060547,19.84000015258789,116.75,5.0320000648498535,1.6699999570846558
2002-01-01,23.799999237060547,19.84000015258789,116.75,5.0320000648498535,1.6699999570846558
2002-01-02,22.709999084472656,21.010000228881836,115.79000091552734,5.1570000648498535,1.7000000476837158
2002-01-03,21.34000015258789,20.3700008392334,116.11000061035156,5.119999885559082,1.690000057220459
2002-01-04,20.450000762939453,21.6200008392334,116.33000183105469,5.140999794006348,1.6799999475479126
2002-01-07,21.940000534057617,21.479999542236328,116.33000183105469,5.057000160217285,1.659999966621399
2002-01-08,21.829999923706055,21.25,116.83000183105469,5.057000160217285,1.649999976158142
2002-01-09,22.1299991607666,20.18000030517578,117.01000213623047,5.061999797821045,1.649999976158142
2002-01-10,22.360000610351562,20.3799991607666,116.87999725341797,4.961999893188477,1.649999976158142
2002-01-11,22.600000381469727,19.68000030517578,116.63999938964844,4.859000205993652,1.590000033378601
2002-01-14,23.579999923706055,18.889999389648438,116.63999938964844,4.868000030517578,1.5399999618530273
2002-01-15,22.700000762939453,18.899999618530273,117.29000091552734,4.830999851226807,1.559999942779541
2002-01-16,23.450000762939453,18.860000610351562,117.58999633789062,4.839000225067139,1.5700000524520874
2002-01-17,22.25,18.040000915527344,117.8499984741211,4.933000087738037,1.600000023841858
2002-01-18,22.520000457763672,18.0,117.51000213623047,4.888000011444092,1.5800000429153442
2002-01-21,22.520000457763672,18.0,117.66000366210938,4.888000011444092,1.5800000429153442
2002-01-22,23.610000610351562,18.600000381469727,117.75,4.900000095367432,1.6399999856948853
2002-01-23,21.8799991607666,19.479999542236328,118.47000122070312,5.0,1.6699999570846558
2002-01-24,21.149999618530273,19.719999313354492,118.63999938964844,5.0289998054504395,1.6699999570846558
2002-01-25,21.010000228881836,20.0,119.8499984741211,5.071000099182129,1.6799999475479126
2002-01-28,21.139999389648438,20.049999237060547,120.04000091552734,5.078999996185303,1.690000057220459
2002-01-29,24.350000381469727,19.56999969482422,119.62000274658203,4.974999904632568,1.7000000476837158
2002-01-30,23.219999313354492,19.149999618530273,119.7300033569336,4.9710001945495605,1.690000057220459
2002-01-31,21.09000015258789,19.479999542236328,120.23999786376953,5.025000095367432,1.7200000286102295
2002-02-01,21.1200008392334,20.399999618530273,119.79000091552734,4.979000091552734,1.7100000381469727
2002-02-04,24.8700008392334,20.059999465942383,118.9000015258789,4.895999908447266,1.7200000286102295
2002-02-05,25.450000762939453,20.049999237060547,119.4000015258789,4.925000190734863,1.7200000286102295
2002-02-06,26.09000015258789,19.75,119.30000305175781,4.928999900817871,1.7000000476837158
2002-02-07,25.110000610351562,19.68000030517578,119.06999969482422,4.931000232696533,1.690000057220459
2002-02-08,23.260000228881836,20.25,118.9800033569336,4.879000186920166,1.6699999570846558
2002-02-11,21.780000686645508,21.31999969482422,118.44000244140625,4.89900016784668,1.7000000476837158
2002-02-12,21.6200008392334,20.75,118.25,4.9670000076293945,1.7100000381469727
2002-02-13,20.850000381469727,21.149999618530273,118.80000305175781,5.002999782562256,1.7100000381469727
2002-02-14,21.770000457763672,21.219999313354492,118.43000030517578,4.959000110626221,1.7100000381469727
2002-02-15,22.3700008392334,21.5,118.5999984741211,4.86299991607666,1.7000000476837158
2002-02-18,22.3700008392334,21.5,118.76000213623047,4.86299991607666,1.7000000476837158
2002-02-19,24.43000030517578,20.8700008392334,118.36000061035156,4.882999897003174,1.7000000476837158
2002-02-20,22.65999984741211,20.229999542236328,118.93000030517578,4.879000186920166,1.7200000286102295
2002-02-21,23.799999237060547,21.049999237060547,119.16000366210938,4.870999813079834,1.7200000286102295
2002-02-22,22.860000610351562,21.079999923706055,118.4800033569336,4.827000141143799,1.7200000286102295
2002-02-25,21.84000015258789,20.420000076293945,119.12999725341797,4.85099983215332,1.7300000190734863
2002-02-26,21.68000030517578,21.360000610351562,119.81999969482422,4.914999961853027,1.7300000190734863
2002-02-27,21.489999771118164,21.290000915527344,119.56999969482422,4.8470001220703125,1.7300000190734863
2002-02-28,21.59000015258789,21.850000381469727,119.16000366210938,4.859000205993652,1.7200000286102295
2002-03-01,19.959999084472656,22.360000610351562,119.4000015258789,4.9710001945495605,1.75
2002-03-04,20.5,22.5,118.80999755859375,4.999000072479248,1.75
2002-03-05,20.299999237060547,23.170000076293945,118.56999969482422,5.007999897003174,1.75
2002-03-06,19.940000534057617,23.219999313354492,117.95999908447266,5.0320000648498535,1.7400000095367432
2002-03-07,20.040000915527344,23.780000686645508,116.80000305175781,5.211999893188477,1.75
2002-03-08,19.270000457763672,23.850000381469727,117.98999786376953,5.315999984741211,1.7699999809265137
2002-03-11,19.84000015258789,24.299999237060547,117.7300033569336,5.320000171661377,1.7899999618530273
2002-03-12,19.59000015258789,24.149999618530273,117.80000305175781,5.303999900817871,1.7999999523162842
2002-03-13,19.459999084472656,24.149999618530273,117.95999908447266,5.26200008392334,1.7899999618530273
2002-03-14,19.200000762939453,24.549999237060547,117.29000091552734,5.395999908447266,1.809999942779541
2002-03-15,18.420000076293945,24.479999542236328,117.22000122070312,5.36299991607666,1.8200000524520874
2002-03-18,18.93000030517578,25.049999237060547,117.5,5.303999900817871,1.8200000524520874
2002-03-19,18.15999984741211,25.049999237060547,117.5,5.324999809265137,1.7999999523162842
2002-03-20,18.459999084472656,24.700000762939453,117.22000122070312,5.396999835968018,1.809999942779541
2002-03-21,18.149999618530273,25.600000381469727,117.5199966430664,5.383999824523926,1.809999942779541
2002-03-22,17.770000457763672,25.260000228881836,118.05000305175781,5.388999938964844,1.7999999523162842
2002-03-25,18.479999542236328,25.020000457763672,118.0999984741211,5.406000137329102,1.7799999713897705
2002-03-26,18.1299991607666,25.43000030517578,118.13999938964844,5.334000110626221,1.7899999618530273
2002-03-27,17.700000762939453,25.8700008392334,118.54000091552734,5.329999923706055,1.7799999713897705
2002-03-28,17.399999618530273,26.229999542236328,118.62000274658203,5.406000137329102,1.7400000095367432
2002-03-29,17.399999618530273,26.229999542236328,118.62000274658203,5.406000137329102,1.7400000095367432
2002-04-01,18.729999542236328,26.860000610351562,117.7699966430664,5.427999973297119,1.7599999904632568
2002-04-02,19.15999984741211,27.700000762939453,117.91999816894531,5.3480000495910645,1.7599999904632568
2002-04-03,20.200000762939453,27.559999465942383,117.68000030517578,5.284999847412109,1.75
2002-04-04,19.780000686645508,26.68000030517578,117.94000244140625,5.271999835968018,1.7400000095367432
2002-04-05,19.1299991607666,26.219999313354492,117.69000244140625,5.210000038146973,1.7200000286102295
2002-04-08,19.610000610351562,26.549999237060547,118.19999694824219,5.235000133514404,1.7100000381469727
2002-04-09,19.469999313354492,25.799999237060547,117.58999633789062,5.210000038146973,1.690000057220459
2002-04-10,18.190000534057617,26.1200008392334,117.51000213623047,5.2230000495910645,1.6699999570846558
2002-04-11,20.299999237060547,25.020000457763672,117.37000274658203,5.202000141143799,1.6699999570846558
2002-04-12,19.420000076293945,23.450000762939453,117.73999786376953,5.156000137329102,1.6699999570846558
2002-04-15,19.81999969482422,24.549999237060547,117.63999938964844,5.126999855041504,1.6699999570846558
2002-04-16,18.110000610351562,24.850000381469727,117.37000274658203,5.177000045776367,1.7000000476837158
2002-04-17,18.43000030517578,25.920000076293945,116.5999984741211,5.218999862670898,1.690000057220459
2002-04-18,19.290000915527344,26.09000015258789,116.38999938964844,5.215000152587891,1.6699999570846558
2002-04-19,18.299999237060547,26.399999618530273,116.29000091552734,5.190000057220459,1.7000000476837158
2002-04-22,19.770000457763672,26.299999237060547,116.43000030517578,5.169000148773193,1.6799999475479126
2002-04-23,20.280000686645508,26.59000015258789,116.56999969482422,5.164999961853027,1.7000000476837158
2002-04-24,20.770000457763672,26.43000030517578,116.1500015258789,5.09499979019165,1.6799999475479126
2002-04-25,20.950000762939453,26.670000076293945,115.44999694824219,5.091000080108643,1.7000000476837158
2002-04-26,22.139999389648438,27.149999618530273,115.04000091552734,5.058000087738037,1.7000000476837158
2002-04-29,24.049999237060547,27.520000457763672,114.88999938964844,5.098999977111816,1.7200000286102295
2002-04-30,21.90999984741211,27.290000915527344,115.19000244140625,5.091000080108643,1.7300000190734863
2002-05-01,20.059999465942383,26.739999771118164,114.54000091552734,5.058000087738037,1.7200000286102295
2002-05-02,20.06999969482422,26.350000381469727,114.87000274658203,5.098999977111816,1.7300000190734863
2002-05-03,20.190000534057617,26.719999313354492,113.58999633789062,5.061999797821045,1.7200000286102295
2002-05-06,22.559999465942383,26.079999923706055,113.66000366210938,5.078999996185303,1.7300000190734863
2002-05-07,21.940000534057617,26.6200008392334,113.91999816894531,5.072999954223633,1.7100000381469727
2002-05-08,20.389999389648438,27.729999542236328,114.91000366210938,5.210000038146973,1.7300000190734863
2002-05-09,21.559999465942383,27.700000762939453,114.5199966430664,5.186999797821045,1.7300000190734863
2002-05-10,22.40999984741211,27.8799991607666,113.94999694824219,5.126999855041504,1.7300000190734863
2002-05-13,20.719999313354492,28.450000762939453,114.1500015258789,5.21999979019165,1.7300000190734863
2002-05-14,19.350000381469727,29.299999237060547,115.08999633789062,5.294000148773193,1.7400000095367432
2002-05-15,19.190000534057617,28.200000762939453,114.12000274658203,5.251999855041504,1.7300000190734863
2002-05-16,18.5,27.969999313354492,114.12999725341797,5.186999797821045,1.7400000095367432
2002-05-17,17.700000762939453,28.200000762939453,113.0,5.241000175476074,1.7200000286102295
2002-05-20,19.239999771118164,28.200000762939453,112.81999969482422,5.189000129699707,1.7100000381469727
2002-05-21,20.049999237060547,27.0,112.80000305175781,5.1479997634887695,1.7009999752044678
2002-05-22,19.579999923706055,26.450000762939453,112.33000183105469,5.099999904632568,1.6970000267028809
2002-05-23,18.229999542236328,26.149999618530273,112.79000091552734,5.1479997634887695,1.7039999961853027
2002-05-24,18.899999618530273,25.8799991607666,112.80000305175781,5.138000011444092,1.7070000171661377
2002-05-27,18.899999618530273,25.8799991607666,113.0,5.138000011444092,1.7070000171661377
2002-05-28,20.309999465942383,25.18000030517578,112.0999984741211,5.133999824523926,1.722000002861023
2002-05-29,20.389999389648438,25.719999313354492,111.48999786376953,5.077000141143799,1.7170000076293945
2002-05-30,20.610000610351562,24.700000762939453,111.16999816894531,5.0320000648498535,1.7130000591278076
2002-05-31,19.979999542236328,25.350000381469727,111.80999755859375,5.043000221252441,1.7050000429153442
2002-06-03,23.3700008392334,25.110000610351562,111.30000305175781,5.039999961853027,1.715000033378601
2002-06-04,23.889999389648438,25.299999237060547,111.08999633789062,5.01200008392334,1.715000033378601
2002-06-05,22.610000610351562,24.889999389648438,111.33999633789062,5.040999889373779,1.718000054359436
2002-06-06,24.15999984741211,24.93000030517578,110.83000183105469,5.010000228881836,1.7050000429153442
2002-06-07,23.510000228881836,24.729999542236328,110.98999786376953,5.061999797821045,1.7070000171661377
2002-06-10,23.719999313354492,24.31999969482422,111.0999984741211,5.043000221252441,1.7109999656677246
2002-06-11,24.450000762939453,24.18000030517578,110.77999877929688,4.991000175476074,1.7139999866485596
2002-06-12,24.149999618530273,24.68000030517578,111.0,4.949999809265137,1.7020000219345093
2002-06-13,25.020000457763672,25.639999389648438,111.1500015258789,4.9070000648498535,1.684999942779541
2002-06-14,25.959999084472656,25.8700008392334,110.76000213623047,4.806000232696533,1.6749999523162842
2002-06-17,24.639999389648438,26.09000015258789,110.8499984741211,4.855999946594238,1.690000057220459
2002-06-18,24.239999771118164,25.350000381469727,110.19999694824219,4.8480000495910645,1.6920000314712524
2002-06-19,26.059999465942383,25.299999237060547,109.66999816894531,4.72599983215332,1.6699999570846558
2002-06-20,27.479999542236328,25.600000381469727,108.94000244140625,4.826000213623047,1.690000057220459
2002-06-21,27.229999542236328,25.75,108.19000244140625,4.755000114440918,1.6779999732971191
2002-06-24,26.979999542236328,26.469999313354492,108.20999908447266,4.843999862670898,1.6920000314712524
2002-06-25,27.84000015258789,26.31999969482422,107.56999969482422,4.841000080108643,1.690000057220459
2002-06-26,28.420000076293945,26.760000228881836,106.55999755859375,4.706999778747559,1.6619999408721924
2002-06-27,26.290000915527344,26.860000610351562,106.37000274658203,4.809999942779541,1.659999966621399
2002-06-28,25.399999618530273,26.860000610351562,106.11000061035156,4.823999881744385,1.659000039100647
2002-07-01,27.110000610351562,26.809999465942383,106.51000213623047,4.815000057220459,1.6770000457763672
2002-07-02,28.959999084472656,26.770000457763672,106.80000305175781,4.739999771118164,1.6820000410079956
2002-07-03,29.420000076293945,26.799999237060547,107.05000305175781,4.74399995803833,1.6820000410079956
2002-07-04,29.420000076293945,26.799999237060547,107.33999633789062,4.74399995803833,1.6820000410079956
2002-07-05,27.110000610351562,26.799999237060547,107.66999816894531,4.863999843597412,1.684999942779541
2002-07-08,28.25,26.06999969482422,106.30000305175781,4.811999797821045,1.690000057220459
2002-07-09,30.219999313354492,26.09000015258789,105.6500015258789,4.741000175476074,1.6829999685287476
2002-07-10,34.099998474121094,26.770000457763672,106.01000213623047,4.645999908447266,1.687000036239624
2002-07-11,33.849998474121094,26.829999923706055,105.72000122070312,4.617000102996826,1.6820000410079956
2002-07-12,32.939998626708984,27.469999313354492,105.88999938964844,4.59499979019165,1.6720000505447388
2002-07-15,35.029998779296875,27.06999969482422,104.66999816894531,4.620999813079834,1.6749999523162842
2002-07-16,36.650001525878906,27.75,104.48999786376953,4.709000110626221,1.6749999523162842
2002-07-17,35.45000076293945,27.8799991607666,104.41999816894531,4.664999961853027,1.690000057220459
2002-07-18,35.119998931884766,27.56999969482422,104.47000122070312,4.610000133514404,1.690000057220459
2002-07-19,38.16999816894531,27.829999923706055,104.05999755859375,4.565000057220459,1.6720000505447388
2002-07-22,41.869998931884766,26.600000381469727,104.75,4.4670000076293945,1.6699999570846558
2002-07-23,44.91999816894531,26.309999465942383,106.66000366210938,4.426000118255615,1.6619999408721924
2002-07-24,39.86000061035156,26.8700008392334,105.5199966430664,4.4029998779296875,1.6430000066757202
2002-07-25,39.27000045776367,26.770000457763672,105.12000274658203,4.388000011444092,1.659999966621399
2002-07-26,35.5099983215332,26.540000915527344,106.61000061035156,4.367000102996826,1.6469999551773071
2002-07-29,31.329999923706055,26.549999237060547,107.0999984741211,4.5329999923706055,1.6770000457763672
2002-07-30,31.920000076293945,27.360000610351562,106.80000305175781,4.580999851226807,1.6820000410079956
2002-07-31,32.029998779296875,27.020000457763672,107.41000366210938,4.465000152587891,1.6649999618530273
2002-08-01,36.95000076293945,26.469999313354492,107.0199966430664,4.401000022888184,1.6419999599456787
2002-08-02,41.290000915527344,26.84000015258789,106.66999816894531,4.261000156402588,1.5920000076293945
2002-08-05,45.08000183105469,26.579999923706055,107.2699966430664,4.23799991607666,1.6019999980926514
2002-08-06,42.029998779296875,27.170000076293945,108.69000244140625,4.36899995803833,1.6119999885559082
2002-08-07,38.72999954223633,26.5,107.8499984741211,4.291999816894531,1.5579999685287476
2002-08-08,36.33000183105469,26.670000076293945,108.66000366210938,4.414999961853027,1.5779999494552612
2002-08-09,35.33000183105469,26.860000610351562,108.20999908447266,4.267000198364258,1.5750000476837158
2002-08-12,37.04999923706055,27.860000610351562,107.41000366210938,4.2170000076293945,1.6330000162124634
2002-08-13,35.81999969482422,27.899999618530273,107.11000061035156,4.116000175476074,1.597000002861023
2002-08-14,32.36000061035156,28.149999618530273,106.79000091552734,4.063000202178955,1.6019999980926514
2002-08-15,29.43000030517578,29.059999465942383,106.72000122070312,4.163000106811523,1.5820000171661377
2002-08-16,28.809999465942383,29.329999923706055,106.72000122070312,4.316999912261963,1.5850000381469727
2002-08-19,28.610000610351562,29.84000015258789,107.5199966430664,4.297999858856201,1.625
2002-08-20,29.59000015258789,30.110000610351562,107.30999755859375,4.158999919891357,1.5750000476837158
2002-08-21,28.229999542236328,29.239999771118164,107.13999938964844,4.190000057220459,1.5950000286102295
2002-08-22,27.75,28.84000015258789,108.12999725341797,4.289999961853027,1.6109999418258667
2002-08-23,29.31999969482422,28.729999542236328,107.97000122070312,4.228000164031982,1.6169999837875366
2002-08-26,29.889999389648438,29.280000686645508,107.86000061035156,4.205999851226807,1.625
2002-08-27,30.110000610351562,28.829999923706055,106.7699966430664,4.2820000648498535,1.6419999599456787
2002-08-28,33.31999969482422,28.34000015258789,107.08000183105469,4.2179999351501465,1.6369999647140503
2002-08-29,33.66999816894531,28.920000076293945,106.69999694824219,4.160999774932861,1.6399999856948853
2002-08-30,32.63999938964844,28.979999542236328,106.9800033569336,4.13700008392334,1.6449999809265137
2002-09-02,32.63999938964844,28.979999542236328,106.9800033569336,4.13700008392334,1.6449999809265137
2002-09-03,39.970001220703125,27.790000915527344,105.56999969482422,3.9800000190734863,1.6050000190734863
2002-09-04,37.439998626708984,28.270000457763672,106.0999984741211,3.953000068664551,1.5920000076293945
2002-09-05,38.86000061035156,28.979999542236328,105.9800033569336,3.9100000858306885,1.5770000219345093
2002-09-06,36.33000183105469,29.610000610351562,106.83999633789062,4.035999774932861,1.621999979019165
2002-09-09,36.45000076293945,29.729999542236328,107.0999984741211,4.046999931335449,1.6369999647140503
2002-09-10,35.08000183105469,29.729999542236328,107.5199966430664,3.98799991607666,1.63100004196167
2002-09-11,34.810001373291016,29.770000457763672,107.62000274658203,4.058000087738037,1.6549999713897705
2002-09-12,37.5,28.850000381469727,107.16000366210938,3.9670000076293945,1.6519999504089355
2002-09-13,35.81999969482422,29.809999465942383,108.05999755859375,3.9000000953674316,1.649999976158142
2002-09-16,36.7400016784668,29.670000076293945,108.23999786376953,3.874000072479248,1.656999945640564
2002-09-17,38.0099983215332,29.079999923706055,108.33000183105469,3.86299991607666,1.656999945640564
2002-09-18,37.52000045776367,29.479999542236328,107.76000213623047,3.8489999771118164,1.6419999599456787
2002-09-19,40.650001525878906,29.5,107.0,3.7799999713897705,1.6169999837875366
2002-09-20,38.97999954223633,29.84000015258789,107.52999877929688,3.7760000228881836,1.6119999885559082
2002-09-23,39.68000030517578,30.709999084472656,107.86000061035156,3.680999994277954,1.6169999837875366
2002-09-24,40.52000045776367,30.770000457763672,107.5199966430664,3.6459999084472656,1.6139999628067017
2002-09-25,37.33000183105469,30.639999389648438,107.79000091552734,3.759000062942505,1.621999979019165
2002-09-26,34.599998474121094,30.40999984741211,107.68000030517578,3.7660000324249268,1.6169999837875366
2002-09-27,36.970001220703125,30.540000915527344,107.52999877929688,3.688999891281128,1.597000002861023
2002-09-30,39.689998626708984,30.469999313354492,106.87000274658203,3.6070001125335693,1.5269999504089355
2002-10-01,34.119998931884766,30.829999923706055,107.06999969482422,3.6989998817443848,1.5520000457763672
2002-10-02,36.83000183105469,30.489999771118164,107.16000366210938,3.700000047683716,1.5399999618530273
2002-10-03,37.310001373291016,29.760000228881836,106.97000122070312,3.684000015258789,1.5299999713897705
2002-10-04,39.459999084472656,29.6200008392334,107.5999984741211,3.684999942779541,1.5670000314712524
2002-10-07,42.63999938964844,29.639999389648438,107.55000305175781,3.630000114440918,1.5820000171661377
2002-10-08,41.02000045776367,29.479999542236328,108.06999969482422,3.635999917984009,1.5720000267028809
2002-10-09,42.130001068115234,29.350000381469727,106.94000244140625,3.5799999237060547,1.527999997138977
2002-10-10,37.54999923706055,28.969999313354492,107.19999694824219,3.6549999713897705,1.5379999876022339
2002-10-11,35.70000076293945,29.3700008392334,107.25,3.812999963760376,1.5460000038146973
2002-10-14,36.040000915527344,30.030000686645508,107.1500015258789,3.811000108718872,1.5449999570846558
2002-10-15,34.02000045776367,29.719999313354492,107.77999877929688,3.996000051498413,1.625
2002-10-16,36.0,29.469999313354492,107.62999725341797,4.033999919891357,1.6200000047683716
2002-10-17,34.099998474121094,29.6200008392334,108.37000274658203,4.136000156402588,1.6269999742507935
2002-10-18,33.529998779296875,29.600000381469727,108.5199966430664,4.133999824523926,1.6319999694824219
2002-10-21,33.11000061035156,28.3799991607666,108.2300033569336,4.2210001945495605,1.6619999408721924
2002-10-22,34.09000015258789,27.920000076293945,107.94000244140625,4.251999855041504,1.656999945640564
2002-10-23,33.20000076293945,28.18000030517578,108.0,4.236000061035156,1.6419999599456787
2002-10-24,34.029998779296875,28.200000762939453,107.91000366210938,4.142000198364258,1.621999979019165
2002-10-25,30.0,27.049999237060547,107.91999816894531,4.09499979019165,1.6019999980926514
2002-10-28,31.06999969482422,27.290000915527344,107.16000366210938,4.084000110626221,1.5520000457763672
2002-10-29,32.27000045776367,26.860000610351562,107.06999969482422,3.934000015258789,1.472000002861023
2002-10-30,31.229999542236328,26.809999465942383,107.06999969482422,3.9660000801086426,1.468000054359436
2002-10-31,31.139999389648438,27.219999313354492,106.63999938964844,3.9110000133514404,1.4170000553131104
2002-11-01,29.299999237060547,27.1299991607666,106.08000183105469,3.9769999980926514,1.3969999551773071
2002-11-04,30.81999969482422,26.950000762939453,106.12000274658203,4.045000076293945,1.406999945640564
2002-11-05,31.229999542236328,26.139999389648438,105.87000274658203,4.080999851226807,1.3949999809265137
2002-11-06,30.729999542236328,25.770000457763672,105.5999984741211,4.034999847412109,1.2070000171661377
2002-11-07,31.420000076293945,25.3799991607666,104.97000122070312,3.881999969482422,1.1950000524520874
2002-11-08,29.40999984741211,25.780000686645508,104.5,3.8519999980926514,1.1970000267028809
2002-11-11,31.299999237060547,25.940000534057617,104.56999969482422,3.8519999980926514,1.1970000267028809
2002-11-12,30.579999923706055,25.899999618530273,104.66000366210938,3.8510000705718994,1.190000057220459
2002-11-13,31.239999771118164,25.190000534057617,105.0999984741211,3.8380000591278076,1.187000036239624
2002-11-14,28.670000076293945,25.290000915527344,105.20999908447266,4.020999908447266,1.190999984741211
2002-11-15,26.649999618530273,25.510000228881836,105.04000091552734,4.051000118255615,1.1970000267028809
2002-11-18,27.65999984741211,26.709999084472656,105.19999694824219,4.019000053405762,1.2020000219345093
2002-11-19,27.40999984741211,26.420000076293945,105.66999816894531,3.9800000190734863,1.190000057220459
2002-11-20,25.31999969482422,26.979999542236328,105.87000274658203,4.074999809265137,1.1959999799728394
2002-11-21,23.809999465942383,26.350000381469727,105.80999755859375,4.14300012588501,1.1970000267028809
2002-11-22,23.15999984741211,26.760000228881836,106.12000274658203,4.175000190734863,1.1979999542236328
2002-11-25,24.06999969482422,26.110000610351562,106.54000091552734,4.184000015258789,1.2020000219345093
2002-11-26,25.969999313354492,26.399999618530273,106.52999877929688,4.078999996185303,1.2020000219345093
2002-11-27,27.25,26.889999389648438,106.7699966430664,4.260000228881836,1.2070000171661377
2002-11-28,27.25,26.889999389648438,106.54000091552734,4.260000228881836,1.2070000171661377
2002-11-29,27.5,26.889999389648438,106.41000366210938,4.2129998207092285,1.2020000219345093
2002-12-02,27.459999084472656,27.239999771118164,106.3499984741211,4.218999862670898,1.2050000429153442
2002-12-03,28.329999923706055,27.299999237060547,106.37000274658203,4.232999801635742,1.2000000476837158
2002-12-04,28.920000076293945,26.729999542236328,106.13999938964844,4.171999931335449,1.1970000267028809
2002-12-05,30.100000381469727,27.290000915527344,106.0999984741211,4.113999843597412,1.187000036239624
2002-12-06,28.8799991607666,26.93000030517578,105.36000061035156,4.0929999351501465,1.1829999685287476
2002-12-09,30.780000686645508,27.260000228881836,105.23999786376953,4.050000190734863,1.1970000267028809
2002-12-10,28.760000228881836,27.75,105.37000274658203,4.048999786376953,1.1920000314712524
2002-12-11,27.760000228881836,27.399999618530273,105.3499984741211,3.99399995803833,1.1820000410079956
2002-12-12,27.290000915527344,27.920000076293945,104.51000213623047,4.00600004196167,1.184999942779541
2002-12-13,28.18000030517578,28.440000534057617,103.9800033569336,4.061999797821045,1.187000036239624
2002-12-16,26.239999771118164,30.100000381469727,104.05999755859375,4.130000114440918,1.2020000219345093
2002-12-17,26.65999984741211,30.100000381469727,103.51000213623047,4.113999843597412,1.1920000314712524
2002-12-18,28.290000915527344,30.440000534057617,103.62999725341797,4.053999900817871,1.1820000410079956
2002-12-19,30.209999084472656,30.559999465942383,103.4800033569336,3.9489998817443848,1.1770000457763672
2002-12-20,26.709999084472656,30.299999237060547,103.45999908447266,3.953000068664551,1.1770000457763672
2002-12-23,26.200000762939453,31.75,103.63999938964844,3.9670000076293945,1.1619999408721924
2002-12-24,26.489999771118164,31.969999313354492,103.25,3.936000108718872,1.1649999618530273
2002-12-25,26.489999771118164,31.969999313354492,103.25,3.936000108718872,1.1649999618530273
2002-12-26,27.3700008392334,32.4900016784668,102.81999969482422,3.9140000343322754,1.1549999713897705
2002-12-27,29.549999237060547,32.720001220703125,102.41000366210938,3.812999963760376,1.1349999904632568
2002-12-30,29.6200008392334,31.3700008392334,102.01000213623047,3.7839999198913574,1.1649999618530273
2002-12-31,28.6200008392334,31.200000762939453,101.8499984741211,3.818000078201294,1.1820000410079956
2003-01-01,28.6200008392334,31.200000762939453,101.8499984741211,3.818000078201294,1.1820000410079956
2003-01-02,25.389999389648438,31.850000381469727,102.9800033569336,4.0320000648498535,1.190000057220459
2003-01-03,24.68000030517578,33.08000183105469,102.47000122070312,4.038000106811523,1.1920000314712524
2003-01-06,24.90999984741211,32.099998474121094,101.97000122070312,4.065999984741211,1.1820000410079956
2003-01-07,25.1299991607666,31.079999923706055,102.56999969482422,4.025000095367432,1.1720000505447388
2003-01-08,25.530000686645508,30.559999465942383,101.87000274658203,3.9809999465942383,1.1670000553131104
2003-01-09,24.25,31.989999771118164,101.94000244140625,4.1479997634887695,1.1770000457763672
2003-01-10,24.31999969482422,31.68000030517578,101.2300033569336,4.1519999504089355,1.1720000505447388
2003-01-13,24.899999618530273,32.2599983215332,101.47000122070312,4.127999782562256,1.1720000505447388
2003-01-14,24.56999969482422,32.369998931884766,101.20999908447266,4.085000038146973,1.1720000505447388
2003-01-15,25.510000228881836,33.20000076293945,101.33999633789062,4.072000026702881,1.1670000553131104
2003-01-16,25.010000228881836,33.65999984741211,100.79000091552734,4.067999839782715,1.1649999618530273
2003-01-17,25.700000762939453,33.90999984741211,100.55000305175781,4.014999866485596,1.1519999504089355
2003-01-20,25.700000762939453,33.90999984741211,100.55000305175781,4.014999866485596,1.1519999504089355
2003-01-21,27.59000015258789,34.61000061035156,100.2300033569336,3.989000082015991,1.1519999504089355
2003-01-22,29.010000228881836,32.849998474121094,100.2300033569336,3.9230000972747803,1.1419999599456787
2003-01-23,27.530000686645508,32.25,99.86000061035156,3.947000026702881,1.1419999599456787
2003-01-24,31.510000228881836,33.279998779296875,99.22000122070312,3.9030001163482666,1.1269999742507935
2003-01-27,34.689998626708984,32.290000915527344,99.26000213623047,3.9570000171661377,1.1419999599456787
2003-01-28,31.93000030517578,32.66999816894531,99.4800033569336,3.9779999256134033,1.149999976158142
2003-01-29,31.260000228881836,33.630001068115234,99.27999877929688,4.0329999923706055,1.1519999504089355
2003-01-30,31.31999969482422,33.849998474121094,99.5199966430664,3.990000009536743,1.1519999504089355
2003-01-31,31.170000076293945,33.5099983215332,99.91000366210938,3.9749999046325684,1.1480000019073486
2003-02-03,31.020000457763672,32.7599983215332,99.9000015258789,3.992000102996826,1.1519999504089355
2003-02-04,32.7599983215332,33.58000183105469,99.13999938964844,3.930999994277954,1.1469999551773071
2003-02-05,33.040000915527344,33.93000030517578,99.6500015258789,4.000999927520752,1.1469999551773071
2003-02-06,33.349998474121094,34.15999984741211,99.45999908447266,3.944999933242798,1.1419999599456787
2003-02-07,34.0099983215332,35.119998931884766,99.56999969482422,3.9240000247955322,1.1369999647140503
2003-02-10,33.9900016784668,34.47999954223633,100.2699966430664,3.9769999980926514,1.149999976158142
2003-02-11,33.68000030517578,35.439998626708984,100.38999938964844,3.9570000171661377,1.1519999504089355
2003-02-12,34.33000183105469,35.77000045776367,100.51000213623047,3.9119999408721924,1.149999976158142
2003-02-13,33.70000076293945,36.36000061035156,99.58999633789062,3.871000051498413,1.1469999551773071
2003-02-14,32.619998931884766,36.79999923706055,100.04000091552734,3.9519999027252197,1.1510000228881836
2003-02-17,32.619998931884766,36.79999923706055,100.04000091552734,3.9519999027252197,1.1510000228881836
2003-02-18,31.110000610351562,36.959999084472656,100.52999877929688,3.947999954223633,1.1549999713897705
2003-02-19,31.309999465942383,37.15999984741211,100.0,3.88100004196167,1.156999945640564
2003-02-20,31.15999984741211,36.790000915527344,99.55000305175781,3.8459999561309814,1.156999945640564
2003-02-21,30.25,35.58000183105469,100.08999633789062,3.8929998874664307,1.1670000553131104
2003-02-24,31.979999542236328,36.47999954223633,99.66000366210938,3.8440001010894775,1.1720000505447388
2003-02-25,31.739999771118164,36.060001373291016,99.83000183105469,3.808000087738037,1.1749999523162842
2003-02-26,31.940000534057617,37.70000076293945,99.62000274658203,3.7730000019073486,1.1820000410079956
2003-02-27,30.530000686645508,37.20000076293945,99.80999755859375,3.752000093460083,1.1820000410079956
2003-02-28,29.6299991607666,36.599998474121094,99.70999908447266,3.696000099182129,1.1749999523162842
2003-03-03,30.43000030517578,35.880001068115234,99.0999984741211,3.6760001182556152,1.1720000505447388
2003-03-04,31.829999923706055,36.88999938964844,99.12999725341797,3.6449999809265137,1.1649999618530273
2003-03-05,30.3799991607666,36.689998626708984,98.27999877929688,3.619999885559082,1.1519999504089355
2003-03-06,31.3700008392334,37.0,98.30999755859375,3.6519999504089355,1.1469999551773071
2003-03-07,31.079999923706055,37.779998779296875,98.04000091552734,3.619999885559082,1.097000002861023
2003-03-10,33.310001373291016,37.27000045776367,97.8499984741211,3.5739998817443848,1.059999942779541
2003-03-11,33.61000061035156,36.720001220703125,97.98999786376953,3.5859999656677246,1.062000036239624
2003-03-12,33.5099983215332,37.83000183105469,98.16000366210938,3.5889999866485596,1.0670000314712524
2003-03-13,31.760000228881836,36.0099983215332,99.55000305175781,3.7320001125335693,1.1019999980926514
2003-03-14,30.979999542236328,35.380001068115234,99.98999786376953,3.7070000171661377,1.1030000448226929
2003-03-17,31.75,34.93000030517578,100.73999786376953,3.815999984741211,1.1169999837875366
2003-03-18,30.43000030517578,31.670000076293945,100.86000061035156,3.8980000019073486,1.125
2003-03-19,31.540000915527344,29.8799991607666,101.58000183105469,3.9649999141693115,1.1349999904632568
2003-03-20,30.440000534057617,28.610000610351562,101.1500015258789,4.00600004196167,1.1369999647140503
2003-03-21,28.670000076293945,26.90999984741211,101.91999816894531,4.09499979019165,1.156999945640564
2003-03-24,30.389999389648438,28.65999984741211,100.9800033569336,3.9730000495910645,1.1549999713897705
2003-03-25,28.75,27.969999313354492,100.87000274658203,3.9609999656677246,1.1519999504089355
2003-03-26,28.229999542236328,28.6299991607666,100.61000061035156,3.944000005722046,1.1490000486373901
2003-03-27,27.959999084472656,30.3700008392334,100.63999938964844,3.9260001182556152,1.1319999694824219
2003-03-28,27.75,30.15999984741211,99.95999908447266,3.8959999084472656,1.1109999418258667
2003-03-31,29.149999618530273,31.040000915527344,99.05999755859375,3.822999954223633,1.090000033378601
2003-04-01,28.360000610351562,29.780000686645508,99.1500015258789,3.8269999027252197,1.0950000286102295
2003-04-02,28.020000457763672,28.559999465942383,100.08000183105469,3.931999921798706,1.1019999980926514
2003-04-03,28.209999084472656,28.969999313354492,100.33999633789062,3.9159998893737793,1.0870000123977661
2003-04-04,29.1299991607666,28.6200008392334,100.44999694824219,3.944000005722046,1.0820000171661377
2003-04-07,28.450000762939453,27.959999084472656,101.04000091552734,4.013999938964844,1.1319999694824219
2003-04-08,27.1299991607666,28.0,100.52999877929688,3.936000108718872,1.1269999742507935
2003-04-09,27.110000610351562,28.850000381469727,100.16000366210938,3.9010000228881836,1.1100000143051147
2003-04-10,25.600000381469727,27.459999084472656,99.81999969482422,3.934000015258789,1.1169999837875366
2003-04-11,24.440000534057617,28.139999389648438,100.18000030517578,3.9809999465942383,1.1469999551773071
2003-04-14,23.40999984741211,28.6299991607666,99.95999908447266,4.020999908447266,1.156999945640564
2003-04-15,22.559999465942383,29.290000915527344,99.76000213623047,3.9709999561309814,1.159999966621399
2003-04-16,22.520000457763672,29.18000030517578,99.05999755859375,3.937999963760376,1.1469999551773071
2003-04-17,21.5,30.549999237060547,99.30000305175781,3.9570000171661377,1.1469999551773071
2003-04-18,21.5,30.549999237060547,99.30000305175781,3.9570000171661377,1.1469999551773071
2003-04-21,21.950000762939453,30.8700008392334,99.58999633789062,3.9790000915527344,1.1519999504089355
2003-04-22,20.700000762939453,29.90999984741211,98.7300033569336,3.9830000400543213,1.1519999504089355
2003-04-23,20.799999237060547,26.649999618530273,98.77999877929688,3.994999885559082,1.1469999551773071
2003-04-24,20.329999923706055,26.639999389648438,98.33000183105469,3.9049999713897705,1.128999948501587
2003-04-25,20.799999237060547,26.260000228881836,98.36000061035156,3.885999917984009,1.1169999837875366
2003-04-28,20.84000015258789,25.489999771118164,98.66999816894531,3.9000000953674316,1.1119999885559082
2003-04-29,20.760000228881836,25.239999771118164,98.0199966430664,3.928999900817871,1.1169999837875366
2003-04-30,21.209999084472656,25.799999237060547,97.19000244140625,3.8570001125335693,1.1009999513626099
2003-05-01,21.59000015258789,26.030000686645508,96.69999694824219,3.8559999465942383,1.0770000219345093
2003-05-02,20.6299991607666,25.670000076293945,96.76000213623047,3.9130001068115234,1.0959999561309814
2003-05-05,21.1299991607666,26.489999771118164,96.37000274658203,3.88700008392334,1.0920000076293945
2003-05-06,20.799999237060547,25.719999313354492,95.33999633789062,3.808000087738037,1.0800000429153442
2003-05-07,21.0,26.229999542236328,95.58000183105469,3.693000078201294,1.0870000123977661
2003-05-08,21.239999771118164,26.979999542236328,94.93000030517578,3.6710000038146973,1.0670000314712524
2003-05-09,19.690000534057617,27.719999313354492,94.9800033569336,3.690999984741211,1.0820000171661377
2003-05-12,19.520000457763672,27.350000381469727,94.55000305175781,3.6389999389648438,1.0670000314712524
2003-05-13,19.90999984741211,28.5,94.72000122070312,3.622999906539917,1.062000036239624
2003-05-14,20.0,29.170000076293945,94.58000183105469,3.5369999408721924,1.0369999408721924
2003-05-15,19.239999771118164,28.739999771118164,95.22000122070312,3.5369999408721924,1.0299999713897705
2003-05-16,18.399999618530273,29.139999389648438,94.08000183105469,3.4619998931884766,1.0219999551773071
2003-05-19,20.510000228881836,28.829999923706055,93.77999877929688,3.4519999027252197,1.0169999599456787
2003-05-20,21.290000915527344,29.280000686645508,93.26000213623047,3.374000072479248,1.0
2003-05-21,21.209999084472656,29.030000686645508,93.54000091552734,3.390000104904175,1.0470000505447388
2003-05-22,19.780000686645508,28.850000381469727,93.55999755859375,3.3389999866485596,1.0499999523162842
2003-05-23,19.170000076293945,29.15999984741211,93.05000305175781,3.3329999446868896,1.0549999475479126
2003-05-26,19.170000076293945,29.15999984741211,93.05000305175781,3.3329999446868896,1.0549999475479126
2003-05-27,19.989999771118164,29.350000381469727,92.72000122070312,3.4010000228881836,1.062999963760376
2003-05-28,20.030000686645508,28.579999923706055,93.44999694824219,3.430999994277954,1.0870000123977661
2003-05-29,20.43000030517578,29.100000381469727,92.70999908447266,3.3389999866485596,1.0750000476837158
2003-05-30,19.469999313354492,29.559999465942383,93.2699966430664,3.3499999046325684,1.0850000381469727
2003-06-02,20.850000381469727,30.709999084472656,93.33999633789062,3.428999900817871,1.1019999980926514
2003-06-03,20.84000015258789,30.670000076293945,93.52999877929688,3.3420000076293945,1.062000036239624
2003-06-04,20.6200008392334,30.049999237060547,93.7300033569336,3.2909998893737793,1.0219999551773071
2003-06-05,20.829999923706055,30.739999771118164,92.5199966430664,3.3310000896453857,1.0169999599456787
2003-06-06,21.25,31.280000686645508,93.4800033569336,3.3519999980926514,1.0269999504089355
2003-06-09,22.149999618530273,31.450000762939453,93.30000305175781,3.2790000438690186,1.0069999694824219
2003-06-10,20.639999389648438,31.729999542236328,93.55999755859375,3.194000005722046,0.9570000171661377
2003-06-11,20.209999084472656,32.36000061035156,92.97000122070312,3.187999963760376,0.9100000262260437
2003-06-12,20.40999984741211,31.510000228881836,92.9000015258789,3.1679999828338623,0.8920000195503235
2003-06-13,20.65999984741211,30.649999618530273,92.22000122070312,3.1040000915527344,0.8330000042915344
2003-06-16,20.219999313354492,31.18000030517578,92.4000015258789,3.1700000762939453,0.8370000123977661
2003-06-17,20.010000228881836,31.06999969482422,92.61000061035156,3.2660000324249268,0.8669999837875366
2003-06-18,19.760000228881836,30.360000610351562,93.16999816894531,3.359999895095825,0.8619999885559082
2003-06-19,19.799999237060547,29.959999084472656,93.16000366210938,3.3410000801086426,0.7919999957084656
2003-06-20,19.139999389648438,30.81999969482422,94.04000091552734,3.3959999084472656,0.8069999814033508
2003-06-23,20.579999923706055,29.170000076293945,94.08000183105469,3.315000057220459,0.8199999928474426
2003-06-24,20.75,28.780000686645508,94.38999938964844,3.265000104904175,0.800000011920929
2003-06-25,20.809999465942383,29.950000762939453,94.12000274658203,3.3610000610351562,0.8970000147819519
2003-06-26,19.399999618530273,29.010000228881836,94.97000122070312,3.5339999198913574,0.875
2003-06-27,19.15999984741211,29.270000457763672,95.1500015258789,3.5810000896453857,0.8420000076293945
2003-06-30,19.520000457763672,30.190000534057617,94.7300033569336,3.5280001163482666,0.8379999995231628
2003-07-01,19.459999084472656,30.399999618530273,94.30000305175781,3.5490000247955322,0.8679999709129333
2003-07-02,19.030000686645508,30.149999618530273,94.12000274658203,3.5360000133514404,0.847000002861023
2003-07-03,19.389999389648438,30.420000076293945,94.41000366210938,3.6549999713897705,0.8420000076293945
2003-07-04,19.389999389648438,30.420000076293945,94.55000305175781,3.6549999713897705,0.8420000076293945
2003-07-07,20.059999465942383,30.1299991607666,95.51000213623047,3.7070000171661377,0.8619999885559082
2003-07-08,19.479999542236328,30.219999313354492,95.81999969482422,3.7330000400543213,0.8849999904632568
2003-07-09,18.93000030517578,30.8799991607666,95.58999633789062,3.7060000896453857,0.8700000047683716
2003-07-10,19.190000534057617,31.059999465942383,95.38999938964844,3.677000045776367,0.8629999756813049
2003-07-11,18.469999313354492,31.280000686645508,95.80000305175781,3.640000104904175,0.8659999966621399
2003-07-14,19.59000015258789,31.270000457763672,96.06999969482422,3.7139999866485596,0.8669999837875366
2003-07-15,19.549999237060547,31.6200008392334,96.06999969482422,3.9140000343322754,0.8880000114440918
2003-07-16,19.760000228881836,31.049999237060547,96.72000122070312,3.944999933242798,0.8820000290870667
2003-07-17,20.219999313354492,31.40999984741211,96.86000061035156,3.9539999961853027,0.8709999918937683
2003-07-18,19.110000610351562,31.959999084472656,96.86000061035156,3.9690001010894775,0.8769999742507935
2003-07-21,19.780000686645508,31.780000686645508,96.11000061035156,4.173999786376953,0.8870000243186951
2003-07-22,19.170000076293945,30.190000534057617,96.37999725341797,4.150000095367432,0.9020000100135803
2003-07-23,18.639999389648438,29.670000076293945,95.44000244140625,4.1020002365112305,0.8920000195503235
2003-07-24,18.600000381469727,30.219999313354492,95.33999633789062,4.166999816894531,0.9010000228881836
2003-07-25,17.75,30.170000076293945,94.95999908447266,4.177999973297119,0.9020000100135803
2003-07-28,18.360000610351562,30.110000610351562,95.05999755859375,4.283999919891357,0.9369999766349792
2003-07-29,18.670000076293945,30.239999771118164,95.33000183105469,4.3979997634887695,0.9570000171661377
2003-07-30,18.850000381469727,30.68000030517578,96.06999969482422,4.315000057220459,0.9470000267028809
2003-07-31,19.489999771118164,30.540000915527344,96.88999938964844,4.473999977111816,0.9269999861717224
2003-08-01,20.75,32.310001373291016,96.66000366210938,4.414999961853027,0.9179999828338623
2003-08-04,21.270000457763672,31.84000015258789,96.18000030517578,4.320000171661377,0.9369999766349792
2003-08-05,22.68000030517578,32.220001220703125,96.16000366210938,4.440999984741211,0.9350000023841858
2003-08-06,21.5,31.700000762939453,96.2300033569336,4.288000106811523,0.921999990940094
2003-08-07,20.260000228881836,32.38999938964844,95.83000183105469,4.229000091552734,0.9200000166893005
2003-08-08,19.59000015258789,32.18000030517578,96.36000061035156,4.289000034332275,0.9269999861717224
2003-08-11,19.75,32.0099983215332,95.87000274658203,4.370999813079834,0.9259999990463257
2003-08-12,17.940000534057617,31.920000076293945,96.1500015258789,4.35699987411499,0.9269999861717224
2003-08-13,18.770000457763672,30.780000686645508,96.18000030517578,4.559999942779541,0.9269999861717224
2003-08-14,18.469999313354492,31.09000015258789,96.68000030517578,4.585999965667725,0.9350000023841858
2003-08-15,18.270000457763672,31.049999237060547,96.6500015258789,4.5279998779296875,0.9269999861717224
2003-08-18,18.18000030517578,30.889999389648438,97.3499984741211,4.4770002365112305,0.9369999766349792
2003-08-19,17.860000610351562,30.700000762939453,97.30999755859375,4.38100004196167,0.9369999766349792
2003-08-20,17.81999969482422,30.950000762939453,97.37000274658203,4.440999984741211,0.9369999766349792
2003-08-21,17.84000015258789,31.8799991607666,98.61000061035156,4.506999969482422,0.9459999799728394
2003-08-22,18.549999237060547,31.84000015258789,98.83000183105469,4.459000110626221,0.9509999752044678
2003-08-25,19.530000686645508,31.559999465942383,98.83000183105469,4.5269999504089355,0.972000002861023
2003-08-26,19.489999771118164,31.950000762939453,98.76000213623047,4.486000061035156,0.9769999980926514
2003-08-27,19.1299991607666,31.209999084472656,98.86000061035156,4.535999774932861,0.9769999980926514
2003-08-28,18.479999542236328,31.5,98.83000183105469,4.429999828338623,0.9620000123977661
2003-08-29,18.6299991607666,31.56999969482422,98.0999984741211,4.453999996185303,0.9599999785423279
2003-09-01,18.6299991607666,31.56999969482422,98.0,4.453999996185303,0.9599999785423279
2003-09-02,19.020000457763672,29.40999984741211,98.94999694824219,4.60099983215332,0.9520000219345093
2003-09-03,19.440000534057617,29.489999771118164,98.70999908447266,4.598999977111816,0.9520000219345093
2003-09-04,18.709999084472656,28.979999542236328,98.19999694824219,4.513000011444092,0.9419999718666077
2003-09-05,18.170000076293945,28.8799991607666,97.08999633789062,4.354000091552734,0.9269999861717224
2003-09-08,18.260000228881836,28.850000381469727,97.16000366210938,4.388999938964844,0.9319999814033508
2003-09-09,18.850000381469727,29.18000030517578,96.44000244140625,4.370999813079834,0.9319999814033508
2003-09-10,20.010000228881836,29.350000381469727,96.5,4.269000053405762,0.9319999814033508
2003-09-11,19.25,28.81999969482422,96.55999755859375,4.334000110626221,0.9319999814033508
2003-09-12,18.68000030517578,28.270000457763672,96.01000213623047,4.269000053405762,0.9319999814033508
2003-09-15,19.280000686645508,28.139999389648438,95.9800033569336,4.244999885559082,0.9259999990463257
2003-09-16,18.030000686645508,27.559999465942383,96.66999816894531,4.290999889373779,0.9269999861717224
2003-09-17,18.149999618530273,27.030000686645508,95.73999786376953,4.190999984741211,0.9269999861717224
2003-09-18,17.56999969482422,27.170000076293945,95.94999694824219,4.184000015258789,0.9319999814033508
2003-09-19,17.540000915527344,27.030000686645508,94.95999908447266,4.1620001792907715,0.9269999861717224
2003-09-22,19.649999618530273,26.959999084472656,93.8499984741211,4.241000175476074,0.921999990940094
2003-09-23,19.469999313354492,27.1299991607666,93.98999786376953,4.214000225067139,0.925000011920929
2003-09-24,21.219999313354492,28.239999771118164,93.69999694824219,4.135000228881836,0.9169999957084656
2003-09-25,22.260000228881836,28.290000915527344,93.76000213623047,4.1020002365112305,0.9169999957084656
2003-09-26,22.229999542236328,28.15999984741211,93.87000274658203,4.0229997634887695,0.9169999957084656
2003-09-29,21.670000076293945,28.399999618530273,93.08000183105469,4.077000141143799,0.9210000038146973
2003-09-30,22.719999313354492,29.200000762939453,92.8499984741211,3.937000036239624,0.9259999990463257
2003-10-01,21.06999969482422,29.389999389648438,92.38999938964844,3.931999921798706,0.9100000262260437
2003-10-02,20.799999237060547,29.84000015258789,92.41999816894531,4.008999824523926,0.9120000004768372
2003-10-03,19.5,30.399999618530273,93.2300033569336,4.195000171661377,0.9120000004768372
2003-10-06,19.510000228881836,30.469999313354492,92.41000366210938,4.151000022888184,0.9049999713897705
2003-10-07,19.40999984741211,30.40999984741211,91.88999938964844,4.24399995803833,0.9020000100135803
2003-10-08,19.18000030517578,29.809999465942383,91.7300033569336,4.242000102996826,0.8769999742507935
2003-10-09,18.81999969482422,31.010000228881836,91.98999786376953,4.302000045776367,0.8799999952316284
2003-10-10,18.450000762939453,31.969999313354492,91.5199966430664,4.248000144958496,0.8870000243186951
2003-10-13,17.549999237060547,31.950000762939453,91.88999938964844,4.255000114440918,0.8870000243186951
2003-10-14,17.3700008392334,31.81999969482422,91.83000183105469,4.349999904632568,0.8870000243186951
2003-10-15,17.690000534057617,31.770000457763672,92.41999816894531,4.396999835968018,0.902999997138977
2003-10-16,17.190000534057617,31.540000915527344,92.61000061035156,4.454999923706055,0.9020000100135803
2003-10-17,17.6200008392334,30.68000030517578,92.29000091552734,4.388000011444092,0.9070000052452087
2003-10-20,17.040000915527344,30.350000381469727,92.43000030517578,4.380000114440918,0.9120000004768372
2003-10-21,16.549999237060547,30.18000030517578,92.37000274658203,4.366000175476074,0.9359999895095825
2003-10-22,17.670000076293945,29.920000076293945,91.2699966430664,4.2729997634887695,0.9319999814033508
2003-10-23,17.68000030517578,30.299999237060547,91.51000213623047,4.315999984741211,0.9300000071525574
2003-10-24,17.709999084472656,30.15999984741211,91.27999877929688,4.211999893188477,0.9269999861717224
2003-10-27,18.049999237060547,29.920000076293945,91.61000061035156,4.264999866485596,0.9409999847412109
2003-10-28,16.81999969482422,29.559999465942383,91.86000061035156,4.189000129699707,0.9449999928474426
2003-10-29,16.43000030517578,28.90999984741211,91.86000061035156,4.275000095367432,0.9369999766349792
2003-10-30,16.329999923706055,28.469999313354492,92.20999908447266,4.339000225067139,0.9319999814033508
2003-10-31,16.100000381469727,29.110000610351562,92.7300033569336,4.301000118255615,0.9319999814033508
2003-11-03,16.549999237060547,28.899999618530273,93.66000366210938,4.368000030517578,0.9210000038146973
2003-11-04,16.549999237060547,28.75,93.2300033569336,4.304999828338623,0.9279999732971191
2003-11-05,16.860000610351562,30.299999237060547,93.62999725341797,4.349999904632568,0.9330000281333923
2003-11-06,16.739999771118164,30.260000228881836,93.88999938964844,4.418000221252441,0.9269999861717224
2003-11-07,16.93000030517578,30.850000381469727,93.0199966430664,4.449999809265137,0.9319999814033508
2003-11-10,17.6200008392334,30.8799991607666,93.05000305175781,4.460000038146973,0.921999990940094
2003-11-11,17.540000915527344,31.149999618530273,93.0999984741211,4.460000038146973,0.921999990940094
2003-11-12,16.75,31.329999923706055,92.30999755859375,4.4120001792907715,0.9279999732971191
2003-11-13,16.469999313354492,31.899999618530273,91.61000061035156,4.270999908447266,0.9269999861717224
2003-11-14,16.940000534057617,32.369998931884766,91.44000244140625,4.232999801635742,0.9269999861717224
2003-11-17,18.600000381469727,31.729999542236328,91.52999877929688,4.188000202178955,0.9279999732971191
2003-11-18,19.110000610351562,33.279998779296875,90.33000183105469,4.166999816894531,0.9359999895095825
2003-11-19,18.799999237060547,32.91999816894531,90.9000015258789,4.235000133514404,0.9269999861717224
2003-11-20,19.479999542236328,32.86000061035156,90.66000366210938,4.1539998054504395,0.921999990940094
2003-11-21,18.979999542236328,31.610000610351562,90.5999984741211,4.146999835968018,0.9120000004768372
2003-11-24,17.440000534057617,29.739999771118164,91.58999633789062,4.2270002365112305,0.9169999957084656
2003-11-25,16.709999084472656,29.770000457763672,91.45999908447266,4.185999870300293,0.9200000166893005
2003-11-26,16.229999542236328,30.40999984741211,90.5999984741211,4.242000102996826,0.9120000004768372
2003-11-27,16.229999542236328,30.40999984741211,90.5999984741211,4.242000102996826,0.9120000004768372
2003-11-28,16.31999969482422,30.40999984741211,90.20999908447266,4.320000171661377,0.9079999923706055
2003-12-01,16.770000457763672,29.950000762939453,90.3499984741211,4.392000198364258,0.8970000147819519
2003-12-02,16.270000457763672,30.780000686645508,89.63999938964844,4.380000114440918,0.9169999957084656
2003-12-03,16.6299991607666,31.100000381469727,89.5,4.409999847412109,0.9120000004768372
2003-12-04,16.299999237060547,31.260000228881836,89.5999984741211,4.36899995803833,0.9010000228881836
2003-12-05,17.09000015258789,30.729999542236328,89.13999938964844,4.215000152587891,0.8949999809265137
2003-12-08,16.540000915527344,32.099998474121094,88.75,4.2779998779296875,0.8920000195503235
2003-12-09,17.6299991607666,31.760000228881836,88.61000061035156,4.3520002365112305,0.8920000195503235
2003-12-10,17.8700008392334,31.8799991607666,88.8499984741211,4.317999839782715,0.8870000243186951
2003-12-11,16.729999542236328,31.850000381469727,88.87999725341797,4.23799991607666,0.871999979019165
2003-12-12,16.40999984741211,33.040000915527344,88.48999786376953,4.242000102996826,0.8769999742507935
2003-12-15,17.229999542236328,33.18000030517578,88.45999908447266,4.275000095367432,0.8799999952316284
2003-12-16,15.930000305175781,32.88999938964844,88.30999755859375,4.234000205993652,0.878000020980835
2003-12-17,15.579999923706055,33.349998474121094,87.94000244140625,4.189000129699707,0.871999979019165
2003-12-18,16.15999984741211,33.709999084472656,87.8499984741211,4.140999794006348,0.8629999756813049
2003-12-19,16.420000076293945,33.02000045776367,88.11000061035156,4.132999897003174,0.8579999804496765
2003-12-22,16.940000534057617,31.8700008392334,87.98999786376953,4.164000034332275,0.8610000014305115
2003-12-23,16.489999771118164,31.950000762939453,87.98999786376953,4.269000053405762,0.8820000290870667
2003-12-24,16.65999984741211,32.86000061035156,87.54000091552734,4.186999797821045,0.871999979019165
2003-12-25,16.65999984741211,32.86000061035156,87.54000091552734,4.186999797821045,0.871999979019165
2003-12-26,17.450000762939453,32.86000061035156,87.62999725341797,4.1479997634887695,0.847000002861023
2003-12-29,17.09000015258789,32.400001525878906,87.3499984741211,4.230000019073486,0.8569999933242798
2003-12-30,17.68000030517578,32.790000915527344,87.0,4.2789998054504395,0.9120000004768372
2003-12-31,18.309999465942383,32.52000045776367,86.91999816894531,4.256999969482422,0.9070000052452087
2004-01-01,18.309999465942383,32.52000045776367,86.91999816894531,4.256999969482422,0.9070000052452087
2004-01-02,18.219999313354492,32.52000045776367,86.91999816894531,4.373000144958496,0.9020000100135803
2004-01-05,17.489999771118164,33.779998779296875,86.06999969482422,4.38700008392334,0.9020000100135803
2004-01-06,16.729999542236328,33.70000076293945,85.62999725341797,4.2769999504089355,0.9010000228881836
2004-01-07,15.5,33.619998931884766,86.19999694824219,4.245999813079834,0.8859999775886536
2004-01-08,15.609999656677246,33.97999954223633,85.56999969482422,4.249000072479248,0.847000002861023
2004-01-09,16.75,34.310001373291016,85.11000061035156,4.085999965667725,0.8420000076293945
2004-01-12,16.81999969482422,34.720001220703125,85.55000305175781,4.083000183105469,0.847000002861023
2004-01-13,18.040000915527344,34.43000030517578,85.51000213623047,4.0279998779296875,0.8619999885559082
2004-01-14,16.75,34.5,86.02999877929688,3.9860000610351562,0.8579999804496765
2004-01-15,15.5600004196167,33.439998626708984,86.55999755859375,3.9709999561309814,0.8519999980926514
2004-01-16,15.0,35.06999969482422,87.7300033569336,4.013999938964844,0.8619999885559082
2004-01-19,15.0,35.06999969482422,87.66000366210938,4.013999938964844,0.8619999885559082
2004-01-20,15.210000038146973,36.20000076293945,86.70999908447266,4.057000160217285,0.8569999933242798
2004-01-21,14.34000015258789,34.58000183105469,86.36000061035156,4.0370001792907715,0.8669999837875366
2004-01-22,14.710000038146973,34.93000030517578,85.81999969482422,3.9690001010894775,0.8519999980926514
2004-01-23,14.84000015258789,34.939998626708984,86.55999755859375,4.065999984741211,0.8669999837875366
2004-01-26,14.550000190734863,34.470001220703125,87.25,4.139999866485596,0.8820000290870667
2004-01-27,15.350000381469727,34.119998931884766,86.27999877929688,4.086999893188477,0.8970000147819519
2004-01-28,16.780000686645508,33.619998931884766,86.97000122070312,4.195000171661377,0.9169999957084656
2004-01-29,17.139999389648438,32.810001373291016,87.58000183105469,4.197000026702881,0.9169999957084656
2004-01-30,16.6299991607666,33.04999923706055,87.19999694824219,4.138000011444092,0.8970000147819519
2004-02-02,17.110000610351562,34.97999954223633,87.52999877929688,4.151000022888184,0.9020000100135803
2004-02-03,17.34000015258789,34.099998474121094,86.79000091552734,4.099999904632568,0.9120000004768372
2004-02-04,17.8700008392334,33.099998474121094,86.83999633789062,4.124000072479248,0.9120000004768372
2004-02-05,17.709999084472656,33.08000183105469,86.9000015258789,4.173999786376953,0.9110000133514404
2004-02-06,16.0,32.47999954223633,86.0199966430664,4.089000225067139,0.9070000052452087
2004-02-09,16.389999389648438,32.83000183105469,86.0,4.065000057220459,0.9120000004768372
2004-02-10,15.9399995803833,33.869998931884766,85.83999633789062,4.1020002365112305,0.9210000038146973
2004-02-11,15.390000343322754,34.0,85.19999694824219,4.020999908447266,0.9100000262260437
2004-02-12,15.3100004196167,33.97999954223633,85.29000091552734,4.058000087738037,0.8980000019073486
2004-02-13,15.579999923706055,34.560001373291016,85.55999755859375,4.047999858856201,0.8970000147819519
2004-02-16,15.579999923706055,34.560001373291016,85.47000122070312,4.047999858856201,0.8970000147819519
2004-02-17,15.399999618530273,35.15999984741211,85.0199966430664,4.047999858856201,0.8970000147819519
2004-02-18,15.59000015258789,35.45000076293945,85.87999725341797,4.048999786376953,0.9120000004768372
2004-02-19,15.800000190734863,36.0,85.94999694824219,4.052000045776367,0.9120000004768372
2004-02-20,16.040000915527344,35.599998474121094,87.23999786376953,4.0980000495910645,0.9160000085830688
2004-02-23,16.290000915527344,34.349998474121094,87.04000091552734,4.050000190734863,0.9269999861717224
2004-02-24,15.899999618530273,34.58000183105469,86.13999938964844,4.0289998054504395,0.9380000233650208
2004-02-25,14.930000305175781,35.68000030517578,87.25,4.014999866485596,0.9380000233650208
2004-02-26,14.829999923706055,35.5099983215332,87.68000030517578,4.046000003814697,0.9319999814033508
2004-02-27,14.550000190734863,36.15999984741211,87.30999755859375,3.9839999675750732,0.9269999861717224
2004-03-01,14.4399995803833,36.86000061035156,87.5199966430664,3.992000102996826,0.9359999895095825
2004-03-02,14.859999656677246,36.65999984741211,88.83000183105469,4.046000003814697,0.9419999718666077
2004-03-03,14.550000190734863,35.79999923706055,89.02999877929688,4.059999942779541,0.9419999718666077
2004-03-04,14.399999618530273,36.63999938964844,89.13999938964844,4.0289998054504395,0.9409999847412109
2004-03-05,14.479999542236328,37.2599983215332,88.18000030517578,3.8310000896453857,0.9309999942779541
2004-03-08,15.789999961853027,36.56999969482422,88.0,3.7760000228881836,0.9269999861717224
2004-03-09,16.600000381469727,36.279998779296875,88.29000091552734,3.7190001010894775,0.9319999814033508
2004-03-10,18.670000076293945,36.099998474121094,88.94999694824219,3.734999895095825,0.9369999766349792
2004-03-11,20.670000076293945,36.779998779296875,88.51000213623047,3.746999979019165,0.9369999766349792
2004-03-12,18.299999237060547,36.189998626708984,89.12000274658203,3.759999990463257,0.9319999814033508
2004-03-15,21.1299991607666,37.439998626708984,88.80999755859375,3.7679998874664307,0.9319999814033508
2004-03-16,20.34000015258789,37.47999954223633,88.58999633789062,3.687999963760376,0.9380000233650208
2004-03-17,18.110000610351562,38.18000030517578,88.6500015258789,3.683000087738037,0.9179999828338623
2004-03-18,18.530000686645508,37.93000030517578,87.69999694824219,3.749000072479248,0.9169999957084656
2004-03-19,19.149999618530273,38.08000183105469,88.16000366210938,3.7880001068115234,0.9169999957084656
2004-03-22,21.579999923706055,37.11000061035156,87.80999755859375,3.7239999771118164,0.9229999780654907
2004-03-23,20.670000076293945,37.45000076293945,87.8499984741211,3.7109999656677246,0.9229999780654907
2004-03-24,19.809999465942383,37.0099983215332,88.93000030517578,3.7139999866485596,0.9179999828338623
2004-03-25,17.8799991607666,35.5099983215332,88.9000015258789,3.739000082015991,0.9169999957084656
2004-03-26,17.329999923706055,35.72999954223633,88.88999938964844,3.8429999351501465,0.921999990940094
2004-03-29,16.5,35.45000076293945,88.62999725341797,3.890000104904175,0.9229999780654907
2004-03-30,16.280000686645508,36.25,88.43000030517578,3.9019999504089355,0.9330000281333923
2004-03-31,16.739999771118164,35.7599983215332,87.61000061035156,3.8369998931884766,0.9229999780654907
2004-04-01,16.649999618530273,34.27000045776367,87.20999908447266,3.8980000019073486,0.9160000085830688
2004-04-02,15.640000343322754,34.38999938964844,88.51000213623047,4.139999866485596,0.9269999861717224
2004-04-05,14.970000267028809,34.380001068115234,89.22000122070312,4.21999979019165,0.9120000004768372
2004-04-06,15.319999694824219,34.970001220703125,88.75,4.171000003814697,0.9179999828338623
2004-04-07,15.760000228881836,36.150001525878906,88.2699966430664,4.166999816894531,0.9179999828338623
2004-04-08,16.260000228881836,37.13999938964844,89.0199966430664,4.197000026702881,0.9129999876022339
2004-04-09,16.260000228881836,37.13999938964844,89.0199966430664,4.197000026702881,0.9129999876022339
2004-04-12,15.279999732971191,37.84000015258789,88.94999694824219,4.230000019073486,0.9120000004768372
2004-04-13,17.260000228881836,37.209999084472656,89.83000183105469,4.340000152587891,0.921999990940094
2004-04-14,15.619999885559082,36.720001220703125,90.23999786376953,4.381999969482422,0.9340000152587891
2004-04-15,15.739999771118164,37.56999969482422,90.05999755859375,4.40500020980835,0.9269999861717224
2004-04-16,14.9399995803833,37.7400016784668,89.94000244140625,4.3520002365112305,0.9169999957084656
2004-04-19,15.420000076293945,37.41999816894531,89.80000305175781,4.372000217437744,0.921999990940094
2004-04-20,16.670000076293945,37.599998474121094,90.48999786376953,4.414999961853027,0.9470000267028809
2004-04-21,15.600000381469727,35.72999954223633,91.12000274658203,4.422999858856201,0.9670000076293945
2004-04-22,14.609999656677246,36.709999084472656,90.81999969482422,4.370999813079834,0.9369999766349792
2004-04-23,14.010000228881836,36.459999084472656,91.08000183105469,4.452000141143799,0.9520000219345093
2004-04-26,14.770000457763672,36.970001220703125,90.62000274658203,4.433000087738037,0.9430000185966492
2004-04-27,15.069999694824219,37.529998779296875,90.41000366210938,4.4039998054504395,0.9620000123977661
2004-04-28,16.290000915527344,37.459999084472656,91.16999816894531,4.4670000076293945,0.9480000138282776
2004-04-29,16.600000381469727,37.310001373291016,90.56999969482422,4.539999961853027,0.9490000009536743
2004-04-30,17.190000534057617,37.380001068115234,90.4800033569336,4.500999927520752,0.9520000219345093
2004-05-03,16.6200008392334,38.209999084472656,90.76000213623047,4.500999927520752,0.9589999914169312
2004-05-04,16.549999237060547,38.97999954223633,89.80999755859375,4.543000221252441,0.9860000014305115
2004-05-05,15.770000457763672,39.56999969482422,89.30999755859375,4.571000099182129,0.9670000076293945
2004-05-06,17.049999237060547,39.369998931884766,89.87999725341797,4.6020002365112305,0.9710000157356262
2004-05-07,18.1299991607666,39.93000030517578,91.12999725341797,4.765999794006348,1.0369999408721924
2004-05-10,19.770000457763672,38.93000030517578,91.55999755859375,4.781000137329102,1.0269999504089355
2004-05-11,18.56999969482422,40.060001373291016,91.66000366210938,4.76800012588501,1.031000018119812
2004-05-12,18.139999389648438,40.77000045776367,91.29000091552734,4.796999931335449,1.0069999694824219
2004-05-13,18.860000610351562,41.08000183105469,91.95999908447266,4.85099983215332,0.9800000190734863
2004-05-14,18.469999313354492,41.380001068115234,91.66000366210938,4.788000106811523,0.968999981880188
2004-05-17,19.959999084472656,41.54999923706055,91.0,4.698999881744385,0.9769999980926514
2004-05-18,19.329999923706055,40.540000915527344,91.25,4.736000061035156,1.0269999504089355
2004-05-19,18.93000030517578,41.5,90.52999877929688,4.794000148773193,1.0160000324249268
2004-05-20,18.670000076293945,40.91999816894531,91.02999877929688,4.7179999351501465,1.003999948501587
2004-05-21,18.489999771118164,39.93000030517578,90.48999786376953,4.763999938964844,1.003999948501587
2004-05-24,18.079999923706055,41.720001220703125,90.4800033569336,4.739999771118164,1.0119999647140503
2004-05-25,15.960000038146973,41.13999938964844,89.83999633789062,4.723999977111816,1.0570000410079956
2004-05-26,15.970000267028809,40.70000076293945,89.72000122070312,4.671000003814697,1.0520000457763672
2004-05-27,15.279999732971191,39.439998626708984,88.66999816894531,4.5879998207092285,1.0390000343322754
2004-05-28,15.5,39.880001068115234,88.94999694824219,4.65500020980835,1.0520000457763672
2004-05-31,15.5,39.880001068115234,88.94999694824219,4.65500020980835,1.0520000457763672
2004-06-01,16.299999237060547,42.33000183105469,88.87999725341797,4.703999996185303,1.093000054359436
2004-06-02,16.079999923706055,39.959999084472656,88.83999633789062,4.730000019073486,1.1419999599456787
2004-06-03,17.030000686645508,39.279998779296875,88.94999694824219,4.711999893188477,1.1469999551773071
2004-06-04,16.780000686645508,38.4900016784668,88.54000091552734,4.77400016784668,1.1770000457763672
2004-06-07,15.390000343322754,38.65999984741211,88.25,4.764999866485596,1.184000015258789
2004-06-08,15.010000228881836,37.279998779296875,88.51000213623047,4.770999908447266,1.2419999837875366
2004-06-09,15.390000343322754,37.540000915527344,89.7300033569336,4.811999797821045,1.2419999837875366
2004-06-10,15.039999961853027,38.45000076293945,89.25,4.790999889373779,1.2669999599456787
2004-06-11,15.039999961853027,38.45000076293945,90.01000213623047,4.790999889373779,1.2669999599456787
2004-06-14,16.06999969482422,37.59000015258789,89.94000244140625,4.869999885559082,1.3389999866485596
2004-06-15,15.050000190734863,37.189998626708984,89.08999633789062,4.685999870300293,1.312000036239624
2004-06-16,14.789999961853027,37.31999969482422,90.04000091552734,4.73199987411499,1.2769999504089355
2004-06-17,15.149999618530273,38.459999084472656,89.5999984741211,4.691999912261963,1.2419999837875366
2004-06-18,14.989999771118164,38.75,89.08000183105469,4.710000038146973,1.246999979019165
2004-06-21,15.260000228881836,37.630001068115234,89.29000091552734,4.690000057220459,1.2380000352859497
2004-06-22,14.3100004196167,38.11000061035156,89.43000030517578,4.703999996185303,1.2929999828338623
2004-06-23,13.979999542236328,37.56999969482422,89.41999816894531,4.697999954223633,1.2569999694824219
2004-06-24,14.8100004196167,37.93000030517578,88.75,4.645999908447266,1.253999948501587
2004-06-25,15.1899995803833,37.54999923706055,88.87999725341797,4.644999980926514,1.2719999551773071
2004-06-28,16.06999969482422,36.2400016784668,88.72000122070312,4.738999843597412,1.281999945640564
2004-06-29,15.470000267028809,35.65999984741211,89.41000366210938,4.695000171661377,1.3519999980926514
2004-06-30,14.34000015258789,37.04999923706055,88.80000305175781,4.617000102996826,1.3029999732971191
2004-07-01,15.199999809265137,38.7400016784668,88.79000091552734,4.564000129699707,1.1970000267028809
2004-07-02,15.079999923706055,38.38999938964844,87.97000122070312,4.458000183105469,1.2630000114440918
2004-07-05,15.079999923706055,38.38999938964844,88.2300033569336,4.458000183105469,1.2630000114440918
2004-07-06,16.25,39.650001525878906,88.12000274658203,4.480000019073486,1.253999948501587
2004-07-07,15.8100004196167,39.08000183105469,87.6500015258789,4.4720001220703125,1.2680000066757202
2004-07-08,16.200000762939453,40.33000183105469,87.54000091552734,4.46999979019165,1.2510000467300415
2004-07-09,15.779999732971191,39.959999084472656,87.41999816894531,4.466000080108643,1.246999979019165
2004-07-12,14.960000038146973,39.5,87.38999938964844,4.442999839782715,1.2619999647140503
2004-07-13,14.460000038146973,39.439998626708984,87.81999969482422,4.479000091552734,1.315000057220459
2004-07-14,13.760000228881836,40.970001220703125,87.58000183105469,4.484000205993652,1.3170000314712524
2004-07-15,14.710000038146973,40.77000045776367,87.98999786376953,4.485000133514404,1.3170000314712524
2004-07-16,14.34000015258789,41.25,87.13999938964844,4.361000061035156,1.312000036239624
2004-07-19,15.170000076293945,41.63999938964844,87.18000030517578,4.361000061035156,1.3020000457763672
2004-07-20,14.170000076293945,40.86000061035156,87.83000183105469,4.447999954223633,1.3320000171661377
2004-07-21,16.40999984741211,40.58000183105469,88.55999755859375,4.486999988555908,1.3220000267028809
2004-07-22,15.75,41.36000061035156,88.44999694824219,4.461999893188477,1.3339999914169312
2004-07-23,16.5,41.709999084472656,89.26000213623047,4.432000160217285,1.3380000591278076
2004-07-26,17.299999237060547,41.439998626708984,89.02999877929688,4.474999904632568,1.3919999599456787
2004-07-27,16.549999237060547,41.84000015258789,89.79000091552734,4.59499979019165,1.437000036239624
2004-07-28,16.149999618530273,42.900001525878906,89.75,4.585000038146973,1.4199999570846558
2004-07-29,15.680000305175781,42.75,89.94999694824219,4.572999954223633,1.4119999408721924
2004-07-30,15.319999694824219,43.79999923706055,89.95999908447266,4.474999904632568,1.4119999408721924
2004-08-02,15.369999885559082,43.81999969482422,89.75,4.454999923706055,1.4320000410079956
2004-08-03,16.030000686645508,44.150001525878906,89.56999969482422,4.421999931335449,1.4570000171661377
2004-08-04,16.209999084472656,42.83000183105469,89.68000030517578,4.428999900817871,1.4520000219345093
2004-08-05,18.31999969482422,44.40999984741211,89.63999938964844,4.400000095367432,1.444000005722046
2004-08-06,19.34000015258789,43.95000076293945,88.36000061035156,4.218999862670898,1.406000018119812
2004-08-09,18.889999389648438,44.84000015258789,88.38999938964844,4.24399995803833,1.444000005722046
2004-08-10,17.469999313354492,44.52000045776367,88.79000091552734,4.2870001792907715,1.472000002861023
2004-08-11,18.040000915527344,44.79999923706055,88.8499984741211,4.275000095367432,1.4149999618530273
2004-08-12,19.079999923706055,45.5,88.69000244140625,4.25,1.4079999923706055
2004-08-13,17.979999542236328,46.58000183105469,87.9000015258789,4.2129998207092285,1.4010000228881836
2004-08-16,17.56999969482422,46.04999923706055,87.95999908447266,4.257999897003174,1.4270000457763672
2004-08-17,17.020000457763672,46.75,88.05999755859375,4.205999851226807,1.4539999961853027
2004-08-18,16.229999542236328,47.27000045776367,88.08000183105469,4.2270002365112305,1.4470000267028809
2004-08-19,16.959999084472656,48.70000076293945,87.79000091552734,4.210999965667725,1.4420000314712524
2004-08-20,16.0,47.86000061035156,88.12000274658203,4.230999946594238,1.4539999961853027
2004-08-23,15.880000114440918,46.04999923706055,89.05999755859375,4.2789998054504395,1.4769999980926514
2004-08-24,15.329999923706055,45.209999084472656,89.45999908447266,4.2829999923706055,1.5169999599456787
2004-08-25,14.979999542236328,43.470001220703125,89.41999816894531,4.261000156402588,1.5119999647140503
2004-08-26,14.90999984741211,43.099998474121094,89.30000305175781,4.2270002365112305,1.5160000324249268
2004-08-27,14.710000038146973,43.18000030517578,89.7699966430664,4.2270002365112305,1.5219999551773071
2004-08-30,15.4399995803833,42.279998779296875,89.69000244140625,4.188000202178955,1.5420000553131104
2004-08-31,15.289999961853027,42.119998931884766,88.94000244140625,4.131999969482422,1.5679999589920044
2004-09-01,14.90999984741211,44.0,88.87000274658203,4.123000144958496,1.5470000505447388
2004-09-02,14.279999732971191,44.060001373291016,88.9800033569336,4.193999767303467,1.562999963760376
2004-09-03,13.90999984741211,43.9900016784668,89.62999725341797,4.293000221252441,1.6119999885559082
2004-09-06,13.90999984741211,43.9900016784668,89.52999877929688,4.293000221252441,1.6119999885559082
2004-09-07,14.069999694824219,43.310001373291016,89.2300033569336,4.245999813079834,1.597000002861023
2004-09-08,14.0600004196167,42.77000045776367,88.7699966430664,4.163000106811523,1.6119999885559082
2004-09-09,14.010000228881836,44.61000061035156,88.83000183105469,4.198999881744385,1.6080000400543213
2004-09-10,13.760000228881836,42.810001373291016,88.38999938964844,4.179999828338623,1.6230000257492065
2004-09-13,13.170000076293945,43.869998931884766,88.55000305175781,4.151000022888184,1.6160000562667847
2004-09-14,13.5600004196167,44.38999938964844,88.45999908447266,4.132999897003174,1.6230000257492065
2004-09-15,14.640000343322754,43.58000183105469,89.1500015258789,4.170000076293945,1.6319999694824219
2004-09-16,14.390000343322754,43.880001068115234,88.79000091552734,4.068999767303467,1.6319999694824219
2004-09-17,14.029999732971191,45.59000015258789,88.91000366210938,4.126999855041504,1.6679999828338623
2004-09-20,14.430000305175781,46.349998474121094,88.98999786376953,4.058000087738037,1.6629999876022339
2004-09-21,13.65999984741211,47.099998474121094,88.12999725341797,4.0370001792907715,1.6829999685287476
2004-09-22,14.739999771118164,48.349998474121094,88.51000213623047,3.989000082015991,1.6740000247955322
2004-09-23,14.800000190734863,48.459999084472656,88.44000244140625,4.0279998779296875,1.6859999895095825
2004-09-24,14.279999732971191,48.880001068115234,88.4000015258789,4.031000137329102,1.690999984741211
2004-09-27,14.619999885559082,49.63999938964844,88.29000091552734,3.996999979019165,1.6820000410079956
2004-09-28,13.829999923706055,49.900001525878906,88.11000061035156,4.01200008392334,1.687000036239624
2004-09-29,13.210000038146973,49.5099983215332,88.0999984741211,4.090000152587891,1.6799999475479126
2004-09-30,13.34000015258789,49.63999938964844,87.36000061035156,4.11899995803833,1.6740000247955322
2004-10-01,12.75,50.119998931884766,87.62999725341797,4.190999984741211,1.656999945640564
2004-10-04,13.40999984741211,49.90999984741211,88.37999725341797,4.172999858856201,1.6510000228881836
2004-10-05,13.949999809265137,51.09000015258789,88.16999816894531,4.172999858856201,1.6710000038146973
2004-10-06,13.279999732971191,52.02000045776367,88.4800033569336,4.223999977111816,1.6729999780654907
2004-10-07,14.5,52.66999816894531,88.33999633789062,4.24399995803833,1.6619999408721924
2004-10-08,15.050000190734863,53.310001373291016,87.44999694824219,4.132999897003174,1.656999945640564
2004-10-11,14.710000038146973,53.63999938964844,87.54000091552734,4.132999897003174,1.656999945640564
2004-10-12,15.050000190734863,52.5099983215332,88.0199966430664,4.1020002365112305,1.652999997138977
2004-10-13,15.420000076293945,53.63999938964844,87.87999725341797,4.078000068664551,1.687000036239624
2004-10-14,16.43000030517578,54.7599983215332,87.55000305175781,4.014999866485596,1.6970000267028809
2004-10-15,15.039999961853027,54.93000030517578,87.08999633789062,4.052999973297119,1.7120000123977661
2004-10-18,14.710000038146973,53.66999816894531,87.0199966430664,4.052999973297119,1.7369999885559082
2004-10-19,15.130000114440918,53.290000915527344,86.83999633789062,4.038000106811523,1.781999945640564
2004-10-20,14.850000381469727,54.91999816894531,86.3499984741211,3.990999937057495,1.7869999408721924
2004-10-21,14.539999961853027,54.470001220703125,86.0199966430664,3.996999979019165,1.7970000505447388
2004-10-22,15.279999732971191,55.16999816894531,85.87000274658203,3.9839999675750732,1.8070000410079956
2004-10-25,16.579999923706055,54.540000915527344,84.97000122070312,3.9709999561309814,1.8320000171661377
2004-10-26,16.389999389648438,55.16999816894531,85.20999908447266,3.989000082015991,1.8739999532699585
2004-10-27,15.720000267028809,52.459999084472656,85.44000244140625,4.0879998207092285,1.8769999742507935
2004-10-28,15.390000343322754,50.91999816894531,85.27999877929688,4.079999923706055,1.8669999837875366
2004-10-29,16.270000457763672,51.7599983215332,84.91000366210938,4.0289998054504395,1.8669999837875366
2004-11-01,16.270000457763672,50.130001068115234,85.19999694824219,4.090000152587891,1.8819999694824219
2004-11-02,16.18000030517578,49.619998931884766,85.47000122070312,4.074999809265137,1.9429999589920044
2004-11-03,14.039999961853027,50.880001068115234,84.69999694824219,4.070000171661377,1.9179999828338623
2004-11-04,13.970000267028809,48.81999969482422,84.54000091552734,4.067999839782715,1.937000036239624
2004-11-05,13.84000015258789,49.61000061035156,84.01000213623047,4.185999870300293,1.9819999933242798
2004-11-08,13.800000190734863,49.09000015258789,84.08999633789062,4.215000152587891,2.002000093460083
2004-11-09,13.609999656677246,47.369998931884766,84.29000091552734,4.2179999351501465,2.0369999408721924
2004-11-10,13.079999923706055,48.86000061035156,84.43000030517578,4.252999782562256,2.0290000438690186
2004-11-11,13.039999961853027,47.41999816894531,84.37000274658203,4.252999782562256,2.0290000438690186
2004-11-12,13.329999923706055,47.31999969482422,83.69000244140625,4.197999954223633,2.0360000133514404
2004-11-15,13.380000114440918,46.869998931884766,84.0,4.190000057220459,2.056999921798706
2004-11-16,13.210000038146973,46.11000061035156,83.80000305175781,4.208000183105469,2.0910000801086426
2004-11-17,13.210000038146973,46.84000015258789,83.29000091552734,4.144000053405762,2.0799999237060547
2004-11-18,12.979999542236328,46.220001220703125,83.69000244140625,4.117000102996826,2.0869998931884766
2004-11-19,13.5,48.439998626708984,83.30999755859375,4.196000099182129,2.0959999561309814
2004-11-22,12.970000267028809,48.63999938964844,83.19000244140625,4.164999961853027,2.121999979019165
2004-11-23,12.670000076293945,48.939998626708984,82.97000122070312,4.184000015258789,2.134000062942505
2004-11-24,12.720000267028809,49.439998626708984,82.41000366210938,4.195000171661377,2.131999969482422
2004-11-25,12.720000267028809,49.439998626708984,82.18000030517578,4.195000171661377,2.131999969482422
2004-11-26,12.779999732971191,49.439998626708984,81.77999877929688,4.23799991607666,2.1519999504089355
2004-11-29,13.300000190734863,49.7599983215332,81.93000030517578,4.329999923706055,2.1570000648498535
2004-11-30,13.239999771118164,49.130001068115234,81.81999969482422,4.357999801635742,2.181999921798706
2004-12-01,12.970000267028809,45.4900016784668,81.55999755859375,4.375,2.171999931335449
2004-12-02,12.979999542236328,43.25,81.94999694824219,4.396999835968018,2.171999931335449
2004-12-03,12.960000038146973,42.540000915527344,80.9800033569336,4.269999980926514,2.1670000553131104
2004-12-06,13.1899995803833,42.97999954223633,81.27999877929688,4.239999771118164,2.184000015258789
2004-12-07,13.670000076293945,41.459999084472656,81.23999786376953,4.2270002365112305,2.2019999027252197
2004-12-08,13.1899995803833,41.939998626708984,81.9000015258789,4.133999824523926,2.197000026702881
2004-12-09,12.880000114440918,42.529998779296875,82.02999877929688,4.160999774932861,2.197000026702881
2004-12-10,12.760000228881836,40.709999084472656,82.55000305175781,4.156000137329102,2.2009999752044678
2004-12-13,12.539999961853027,41.0099983215332,82.0999984741211,4.151000022888184,2.178999900817871
2004-12-14,12.729999542236328,41.81999969482422,82.31999969482422,4.131999969482422,2.177000045776367
2004-12-15,12.350000381469727,44.189998626708984,81.62999725341797,4.076000213623047,2.1670000553131104
2004-12-16,12.270000457763672,44.18000030517578,82.5,4.184999942779541,2.1549999713897705
2004-12-17,11.949999809265137,46.279998779296875,82.16000366210938,4.206999778747559,2.1519999504089355
2004-12-20,11.829999923706055,45.63999938964844,81.66999816894531,4.198999881744385,2.1579999923706055
2004-12-21,11.550000190734863,45.7599983215332,81.94000244140625,4.168000221252441,2.171999931335449
2004-12-22,11.449999809265137,44.2400016784668,81.93000030517578,4.201000213623047,2.1470000743865967
2004-12-23,11.229999542236328,44.18000030517578,81.33999633789062,4.2179999351501465,2.1470000743865967
2004-12-24,11.229999542236328,44.18000030517578,81.22000122070312,4.2179999351501465,2.1470000743865967
2004-12-27,12.140000343322754,41.31999969482422,80.72000122070312,4.290999889373779,2.181999921798706
2004-12-28,12.0,41.77000045776367,80.72000122070312,4.290999889373779,2.2109999656677246
2004-12-29,11.619999885559082,43.63999938964844,80.97000122070312,4.322000026702881,2.181999921798706
2004-12-30,12.5600004196167,43.45000076293945,80.52999877929688,4.263000011444092,2.1700000762939453
2004-12-31,13.289999961853027,43.45000076293945,80.8499984741211,4.216000080108643,2.181999921798706
2005-01-03,14.079999923706055,42.119998931884766,81.30000305175781,4.21999979019165,2.2039999961853027
2005-01-04,13.979999542236328,43.90999984741211,82.56999969482422,4.2829999923706055,2.2920000553131104
2005-01-05,14.09000015258789,43.38999938964844,82.54000091552734,4.2769999504089355,2.2820000648498535
2005-01-06,13.579999923706055,45.560001373291016,83.1500015258789,4.271999835968018,2.2669999599456787
2005-01-07,13.489999771118164,45.43000030517578,83.61000061035156,4.284999847412109,2.2769999504089355
2005-01-10,13.229999542236328,45.33000183105469,83.29000091552734,4.2779998779296875,2.2730000019073486
2005-01-11,13.1899995803833,45.68000030517578,83.0199966430664,4.24399995803833,2.302000045776367
2005-01-12,12.5600004196167,46.369998931884766,82.13999938964844,4.236000061035156,2.2920000553131104
2005-01-13,12.84000015258789,48.040000915527344,82.51000213623047,4.186999797821045,2.302000045776367
2005-01-14,12.430000305175781,48.380001068115234,83.05999755859375,4.216000080108643,2.319999933242798
2005-01-17,12.430000305175781,48.380001068115234,83.05999755859375,4.216000080108643,2.319999933242798
2005-01-18,12.470000267028809,48.380001068115234,83.36000061035156,4.195000171661377,2.302000045776367
2005-01-19,13.180000305175781,47.54999923706055,83.5999984741211,4.186999797821045,2.3269999027252197
2005-01-20,13.829999923706055,46.90999984741211,83.83999633789062,4.164999961853027,2.306999921798706
2005-01-21,14.359999656677246,48.529998779296875,83.26000213623047,4.142000198364258,2.302000045776367
2005-01-24,14.649999618530273,48.810001373291016,83.23999786376953,4.122000217437744,2.3010001182556152
2005-01-25,14.0600004196167,49.63999938964844,83.98999786376953,4.189000129699707,2.3610000610351562
2005-01-26,13.4399995803833,48.779998779296875,83.30000305175781,4.191999912261963,2.365000009536743
2005-01-27,13.239999771118164,48.84000015258789,83.43000030517578,4.206999778747559,2.38700008392334
2005-01-28,13.239999771118164,47.18000030517578,83.4800033569336,4.138000011444092,2.4070000648498535
2005-01-31,12.819999694824219,48.20000076293945,83.5999984741211,4.132999897003174,2.421999931335449
2005-02-01,12.029999732971191,47.119998931884766,83.44999694824219,4.136000156402588,2.4619998931884766
2005-02-02,11.65999984741211,46.689998626708984,83.5199966430664,4.139999866485596,2.4579999446868896
2005-02-03,11.789999961853027,46.45000076293945,83.97000122070312,4.163000106811523,2.431999921798706
2005-02-04,11.210000038146973,46.47999954223633,84.38999938964844,4.072999954223633,2.421999931335449
2005-02-07,11.729999542236328,45.279998779296875,85.04000091552734,4.052000045776367,2.437000036239624
2005-02-08,11.600000381469727,45.400001525878906,85.0999984741211,4.0370001792907715,2.4649999141693115
2005-02-09,12.0,45.459999084472656,85.0199966430664,3.9769999980926514,2.4670000076293945
2005-02-10,11.510000228881836,47.099998474121094,84.54000091552734,4.072999954223633,2.4670000076293945
2005-02-11,11.430000305175781,47.15999984741211,84.56999969482422,4.09499979019165,2.49399995803833
2005-02-14,11.520000457763672,47.439998626708984,83.95999908447266,4.072999954223633,2.4820001125335693
2005-02-15,11.270000457763672,47.2599983215332,83.58999633789062,4.0980000495910645,2.5320000648498535
2005-02-16,11.100000381469727,48.33000183105469,83.66999816894531,4.1579999923706055,2.5269999504089355
2005-02-17,11.770000457763672,47.540000915527344,83.47000122070312,4.184999942779541,2.5269999504089355
2005-02-18,11.180000305175781,48.349998474121094,83.48999786376953,4.260000228881836,2.552000045776367
2005-02-21,11.180000305175781,48.349998474121094,83.55000305175781,4.260000228881836,2.552000045776367
2005-02-22,13.140000343322754,51.150001525878906,82.41000366210938,4.284999847412109,2.572999954223633
2005-02-23,12.390000343322754,51.16999816894531,82.68000030517578,4.26800012588501,2.625
2005-02-24,11.569999694824219,51.38999938964844,82.87999725341797,4.281000137329102,2.63700008392334
2005-02-25,11.489999771118164,51.4900016784668,82.66000366210938,4.271999835968018,2.674999952316284
2005-02-28,12.079999923706055,51.75,82.51000213623047,4.359000205993652,2.690000057220459
2005-03-01,12.039999961853027,51.68000030517578,82.7699966430664,4.372000217437744,2.691999912261963
2005-03-02,12.5,53.04999923706055,83.08000183105469,4.379000186920166,2.677000045776367
2005-03-03,12.930000305175781,53.56999969482422,83.27999877929688,4.382999897003174,2.691999912261963
2005-03-04,11.9399995803833,53.779998779296875,82.54000091552734,4.309999942779541,2.691999912261963
2005-03-07,12.260000228881836,53.88999938964844,82.79000091552734,4.303999900817871,2.677000045776367
2005-03-08,12.399999618530273,54.59000015258789,81.9800033569336,4.375,2.691999912261963
2005-03-09,12.699999809265137,54.77000045776367,81.62999725341797,4.513999938964844,2.691999912261963
2005-03-10,12.489999771118164,53.540000915527344,81.56999969482422,4.459000110626221,2.687000036239624
2005-03-11,12.800000190734863,54.43000030517578,81.41999816894531,4.534999847412109,2.691999912261963
2005-03-14,12.390000343322754,54.95000076293945,81.97000122070312,4.515999794006348,2.7119998931884766
2005-03-15,13.149999618530273,55.04999923706055,82.12000274658203,4.541999816894531,2.736999988555908
2005-03-16,13.489999771118164,56.459999084472656,81.62000274658203,4.51800012588501,2.7320001125335693
2005-03-17,13.289999961853027,56.400001525878906,81.83999633789062,4.46999979019165,2.7269999980926514
2005-03-18,13.140000343322754,56.720001220703125,82.12999725341797,4.511000156402588,2.742000102996826
2005-03-21,13.609999656677246,56.619998931884766,82.87999725341797,4.525000095367432,2.756999969482422
2005-03-22,14.270000457763672,56.029998779296875,83.36000061035156,4.610000133514404,2.802000045776367
2005-03-23,14.0600004196167,53.810001373291016,84.0,4.60699987411499,2.760999917984009
2005-03-24,13.420000076293945,54.84000015258789,84.12999725341797,4.591000080108643,2.7699999809265137
2005-03-25,13.420000076293945,54.84000015258789,84.12999725341797,4.591000080108643,2.7699999809265137
2005-03-28,13.75,54.04999923706055,84.62000274658203,4.624000072479248,2.7720000743865967
2005-03-29,14.489999771118164,54.22999954223633,84.31999969482422,4.591000080108643,2.7720000743865967
2005-03-30,13.640000343322754,53.9900016784668,84.29000091552734,4.558000087738037,2.76200008392334
2005-03-31,14.020000457763672,55.400001525878906,84.05999755859375,4.495999813079834,2.7219998836517334
2005-04-01,14.09000015258789,57.27000045776367,84.43000030517578,4.451000213623047,2.7269999980926514
2005-04-04,14.109999656677246,57.0099983215332,84.77999877929688,4.455999851226807,2.687999963760376
2005-04-05,13.680000305175781,56.040000915527344,84.66000366210938,4.46999979019165,2.7279999256134033
2005-04-06,13.149999618530273,55.849998474121094,84.68000030517578,4.435999870300293,2.7019999027252197
2005-04-07,12.329999923706055,54.11000061035156,84.87000274658203,4.4720001220703125,2.700000047683716
2005-04-08,12.619999885559082,53.31999969482422,84.47000122070312,4.491000175476074,2.7119998931884766
2005-04-11,11.979999542236328,53.709999084472656,84.16000366210938,4.445000171661377,2.697000026702881
2005-04-12,11.300000190734863,51.86000061035156,84.41999816894531,4.360000133514404,2.7070000171661377
2005-04-13,13.3100004196167,50.220001220703125,84.41999816894531,4.374000072479248,2.7170000076293945
2005-04-14,14.529999732971191,51.130001068115234,85.0,4.357999801635742,2.7119998931884766
2005-04-15,17.739999771118164,50.4900016784668,84.55999755859375,4.270999908447266,2.7239999771118164
2005-04-18,16.559999465942383,50.369998931884766,84.0,4.249000072479248,2.812000036239624
2005-04-19,14.960000038146973,52.290000915527344,83.76000213623047,4.203000068664551,2.8469998836517334
2005-04-20,16.920000076293945,52.439998626708984,83.5199966430664,4.210999965667725,2.806999921798706
2005-04-21,14.40999984741211,54.20000076293945,83.69999694824219,4.300000190734863,2.816999912261963
2005-04-22,15.380000114440918,55.38999938964844,83.5,4.255000114440918,2.8580000400543213
2005-04-25,14.619999885559082,54.56999969482422,83.81999969482422,4.250999927520752,2.8320000171661377
2005-04-26,14.90999984741211,54.20000076293945,83.95999908447266,4.267000198364258,2.8519999980926514
2005-04-27,14.869999885559082,51.61000061035156,84.12000274658203,4.236999988555908,2.819999933242798
2005-04-28,16.860000610351562,51.77000045776367,84.3499984741211,4.172999858856201,2.811000108718872
2005-04-29,15.3100004196167,49.720001220703125,84.43000030517578,4.201000213623047,2.8369998931884766
2005-05-02,15.119999885559082,50.91999816894531,84.48999786376953,4.193999767303467,2.822000026702881
2005-05-03,14.529999732971191,49.5,84.51000213623047,4.185999870300293,2.8499999046325684
2005-05-04,13.850000381469727,50.130001068115234,84.0,4.185999870300293,2.7950000762939453
2005-05-05,13.979999542236328,50.83000183105469,83.94000244140625,4.1620001792907715,2.746999979019165
2005-05-06,14.050000190734863,50.959999084472656,84.61000061035156,4.265999794006348,2.802000045776367
2005-05-09,13.75,52.029998779296875,84.63999938964844,4.2779998779296875,2.796999931335449
2005-05-10,14.90999984741211,52.06999969482422,84.44999694824219,4.2220001220703125,2.822000026702881
2005-05-11,14.449999809265137,50.45000076293945,84.94000244140625,4.202000141143799,2.802000045776367
2005-05-12,16.1200008392334,48.540000915527344,85.48999786376953,4.184000015258789,2.816999912261963
2005-05-13,16.31999969482422,48.66999816894531,86.0999984741211,4.120999813079834,2.756999969482422
2005-05-16,15.680000305175781,48.61000061035156,86.12000274658203,4.125,2.746999979019165
2005-05-17,14.569999694824219,48.970001220703125,86.20999908447266,4.117000102996826,2.812000036239624
2005-05-18,13.630000114440918,47.25,85.81999969482422,4.067999839782715,2.7869999408721924
2005-05-19,13.319999694824219,46.91999816894531,86.08999633789062,4.107999801635742,2.802000045776367
2005-05-20,13.140000343322754,46.79999923706055,86.62999725341797,4.125,2.825000047683716
2005-05-23,12.949999809265137,49.15999984741211,86.4000015258789,4.072000026702881,2.8450000286102295
2005-05-24,12.6899995803833,49.66999816894531,86.37000274658203,4.0370001792907715,2.881999969482422
2005-05-25,12.579999923706055,50.97999954223633,86.3499984741211,4.072000026702881,2.869999885559082
2005-05-26,12.239999771118164,51.0099983215332,86.8499984741211,4.080999851226807,2.867000102996826
2005-05-27,12.149999618530273,51.849998474121094,86.41999816894531,4.072999954223633,2.88700008392334
2005-05-30,12.149999618530273,51.849998474121094,86.41999816894531,4.072999954223633,2.88700008392334
2005-05-31,13.289999961853027,51.970001220703125,87.76000213623047,4.00600004196167,2.881999969482422
2005-06-01,12.359999656677246,54.599998474121094,88.11000061035156,3.9070000648498535,2.9070000648498535
2005-06-02,11.84000015258789,53.630001068115234,87.75,3.890000104904175,2.9079999923706055
2005-06-03,12.149999618530273,55.029998779296875,88.04000091552734,3.9790000915527344,2.930000066757202
2005-06-06,12.279999732971191,54.4900016784668,87.5999984741211,3.9619998931884766,2.931999921798706
2005-06-07,12.390000343322754,53.7599983215332,87.48999786376953,3.9110000133514404,2.947000026702881
2005-06-08,12.699999809265137,52.540000915527344,87.87999725341797,3.940000057220459,2.947000026702881
2005-06-09,12.079999923706055,54.279998779296875,88.06999969482422,3.9649999141693115,2.927000045776367
2005-06-10,11.960000038146973,53.540000915527344,88.69000244140625,4.046999931335449,2.937000036239624
2005-06-13,11.649999618530273,55.619998931884766,88.94999694824219,4.085999965667725,2.937000036239624
2005-06-14,11.789999961853027,55.0,89.26000213623047,4.126999855041504,2.9619998931884766
2005-06-15,11.460000038146973,55.56999969482422,88.6500015258789,4.114999771118164,2.9549999237060547
2005-06-16,11.149999618530273,56.58000183105469,88.72000122070312,4.076000213623047,2.9019999504089355
2005-06-17,11.479999542236328,58.470001220703125,87.7300033569336,4.078000068664551,2.9130001068115234
2005-06-20,11.470000267028809,59.369998931884766,88.48999786376953,4.103000164031982,2.9200000762939453
2005-06-21,11.079999923706055,58.900001525878906,88.18000030517578,4.048999786376953,2.950000047683716
2005-06-22,11.050000190734863,58.09000015258789,88.55999755859375,3.944999933242798,2.9619998931884766
2005-06-23,12.130000114440918,59.41999816894531,89.12000274658203,3.9590001106262207,3.0
2005-06-24,12.180000305175781,59.84000015258789,88.77999877929688,3.9140000343322754,3.0
2005-06-27,12.520000457763672,60.540000915527344,88.44999694824219,3.9019999504089355,3.0350000858306885
2005-06-28,11.579999923706055,58.20000076293945,88.98999786376953,3.9760000705718994,3.075000047683716
2005-06-29,11.770000457763672,57.2599983215332,89.11000061035156,3.990000009536743,3.062999963760376
2005-06-30,12.039999961853027,56.5,89.11000061035156,3.944999933242798,3.059999942779541
2005-07-01,11.399999618530273,58.75,90.12999725341797,4.048999786376953,3.0899999141693115
2005-07-04,11.399999618530273,58.75,90.43000030517578,4.048999786376953,3.0899999141693115
2005-07-05,11.680000305175781,59.59000015258789,90.44000244140625,4.098999977111816,3.13700008392334
2005-07-06,12.270000457763672,61.279998779296875,90.37999725341797,4.074999809265137,3.119999885559082
2005-07-07,12.489999771118164,60.72999954223633,90.27999877929688,4.031000137329102,3.0799999237060547
2005-07-08,11.449999809265137,59.630001068115234,90.25,4.109000205993652,3.0950000286102295
2005-07-11,11.279999732971191,58.91999816894531,89.45999908447266,4.1020002365112305,3.0950000286102295
2005-07-12,10.949999809265137,60.619998931884766,88.41000366210938,4.140999794006348,3.134999990463257
2005-07-13,10.84000015258789,60.0099983215332,89.30999755859375,4.163000106811523,3.1449999809265137
2005-07-14,10.8100004196167,57.79999923706055,89.4000015258789,4.179999828338623,3.1519999504089355
2005-07-15,10.329999923706055,58.09000015258789,89.72000122070312,4.175000190734863,3.177999973297119
2005-07-18,10.770000457763672,57.31999969482422,89.63999938964844,4.2230000495910645,3.180000066757202
2005-07-19,10.449999809265137,57.459999084472656,89.8499984741211,4.189000129699707,3.2219998836517334
2005-07-20,10.229999542236328,56.720001220703125,89.33999633789062,4.177000045776367,3.2279999256134033
2005-07-21,10.970000267028809,57.130001068115234,88.93000030517578,4.2820000648498535,3.2679998874664307
2005-07-22,10.520000457763672,58.650001525878906,89.63999938964844,4.2230000495910645,3.2929999828338623
2005-07-25,11.100000381469727,59.0,89.5999984741211,4.247000217437744,3.315000057220459
2005-07-26,10.989999771118164,59.20000076293945,90.0,4.238999843597412,3.3589999675750732
2005-07-27,10.359999656677246,59.11000061035156,89.7300033569336,4.261000156402588,3.325000047683716
2005-07-28,10.520000457763672,59.939998626708984,89.33999633789062,4.196000099182129,3.315000057220459
2005-07-29,11.569999694824219,60.56999969482422,89.3499984741211,4.285999774932861,3.3320000171661377
2005-08-01,12.079999923706055,61.56999969482422,88.80000305175781,4.318999767303467,3.3550000190734863
2005-08-02,11.75,61.88999938964844,88.76000213623047,4.335999965667725,3.4019999504089355
2005-08-03,11.829999923706055,60.86000061035156,87.98999786376953,4.300000190734863,3.384999990463257
2005-08-04,12.520000457763672,61.380001068115234,87.80000305175781,4.318999767303467,3.380000114440918
2005-08-05,12.479999542236328,62.310001373291016,88.05999755859375,4.392000198364258,3.437000036239624
2005-08-08,13.210000038146973,63.939998626708984,87.91999816894531,4.419000148773193,3.427999973297119
2005-08-09,12.399999618530273,63.06999969482422,87.88999938964844,4.394000053405762,3.434999942779541
2005-08-10,12.380000114440918,64.9000015258789,87.61000061035156,4.4039998054504395,3.434000015258789
2005-08-11,12.420000076293945,65.80000305175781,87.0999984741211,4.334000110626221,3.421999931335449
2005-08-12,12.739999771118164,66.86000061035156,86.9800033569336,4.23799991607666,3.433000087738037
2005-08-15,12.260000228881836,66.2699966430664,87.31999969482422,4.269999980926514,3.427000045776367
2005-08-16,13.520000457763672,66.08000183105469,87.43000030517578,4.2270002365112305,3.4519999027252197
2005-08-17,13.300000190734863,63.25,88.0,4.2729997634887695,3.434999942779541
2005-08-18,13.420000076293945,63.27000045776367,88.58999633789062,4.216000080108643,3.4100000858306885
2005-08-19,13.420000076293945,65.3499984741211,88.58000183105469,4.210999965667725,3.427999973297119
2005-08-22,13.420000076293945,65.44999694824219,88.13999938964844,4.218999862670898,3.421999931335449
2005-08-23,13.34000015258789,65.70999908447266,88.08000183105469,4.186999797821045,3.440000057220459
2005-08-24,14.170000076293945,67.31999969482422,87.91000366210938,4.178999900817871,3.430000066757202
2005-08-25,13.729999542236328,67.48999786376953,87.63999938964844,4.159999847412109,3.434999942779541
2005-08-26,13.720000267028809,66.12999725341797,87.86000061035156,4.189000129699707,3.4670000076293945
2005-08-29,13.520000457763672,67.19999694824219,88.25,4.172999858856201,3.484999895095825
2005-08-30,13.649999618530273,69.80999755859375,88.3499984741211,4.090000152587891,3.4769999980926514
2005-08-31,12.600000381469727,68.94000244140625,87.58000183105469,4.019999980926514,3.430000066757202
2005-09-01,13.149999618530273,69.47000122070312,86.55000305175781,4.019000053405762,3.365000009536743
2005-09-02,13.569999694824219,67.56999969482422,86.30000305175781,4.0289998054504395,3.377000093460083
2005-09-05,13.569999694824219,67.56999969482422,86.30000305175781,4.0289998054504395,3.377000093460083
2005-09-06,12.930000305175781,65.95999908447266,86.56999969482422,4.085000038146973,3.4100000858306885
2005-09-07,12.520000457763672,64.37000274658203,86.97000122070312,4.138000011444092,3.4049999713897705
2005-09-08,12.930000305175781,64.48999786376953,87.04000091552734,4.138999938964844,3.3980000019073486
2005-09-09,11.979999542236328,64.08000183105469,86.88999938964844,4.123000144958496,3.3970000743865967
2005-09-12,11.649999618530273,63.33000183105469,87.70999908447266,4.169000148773193,3.4149999618530273
2005-09-13,12.390000343322754,63.11000061035156,87.75,4.133999824523926,3.4040000438690186
2005-09-14,12.90999984741211,65.08999633789062,87.66999816894531,4.168000221252441,3.3450000286102295
2005-09-15,12.489999771118164,64.75,88.12999725341797,4.214000225067139,3.3550000190734863
2005-09-16,11.220000267028809,63.0,88.05000305175781,4.26200008392334,3.4089999198913574
2005-09-19,12.140000343322754,67.38999938964844,88.44000244140625,4.247000217437744,3.440000057220459
2005-09-20,12.640000343322754,66.2300033569336,88.5999984741211,4.243000030517578,3.5250000953674316
2005-09-21,13.789999961853027,66.80000305175781,88.13999938964844,4.188000202178955,3.3420000076293945
2005-09-22,13.329999923706055,66.5,88.55999755859375,4.176000118255615,3.380000114440918
2005-09-23,12.960000038146973,64.19000244140625,89.20999908447266,4.248000144958496,3.390000104904175
2005-09-26,13.039999961853027,65.81999969482422,89.11000061035156,4.294000148773193,3.424999952316284
2005-09-27,12.760000228881836,65.06999969482422,89.5999984741211,4.301000118255615,3.4049999713897705
2005-09-28,12.630000114440918,66.3499984741211,89.47000122070312,4.26200008392334,3.38700008392334
2005-09-29,12.239999771118164,66.79000091552734,89.4000015258789,4.289000034332275,3.4579999446868896
2005-09-30,11.920000076293945,66.23999786376953,89.5199966430664,4.328000068664551,3.4700000286102295
2005-10-03,12.460000038146973,65.47000122070312,90.12999725341797,4.386000156402588,3.484999895095825
2005-10-04,13.199999809265137,63.900001525878906,90.0999984741211,4.375999927520752,3.5350000858306885
2005-10-05,14.550000190734863,62.790000915527344,89.9800033569336,4.361000061035156,3.490000009536743
2005-10-06,14.960000038146973,61.36000061035156,88.66000366210938,4.366000175476074,3.51200008392334
2005-10-07,14.59000015258789,61.84000015258789,89.16999816894531,4.361000061035156,3.5329999923706055
2005-10-10,15.550000190734863,61.79999923706055,89.45999908447266,4.361000061035156,3.5329999923706055
2005-10-11,15.630000114440918,63.529998779296875,89.97000122070312,4.383999824523926,3.559999942779541
2005-10-12,16.219999313354492,64.12000274658203,89.62999725341797,4.440999984741211,3.615000009536743
2005-10-13,16.469999313354492,63.08000183105469,89.80999755859375,4.474999904632568,3.6619999408721924
2005-10-14,14.869999885559082,62.630001068115234,89.3499984741211,4.491000175476074,3.7019999027252197
2005-10-17,14.670000076293945,64.36000061035156,89.80000305175781,4.488999843597412,3.697000026702881
2005-10-18,15.329999923706055,63.20000076293945,90.29000091552734,4.480999946594238,3.7699999809265137
2005-10-19,13.5,62.40999984741211,89.98999786376953,4.4629998207092285,3.756999969482422
2005-10-20,16.110000610351562,61.029998779296875,89.91000366210938,4.459000110626221,3.759999990463257
2005-10-21,16.1299991607666,60.630001068115234,90.30999755859375,4.389999866485596,3.765000104904175
2005-10-24,14.739999771118164,60.31999969482422,90.11000061035156,4.446000099182129,3.765000104904175
2005-10-25,14.529999732971191,62.439998626708984,89.23999786376953,4.507999897003174,3.8369998931884766
2005-10-26,14.59000015258789,60.65999984741211,89.48999786376953,4.591000080108643,3.805000066757202
2005-10-27,16.020000457763672,61.09000015258789,89.0999984741211,4.558000087738037,3.7920000553131104
2005-10-28,14.25,61.220001220703125,89.58999633789062,4.566999912261963,3.825000047683716
2005-10-31,15.319999694824219,59.7599983215332,90.06999969482422,4.559000015258789,3.805000066757202
2005-11-01,14.850000381469727,59.849998474121094,90.08000183105469,4.577000141143799,3.861999988555908
2005-11-02,13.479999542236328,59.75,89.72000122070312,4.610000133514404,3.8369998931884766
2005-11-03,13.0,61.779998779296875,90.44000244140625,4.644000053405762,3.8469998836517334
2005-11-04,13.170000076293945,60.58000183105469,91.26000213623047,4.6570000648498535,3.865000009536743
2005-11-07,13.100000381469727,59.470001220703125,91.29000091552734,4.638999938964844,3.8269999027252197
2005-11-08,13.079999923706055,59.709999084472656,91.37000274658203,4.565000057220459,3.861999988555908
2005-11-09,12.800000190734863,58.93000030517578,91.5,4.635000228881836,3.877000093460083
2005-11-10,11.899999618530273,57.79999923706055,92.08000183105469,4.564000129699707,3.871999979019165
2005-11-11,11.630000114440918,57.529998779296875,91.9800033569336,4.564000129699707,3.871999979019165
2005-11-14,12.180000305175781,57.689998626708984,92.12999725341797,4.604000091552734,3.881999969482422
2005-11-15,12.229999542236328,56.97999954223633,92.08999633789062,4.557000160217285,3.9149999618530273
2005-11-16,12.260000228881836,57.880001068115234,92.33000183105469,4.484000205993652,3.9119999408721924
2005-11-17,11.25,56.33000183105469,91.87999725341797,4.459000110626221,3.9119999408721924
2005-11-18,11.119999885559082,56.13999938964844,91.93000030517578,4.501999855041504,3.9119999408721924
2005-11-21,10.819999694824219,57.70000076293945,92.02999877929688,4.460999965667725,3.8949999809265137
2005-11-22,10.600000381469727,58.84000015258789,91.5,4.427999973297119,3.8320000171661377
2005-11-23,10.960000038146973,58.709999084472656,91.51000213623047,4.473999977111816,3.8519999980926514
2005-11-24,10.960000038146973,58.709999084472656,91.51000213623047,4.473999977111816,3.8519999980926514
2005-11-25,10.880000114440918,58.709999084472656,92.04000091552734,4.431000232696533,3.8519999980926514
2005-11-28,11.84000015258789,57.36000061035156,90.9800033569336,4.406000137329102,3.8299999237060547
2005-11-29,11.890000343322754,56.5,91.62000274658203,4.48199987411499,3.88700008392334
2005-11-30,12.0600004196167,57.31999969482422,91.56999969482422,4.5,3.8570001125335693
2005-12-01,11.239999771118164,58.470001220703125,91.81999969482422,4.520999908447266,3.877000093460083
2005-12-02,11.010000228881836,59.31999969482422,91.94999694824219,4.519000053405762,3.8919999599456787
2005-12-05,11.600000381469727,59.90999984741211,91.4800033569336,4.566999912261963,3.9100000858306885
2005-12-06,11.520000457763672,59.939998626708984,91.44000244140625,4.49399995803833,3.931999921798706
2005-12-07,12.180000305175781,59.209999084472656,91.88999938964844,4.517000198364258,3.930000066757202
2005-12-08,12.210000038146973,60.65999984741211,91.26000213623047,4.464000225067139,3.8450000286102295
2005-12-09,11.6899995803833,59.38999938964844,91.25,4.5370001792907715,3.8420000076293945
2005-12-12,11.470000267028809,61.29999923706055,90.3499984741211,4.546999931335449,3.825000047683716
2005-12-13,11.109999656677246,61.369998931884766,90.37999725341797,4.534999847412109,3.8269999027252197
2005-12-14,10.479999542236328,60.849998474121094,89.83000183105469,4.449999809265137,3.802000045776367
2005-12-15,10.729999542236328,59.9900016784668,90.0199966430664,4.4679999351501465,3.8399999141693115
2005-12-16,10.680000305175781,58.060001373291016,89.69999694824219,4.447999954223633,3.8320000171661377
2005-12-19,11.380000114440918,57.33000183105469,89.87000274658203,4.441999912261963,3.859999895095825
2005-12-20,11.1899995803833,57.97999954223633,90.77999877929688,4.466000080108643,3.88700008392334
2005-12-21,10.8100004196167,58.560001373291016,90.94000244140625,4.486000061035156,3.8919999599456787
2005-12-22,10.289999961853027,58.279998779296875,90.72000122070312,4.433000087738037,3.9019999504089355
2005-12-23,10.270000457763672,58.43000030517578,90.83999633789062,4.380000114440918,3.8949999809265137
2005-12-26,10.270000457763672,58.43000030517578,90.83999633789062,4.380000114440918,3.8949999809265137
2005-12-27,11.569999694824219,58.15999984741211,91.19000244140625,4.341000080108643,3.877000093460083
2005-12-28,11.350000381469727,59.81999969482422,91.26000213623047,4.377999782562256,3.861999988555908
2005-12-29,11.609999656677246,60.31999969482422,91.0999984741211,4.375999927520752,3.9119999408721924
2005-12-30,12.069999694824219,61.040000915527344,91.16999816894531,4.394999980926514,3.984999895095825
2006-01-02,12.069999694824219,61.040000915527344,91.16999816894531,4.394999980926514,3.984999895095825
2006-01-03,11.140000343322754,63.13999938964844,89.83999633789062,4.369999885559082,4.019999980926514
2006-01-04,11.369999885559082,63.41999816894531,89.13999938964844,4.355999946594238,4.081999778747559
2006-01-05,11.3100004196167,62.790000915527344,89.33000183105469,4.355999946594238,4.090000152587891
2006-01-06,11.0,64.20999908447266,88.8499984741211,4.379000186920166,4.10699987411499
2006-01-09,11.130000114440918,63.5,89.25,4.379000186920166,4.117000102996826
2006-01-10,10.859999656677246,63.369998931884766,89.33000183105469,4.427999973297119,4.177000045776367
2006-01-11,10.9399995803833,63.939998626708984,88.98999786376953,4.458000183105469,4.191999912261963
2006-01-12,11.199999809265137,63.939998626708984,89.44000244140625,4.409999847412109,4.204999923706055
2006-01-13,11.229999542236328,63.91999816894531,88.88999938964844,4.349999904632568,4.21999979019165
2006-01-16,11.229999542236328,63.91999816894531,88.88999938964844,4.349999904632568,4.21999979019165
2006-01-17,11.90999984741211,66.30999755859375,89.30000305175781,4.331999778747559,4.23199987411499
2006-01-18,12.25,65.7300033569336,89.26000213623047,4.340000152587891,4.247000217437744
2006-01-19,11.979999542236328,66.83000183105469,89.38999938964844,4.379000186920166,4.242000102996826
2006-01-20,14.5600004196167,68.3499984741211,88.94999694824219,4.361000061035156,4.251999855041504
2006-01-23,13.930000305175781,68.0999984741211,87.94999694824219,4.35699987411499,4.247000217437744
2006-01-24,13.3100004196167,67.05999755859375,88.05999755859375,4.389999866485596,4.295000076293945
2006-01-25,12.869999885559082,65.8499984741211,88.33000183105469,4.479000091552734,4.307000160217285
2006-01-26,12.420000076293945,66.26000213623047,88.62000274658203,4.5229997634887695,4.331999778747559
2006-01-27,11.970000267028809,67.76000213623047,89.31999969482422,4.502999782562256,4.336999893188477
2006-01-30,12.390000343322754,68.3499984741211,89.41999816894531,4.534999847412109,4.3420000076293945
2006-01-31,12.949999809265137,67.91999816894531,88.95999908447266,4.5269999504089355,4.369999885559082
2006-02-01,12.359999656677246,66.55999755859375,89.51000213623047,4.560999870300293,4.361999988555908
2006-02-02,13.229999542236328,64.68000030517578,89.37000274658203,4.560999870300293,4.361999988555908
2006-02-03,12.960000038146973,65.37000274658203,89.88999938964844,4.5329999923706055,4.361999988555908
2006-02-06,13.039999961853027,65.11000061035156,90.29000091552734,4.545000076293945,4.3470001220703125
2006-02-07,13.59000015258789,63.09000015258789,90.23999786376953,4.566999912261963,4.381999969482422
2006-02-08,12.829999923706055,62.54999923706055,90.43000030517578,4.59499979019165,4.392000198364258
2006-02-09,13.119999885559082,62.619998931884766,90.29000091552734,4.540999889373779,4.396999835968018
2006-02-10,12.869999885559082,61.84000015258789,90.55000305175781,4.580999851226807,4.425000190734863
2006-02-13,13.350000381469727,61.2400016784668,90.54000091552734,4.583000183105469,4.421999931335449
2006-02-14,12.25,59.56999969482422,90.54000091552734,4.613999843597412,4.447000026702881
2006-02-15,12.3100004196167,57.70000076293945,90.72000122070312,4.605999946594238,4.432000160217285
2006-02-16,11.479999542236328,58.459999084472656,90.7300033569336,4.5960001945495605,4.429999828338623
2006-02-17,12.010000228881836,59.880001068115234,90.63999938964844,4.540999889373779,4.427000045776367
2006-02-20,12.010000228881836,59.880001068115234,90.63999938964844,4.540999889373779,4.427000045776367
2006-02-21,12.40999984741211,61.099998474121094,90.55000305175781,4.563000202178955,4.445000171661377
2006-02-22,11.880000114440918,61.0099983215332,90.66999816894531,4.531000137329102,4.452000141143799
2006-02-23,11.869999885559082,60.540000915527344,90.38999938964844,4.566999912261963,4.4770002365112305
2006-02-24,11.460000038146973,62.90999984741211,90.61000061035156,4.566999912261963,4.48199987411499
2006-02-27,11.59000015258789,61.0,90.62999725341797,4.590000152587891,4.489999771118164
2006-02-28,12.34000015258789,61.40999984741211,90.11000061035156,4.546999931335449,4.506999969482422
2006-03-01,11.539999961853027,61.970001220703125,90.22000122070312,4.589000225067139,4.486999988555908
2006-03-02,11.720000267028809,63.36000061035156,89.55999755859375,4.638000011444092,4.486999988555908
2006-03-03,11.960000038146973,63.66999816894531,89.66000366210938,4.684000015258789,4.492000102996826
2006-03-06,12.739999771118164,62.40999984741211,89.88999938964844,4.73799991607666,4.465000152587891
2006-03-07,12.65999984741211,61.58000183105469,90.7699966430664,4.736000061035156,4.48199987411499
2006-03-08,12.319999694824219,60.02000045776367,90.62000274658203,4.734000205993652,4.485000133514404
2006-03-09,12.680000305175781,60.470001220703125,90.75,4.730000019073486,4.474999904632568
2006-03-10,11.850000381469727,59.959999084472656,90.8499984741211,4.755000114440918,4.489999771118164
2006-03-13,11.369999885559082,61.77000045776367,90.54000091552734,4.775000095367432,4.492000102996826
2006-03-14,10.739999771118164,63.099998474121094,90.0,4.696000099182129,4.4770002365112305
2006-03-15,11.350000381469727,62.16999816894531,89.69999694824219,4.730999946594238,4.5
2006-03-16,11.979999542236328,63.58000183105469,89.06999969482422,4.645999908447266,4.492000102996826
2006-03-17,12.119999885559082,62.77000045776367,88.91999816894531,4.673999786376953,4.517000198364258
2006-03-20,11.789999961853027,60.41999816894531,89.12999725341797,4.656000137329102,4.53000020980835
2006-03-21,11.619999885559082,60.56999969482422,89.62000274658203,4.7170000076293945,4.566999912261963
2006-03-22,11.210000038146973,61.77000045776367,89.72000122070312,4.703000068664551,4.566999912261963
2006-03-23,11.170000076293945,63.90999984741211,90.45999908447266,4.738999843597412,4.546999931335449
2006-03-24,11.1899995803833,64.26000213623047,90.06999969482422,4.675000190734863,4.534999847412109
2006-03-27,11.460000038146973,64.16000366210938,90.06999969482422,4.701000213623047,4.517000198364258
2006-03-28,11.579999923706055,66.06999969482422,90.25,4.7779998779296875,4.5269999504089355
2006-03-29,10.949999809265137,66.44999694824219,90.25,4.809999942779541,4.501999855041504
2006-03-30,11.569999694824219,67.1500015258789,89.38999938964844,4.855000019073486,4.485000133514404
2006-03-31,11.390000343322754,66.62999725341797,89.7300033569336,4.853000164031982,4.514999866485596
2006-04-03,11.569999694824219,66.73999786376953,89.62999725341797,4.874000072479248,4.5269999504089355
2006-04-04,11.140000343322754,66.2300033569336,88.83000183105469,4.872000217437744,4.552000045776367
2006-04-05,11.130000114440918,67.06999969482422,88.62999725341797,4.839000225067139,4.546999931335449
2006-04-06,11.449999809265137,67.94000244140625,88.95999908447266,4.89300012588501,4.552000045776367
2006-04-07,12.260000228881836,67.38999938964844,89.62999725341797,4.9629998207092285,4.561999797821045
2006-04-10,12.1899995803833,68.73999786376953,89.72000122070312,4.9629998207092285,4.566999912261963
2006-04-11,13.0,68.9800033569336,89.44000244140625,4.932000160217285,4.572000026702881
2006-04-12,12.760000228881836,68.62000274658203,89.62000274658203,4.97599983215332,4.581999778747559
2006-04-13,12.380000114440918,69.31999969482422,89.62000274658203,5.035999774932861,4.577000141143799
2006-04-14,12.380000114440918,69.31999969482422,89.62000274658203,5.035999774932861,4.577000141143799
2006-04-17,12.579999923706055,70.4000015258789,88.63999938964844,5.006999969482422,4.577000141143799
2006-04-18,11.399999618530273,71.3499984741211,88.23999786376953,4.973999977111816,4.5970001220703125
2006-04-19,11.319999694824219,72.16999816894531,87.79000091552734,5.0279998779296875,4.6020002365112305
2006-04-20,11.640000343322754,71.94999694824219,88.25,5.039000034332275,4.6020002365112305
2006-04-21,11.59000015258789,75.16999816894531,88.05000305175781,5.01200008392334,4.625
2006-04-24,11.75,73.33000183105469,87.44999694824219,4.985000133514404,4.622000217437744
2006-04-25,11.75,72.87999725341797,87.31999969482422,5.071000099182129,4.65500020980835
2006-04-26,11.760000228881836,71.93000030517578,87.22000122070312,5.105000019073486,4.6570000648498535
2006-04-27,11.84000015258789,70.97000122070312,86.62999725341797,5.084000110626221,4.6570000648498535
2006-04-28,11.59000015258789,71.87999725341797,86.11000061035156,5.068999767303467,4.650000095367432
2006-05-01,12.539999961853027,73.69999694824219,85.97000122070312,5.13100004196167,4.646999835968018
2006-05-02,11.989999771118164,74.61000061035156,85.79000091552734,5.110000133514404,4.682000160217285
2006-05-03,11.989999771118164,72.27999877929688,85.83999633789062,5.144000053405762,4.697000026702881
2006-05-04,11.859999656677246,69.94000244140625,85.83999633789062,5.150000095367432,4.671999931335449
2006-05-05,11.619999885559082,70.19000244140625,85.12000274658203,5.107999801635742,4.695000171661377
2006-05-08,12.0,69.7699966430664,85.2300033569336,5.11899995803833,4.699999809265137
2006-05-09,11.989999771118164,70.69000244140625,84.83000183105469,5.125,4.755000114440918
2006-05-10,11.779999732971191,72.12999725341797,84.5,5.125,4.751999855041504
2006-05-11,12.489999771118164,73.31999969482422,84.2699966430664,5.15500020980835,4.695000171661377
2006-05-12,14.1899995803833,72.04000091552734,83.95999908447266,5.185999870300293,4.706999778747559
2006-05-15,13.569999694824219,69.41000366210938,84.54000091552734,5.1529998779296875,4.697000026702881
2006-05-16,13.350000381469727,69.52999877929688,84.16999816894531,5.105000019073486,4.706999778747559
2006-05-17,16.260000228881836,68.69999694824219,84.8499984741211,5.1529998779296875,4.706999778747559
2006-05-18,16.989999771118164,69.44999694824219,84.51000213623047,5.072999954223633,4.706999778747559
2006-05-19,17.18000030517578,68.52999877929688,84.87999725341797,5.053999900817871,4.697000026702881
2006-05-22,17.719999313354492,69.2300033569336,84.3499984741211,5.035999774932861,4.682000160217285
2006-05-23,18.260000228881836,71.76000213623047,84.3499984741211,5.065999984741211,4.711999893188477
2006-05-24,17.360000610351562,69.86000061035156,84.94999694824219,5.033999919891357,4.702000141143799
2006-05-25,15.5,71.31999969482422,84.6500015258789,5.073999881744385,4.697000026702881
2006-05-26,14.260000228881836,71.37000274658203,85.26000213623047,5.052000045776367,4.711999893188477
2006-05-29,14.260000228881836,71.37000274658203,85.26000213623047,5.052000045776367,4.711999893188477
2006-05-30,18.65999984741211,72.02999877929688,84.27999877929688,5.085999965667725,4.697000026702881
2006-05-31,16.440000534057617,71.29000091552734,84.72000122070312,5.11299991607666,4.715000152587891
2006-06-01,14.520000457763672,70.33999633789062,84.79000091552734,5.107999801635742,4.706999778747559
2006-06-02,14.319999694824219,72.33000183105469,84.05000305175781,4.99399995803833,4.682000160217285
2006-06-05,16.649999618530273,72.5999984741211,84.13999938964844,5.026000022888184,4.702000141143799
2006-06-06,17.34000015258789,72.5,84.7300033569336,5.00600004196167,4.736999988555908
2006-06-07,17.799999237060547,70.81999969482422,84.98999786376953,5.026000022888184,4.73199987411499
2006-06-08,18.350000381469727,70.3499984741211,85.91000366210938,4.992000102996826,4.735000133514404
2006-06-09,18.1200008392334,71.62999725341797,85.72000122070312,4.980999946594238,4.747000217437744
2006-06-12,20.959999084472656,70.36000061035156,85.8499984741211,4.986999988555908,4.7820000648498535
2006-06-13,23.809999465942383,68.55999755859375,86.43000030517578,4.960999965667725,4.771999835968018
2006-06-14,21.459999084472656,69.13999938964844,86.13999938964844,5.050000190734863,4.760000228881836
2006-06-15,15.899999618530273,69.5,86.0199966430664,5.0980000495910645,4.71999979019165
2006-06-16,17.25,69.87999725341797,85.91999816894531,5.127999782562256,4.744999885559082
2006-06-19,17.829999923706055,68.9800033569336,86.30999755859375,5.144999980926514,4.755000114440918
2006-06-20,16.690000534057617,68.94000244140625,86.18000030517578,5.1570000648498535,4.800000190734863
2006-06-21,15.520000457763672,70.33000183105469,85.77999877929688,5.15500020980835,4.784999847412109
2006-06-22,15.880000114440918,70.83999633789062,86.38999938964844,5.197999954223633,4.775000095367432
2006-06-23,15.890000343322754,70.87000274658203,86.81999969482422,5.228000164031982,4.835000038146973
2006-06-26,15.619999885559082,71.80000305175781,86.48999786376953,5.238999843597412,4.849999904632568
2006-06-27,16.399999618530273,71.91999816894531,86.47000122070312,5.210000038146973,4.909999847412109
2006-06-28,15.789999961853027,72.19000244140625,86.62999725341797,5.244999885559082,4.869999885559082
2006-06-29,13.029999732971191,73.5199966430664,85.87000274658203,5.199999809265137,4.864999771118164
2006-06-30,13.079999923706055,73.9800033569336,85.22000122070312,5.138000011444092,4.860000133514404
2006-07-03,13.050000190734863,73.9800033569336,85.18000030517578,5.151000022888184,4.885000228881836
2006-07-04,13.050000190734863,73.9800033569336,85.18000030517578,5.151000022888184,4.885000228881836
2006-07-05,14.149999618530273,75.19000244140625,85.5999984741211,5.2270002365112305,4.869999885559082
2006-07-06,13.649999618530273,75.13999938964844,85.3499984741211,5.184999942779541,4.869999885559082
2006-07-07,13.970000267028809,74.08999633789062,84.9800033569336,5.131999969482422,4.875
2006-07-10,14.020000457763672,73.61000061035156,85.5,5.130000114440918,4.875
2006-07-11,13.140000343322754,74.16000366210938,85.36000061035156,5.099999904632568,4.914999961853027
2006-07-12,14.489999771118164,74.94999694824219,85.91000366210938,5.099999904632568,4.925000190734863
2006-07-13,17.790000915527344,76.69999694824219,85.79000091552734,5.071000099182129,4.914999961853027
2006-07-14,18.049999237060547,77.02999877929688,86.08999633789062,5.059000015258789,4.914999961853027
2006-07-17,18.639999389648438,75.30000305175781,86.95999908447266,5.068999767303467,4.940000057220459
2006-07-18,17.739999771118164,73.54000091552734,87.01000213623047,5.130000114440918,5.0
2006-07-19,15.550000190734863,72.66000366210938,86.45999908447266,5.059000015258789,4.96999979019165
2006-07-20,16.209999084472656,73.08000183105469,86.22000122070312,5.0279998779296875,4.945000171661377
2006-07-21,17.399999618530273,74.43000030517578,85.93000030517578,5.045000076293945,4.945000171661377
2006-07-24,14.979999542236328,75.05000305175781,86.33999633789062,5.044000148773193,4.945000171661377
2006-07-25,14.850000381469727,73.75,86.63999938964844,5.065000057220459,5.0
2006-07-26,14.619999885559082,73.94000244140625,85.93000030517578,5.035999774932861,4.96999979019165
2006-07-27,14.9399995803833,74.54000091552734,85.87000274658203,5.039999961853027,4.954999923706055
2006-07-28,14.329999923706055,73.23999786376953,85.44000244140625,4.989999771118164,4.920000076293945
2006-07-31,14.949999809265137,74.4000015258789,85.30000305175781,4.98799991607666,4.934999942779541
2006-08-01,15.050000190734863,74.91000366210938,85.05000305175781,4.982999801635742,4.985000133514404
2006-08-02,14.34000015258789,75.80999755859375,85.05000305175781,4.960999965667725,4.965000152587891
2006-08-03,14.460000038146973,75.45999908447266,85.0199966430664,4.951000213623047,4.96999979019165
2006-08-04,14.34000015258789,74.76000213623047,84.56999969482422,4.901000022888184,4.945000171661377
2006-08-07,15.229999542236328,76.9800033569336,84.75,4.921000003814697,4.96999979019165
2006-08-08,15.229999542236328,76.30999755859375,84.66000366210938,4.922999858856201,4.974999904632568
2006-08-09,15.199999809265137,76.3499984741211,84.70999908447266,4.936999797821045,4.934999942779541
2006-08-10,14.460000038146973,74.0,85.08000183105469,4.927000045776367,4.914999961853027
2006-08-11,14.300000190734863,74.3499984741211,85.5199966430664,4.9670000076293945,4.934999942779541
2006-08-14,14.260000228881836,73.52999877929688,85.63999938964844,5.000999927520752,4.954999923706055
2006-08-15,13.420000076293945,73.05000305175781,85.22000122070312,4.931000232696533,4.960000038146973
2006-08-16,12.40999984741211,71.88999938964844,84.87999725341797,4.870999813079834,4.929999828338623
2006-08-17,12.239999771118164,70.05999755859375,85.04000091552734,4.867000102996826,4.954999923706055
2006-08-18,11.640000343322754,71.13999938964844,85.08999633789062,4.835000038146973,4.960000038146973
2006-08-21,12.220000267028809,72.44999694824219,84.62999725341797,4.818999767303467,4.954999923706055
2006-08-22,12.1899995803833,72.62999725341797,85.18000030517578,4.810999870300293,4.965000152587891
2006-08-23,12.399999618530273,71.76000213623047,85.12999725341797,4.818999767303467,4.960000038146973
2006-08-24,12.399999618530273,72.36000061035156,85.27999877929688,4.802999973297119,4.954999923706055
2006-08-25,12.3100004196167,72.51000213623047,85.37999725341797,4.790999889373779,4.965000152587891
2006-08-28,12.180000305175781,70.61000061035156,85.2300033569336,4.796999931335449,4.960000038146973
2006-08-29,12.279999732971191,69.70999908447266,84.91000366210938,4.7829999923706055,4.934999942779541
2006-08-30,12.220000267028809,70.02999877929688,84.97000122070312,4.763000011444092,4.920000076293945
2006-08-31,12.3100004196167,70.26000213623047,85.05000305175781,4.73199987411499,4.90500020980835
2006-09-01,11.960000038146973,69.19000244140625,84.94000244140625,4.72599983215332,4.885000228881836
2006-09-04,11.960000038146973,68.0199966430664,84.94000244140625,4.72599983215332,4.885000228881836
2006-09-05,12.630000114440918,68.5999984741211,85.0,4.781000137329102,4.849999904632568
2006-09-06,13.739999771118164,67.5,85.0999984741211,4.801000118255615,4.829999923706055
2006-09-07,13.880000114440918,67.31999969482422,85.52999877929688,4.795000076293945,4.829999923706055
2006-09-08,13.15999984741211,66.25,85.94999694824219,4.770999908447266,4.800000190734863
2006-09-11,12.989999771118164,65.61000061035156,85.91999816894531,4.798999786376953,4.809999942779541
2006-09-12,11.920000076293945,63.7599983215332,85.91999816894531,4.7729997634887695,4.78000020980835
2006-09-13,11.180000305175781,63.970001220703125,85.87000274658203,4.764999866485596,4.78000020980835
2006-09-14,11.550000190734863,63.220001220703125,85.66000366210938,4.793000221252441,4.809999942779541
2006-09-15,11.760000228881836,63.33000183105469,85.98999786376953,4.797999858856201,4.815000057220459
2006-09-18,11.779999732971191,63.79999923706055,85.80999755859375,4.809999942779541,4.804999828338623
2006-09-19,11.979999542236328,61.65999984741211,85.94000244140625,4.736999988555908,4.820000171661377
2006-09-20,11.390000343322754,60.459999084472656,85.80999755859375,4.729000091552734,4.809999942779541
2006-09-21,12.25,61.59000015258789,85.18000030517578,4.6479997634887695,4.784999847412109
2006-09-22,12.59000015258789,60.54999923706055,85.19999694824219,4.5970001220703125,4.789999961853027
2006-09-25,12.119999885559082,61.45000076293945,85.29000091552734,4.554999828338623,4.769999980926514
2006-09-26,11.529999732971191,61.0099983215332,85.62999725341797,4.585000038146973,4.755000114440918
2006-09-27,11.579999923706055,62.959999084472656,85.66000366210938,4.593999862670898,4.75
2006-09-28,11.720000267028809,62.7599983215332,85.72000122070312,4.625999927520752,4.739999771118164
2006-09-29,11.979999542236328,62.90999984741211,85.97000122070312,4.632999897003174,4.760000228881836
2006-10-02,12.569999694824219,61.029998779296875,85.58999633789062,4.618000030517578,4.760000228881836
2006-10-03,12.239999771118164,58.68000030517578,85.70999908447266,4.616000175476074,4.775000095367432
2006-10-04,11.859999656677246,59.40999984741211,85.83999633789062,4.565000057220459,4.795000076293945
2006-10-05,11.979999542236328,60.029998779296875,85.91999816894531,4.607999801635742,4.800000190734863
2006-10-06,11.5600004196167,59.7599983215332,86.44000244140625,4.696000099182129,4.809999942779541
2006-10-09,11.680000305175781,59.959999084472656,86.5199966430664,4.696000099182129,4.809999942779541
2006-10-10,11.520000457763672,58.52000045776367,87.0199966430664,4.748000144958496,4.855000019073486
2006-10-11,11.619999885559082,57.59000015258789,87.12000274658203,4.783999919891357,4.885000228881836
2006-10-12,11.09000015258789,57.86000061035156,86.91999816894531,4.7779998779296875,4.920000076293945
2006-10-13,10.75,58.56999969482422,87.12000274658203,4.806000232696533,4.920000076293945
2006-10-16,11.09000015258789,59.939998626708984,87.0,4.788000106811523,4.929999828338623
2006-10-17,11.729999542236328,58.93000030517578,86.87000274658203,4.7779998779296875,4.949999809265137
2006-10-18,11.34000015258789,57.650001525878906,86.87999725341797,4.763999938964844,4.949999809265137
2006-10-19,10.899999618530273,58.5,86.23999786376953,4.785999774932861,4.960000038146973
2006-10-20,10.630000114440918,56.81999969482422,86.2699966430664,4.783999919891357,4.949999809265137
2006-10-23,11.079999923706055,58.810001373291016,86.70999908447266,4.826000213623047,4.96999979019165
2006-10-24,10.779999732971191,59.349998474121094,86.62999725341797,4.823999881744385,4.989999771118164
2006-10-25,10.65999984741211,61.400001525878906,86.37999725341797,4.7729997634887695,4.985000133514404
2006-10-26,10.5600004196167,60.36000061035156,85.88999938964844,4.7210001945495605,4.974999904632568
2006-10-27,10.800000190734863,60.75,85.55999755859375,4.675000190734863,4.965000152587891
2006-10-30,11.199999809265137,58.36000061035156,85.58999633789062,4.672999858856201,4.945000171661377
2006-10-31,11.100000381469727,58.72999954223633,85.31999969482422,4.605999946594238,4.940000057220459
2006-11-01,11.510000228881836,58.709999084472656,85.31999969482422,4.560999870300293,4.934999942779541
2006-11-02,11.420000076293945,57.880001068115234,85.33999633789062,4.5960001945495605,4.934999942779541
2006-11-03,11.15999984741211,59.13999938964844,85.70999908447266,4.715000152587891,4.954999923706055
2006-11-06,11.15999984741211,60.02000045776367,85.75,4.709000110626221,4.940000057220459
2006-11-07,11.09000015258789,58.93000030517578,85.43000030517578,4.658999919891357,4.945000171661377
2006-11-08,10.75,59.83000183105469,85.41000366210938,4.632999897003174,4.960000038146973
2006-11-09,11.010000228881836,61.15999984741211,85.18000030517578,4.632999897003174,4.960000038146973
2006-11-10,10.789999961853027,59.59000015258789,85.05000305175781,4.585999965667725,4.954999923706055
2006-11-13,10.859999656677246,58.58000183105469,85.36000061035156,4.605000019073486,4.945000171661377
2006-11-14,10.5,58.279998779296875,85.23999786376953,4.567999839782715,4.954999923706055
2006-11-15,10.3100004196167,58.7599983215332,85.33999633789062,4.614999771118164,4.949999809265137
2006-11-16,10.15999984741211,56.2599983215332,85.5,4.65500020980835,4.954999923706055
2006-11-17,10.050000190734863,55.810001373291016,85.37000274658203,4.60699987411499,4.945000171661377
2006-11-20,9.970000267028809,58.79999923706055,85.41999816894531,4.59499979019165,4.925000190734863
2006-11-21,9.899999618530273,60.16999816894531,85.23999786376953,4.578000068664551,4.929999828338623
2006-11-22,10.140000343322754,59.2400016784668,84.6500015258789,4.567999839782715,4.920000076293945
2006-11-23,10.140000343322754,59.2400016784668,84.4800033569336,4.567999839782715,4.920000076293945
2006-11-24,10.729999542236328,59.2400016784668,83.70999908447266,4.547999858856201,4.90500020980835
2006-11-27,12.300000190734863,60.31999969482422,83.51000213623047,4.538000106811523,4.90500020980835
2006-11-28,11.619999885559082,60.9900016784668,83.20999908447266,4.508999824523926,4.90500020980835
2006-11-29,10.829999923706055,62.459999084472656,83.44000244140625,4.520999908447266,4.90500020980835
2006-11-30,10.90999984741211,63.130001068115234,82.91999816894531,4.458000183105469,4.889999866485596
2006-12-01,11.65999984741211,63.43000030517578,82.4800033569336,4.425000190734863,4.889999866485596
2006-12-04,11.229999542236328,62.439998626708984,82.48999786376953,4.433000087738037,4.869999885559082
2006-12-05,11.270000457763672,62.43000030517578,82.44999694824219,4.441999912261963,4.849999904632568
2006-12-06,11.329999923706055,62.189998626708984,82.7699966430664,4.480999946594238,4.855000019073486
2006-12-07,12.670000076293945,62.4900016784668,82.80000305175781,4.482999801635742,4.840000152587891
2006-12-08,12.069999694824219,62.029998779296875,83.33000183105469,4.552000045776367,4.829999923706055
2006-12-11,10.710000038146973,61.220001220703125,83.12000274658203,4.519999980926514,4.815000057220459
2006-12-12,10.649999618530273,61.02000045776367,82.97000122070312,4.491000175476074,4.804999828338623
2006-12-13,10.180000305175781,61.369998931884766,82.97000122070312,4.577000141143799,4.815000057220459
2006-12-14,9.970000267028809,62.5099983215332,83.6500015258789,4.59499979019165,4.815000057220459
2006-12-15,10.050000190734863,63.43000030517578,84.05999755859375,4.5970001220703125,4.775000095367432
2006-12-18,10.600000381469727,62.209999084472656,83.9800033569336,4.586999893188477,4.804999828338623
2006-12-19,10.300000190734863,63.150001525878906,83.45999908447266,4.598999977111816,4.829999923706055
2006-12-20,10.260000228881836,63.720001220703125,83.5199966430664,4.59499979019165,4.835000038146973
2006-12-21,10.529999732971191,62.65999984741211,83.56999969482422,4.548999786376953,4.835000038146973
2006-12-22,11.359999656677246,62.40999984741211,83.94000244140625,4.624000072479248,4.849999904632568
2006-12-25,11.359999656677246,62.40999984741211,83.94000244140625,4.624000072479248,4.849999904632568
2006-12-26,11.260000228881836,61.099998474121094,84.06999969482422,4.603000164031982,4.849999904632568
2006-12-27,10.640000343322754,60.34000015258789,83.94000244140625,4.6539998054504395,4.84499979019165
2006-12-28,10.989999771118164,60.529998779296875,83.81999969482422,4.690000057220459,4.864999771118164
2006-12-29,11.5600004196167,61.04999923706055,83.72000122070312,4.710000038146973,4.885000228881836
2007-01-01,11.5600004196167,61.04999923706055,83.72000122070312,4.710000038146973,4.885000228881836
2007-01-02,11.5600004196167,61.04999923706055,83.19999694824219,4.710000038146973,4.885000228881836
2007-01-03,12.039999961853027,58.31999969482422,83.91999816894531,4.664000034332275,4.914999961853027
2007-01-04,11.510000228881836,55.59000015258789,84.31999969482422,4.618000030517578,4.900000095367432
2007-01-05,12.140000343322754,56.310001373291016,84.62999725341797,4.645999908447266,4.909999847412109
2007-01-08,12.0,56.09000015258789,84.5999984741211,4.659999847412109,4.909999847412109
2007-01-09,11.90999984741211,55.63999938964844,84.73999786376953,4.656000137329102,4.945000171661377
2007-01-10,11.470000267028809,54.02000045776367,85.08000183105469,4.682000160217285,4.949999809265137
2007-01-11,10.869999885559082,51.880001068115234,85.30999755859375,4.736999988555908,4.965000152587891
2007-01-12,10.149999618530273,52.9900016784668,85.02999877929688,4.770999908447266,4.954999923706055
2007-01-15,10.149999618530273,52.9900016784668,85.02999877929688,4.770999908447266,4.954999923706055
2007-01-16,10.739999771118164,51.209999084472656,85.05000305175781,4.750999927520752,4.954999923706055
2007-01-17,10.59000015258789,52.2400016784668,84.9800033569336,4.7870001792907715,4.980000019073486
2007-01-18,10.850000381469727,50.47999954223633,84.91000366210938,4.750999927520752,4.980000019073486
2007-01-19,10.399999618530273,51.9900016784668,84.86000061035156,4.7729997634887695,5.0
2007-01-22,10.770000457763672,51.130001068115234,85.0199966430664,4.758999824523926,4.989999771118164
2007-01-23,10.34000015258789,55.040000915527344,84.66999816894531,4.803999900817871,5.005000114440918
2007-01-24,9.890000343322754,55.369998931884766,84.94000244140625,4.809999942779541,4.989999771118164
2007-01-25,11.220000267028809,54.22999954223633,85.11000061035156,4.867000102996826,5.0
2007-01-26,11.130000114440918,55.41999816894531,85.27999877929688,4.879000186920166,4.994999885559082
2007-01-29,11.449999809265137,54.0099983215332,85.0999984741211,4.892000198364258,4.994999885559082
2007-01-30,10.960000038146973,56.970001220703125,85.02999877929688,4.875,4.994999885559082
2007-01-31,10.420000076293945,58.13999938964844,84.61000061035156,4.826000213623047,4.974999904632568
2007-02-01,10.3100004196167,57.29999923706055,84.62999725341797,4.836999893188477,4.989999771118164
2007-02-02,10.079999923706055,59.02000045776367,84.95999908447266,4.827000141143799,5.0
2007-02-05,10.550000190734863,58.7400016784668,85.08000183105469,4.808000087738037,4.994999885559082
2007-02-06,10.649999618530273,58.880001068115234,84.77999877929688,4.764999866485596,5.010000228881836
2007-02-07,10.319999694824219,57.709999084472656,84.75,4.744999885559082,5.010000228881836
2007-02-08,10.4399995803833,59.709999084472656,84.69999694824219,4.730000019073486,5.014999866485596
2007-02-09,11.100000381469727,59.88999938964844,84.87000274658203,4.783999919891357,5.014999866485596
2007-02-12,11.609999656677246,57.810001373291016,85.1500015258789,4.803999900817871,5.019999980926514
2007-02-13,10.34000015258789,59.060001373291016,84.7300033569336,4.814000129699707,5.025000095367432
2007-02-14,10.229999542236328,58.0,84.19999694824219,4.730000019073486,5.010000228881836
2007-02-15,10.220000267028809,57.9900016784668,84.01000213623047,4.705999851226807,5.019999980926514
2007-02-16,10.020000457763672,59.38999938964844,84.08999633789062,4.690000057220459,5.03000020980835
2007-02-19,10.020000457763672,59.38999938964844,84.08999633789062,4.690000057220459,5.03000020980835
2007-02-20,10.239999771118164,58.06999969482422,84.19000244140625,4.679999828338623,5.034999847412109
2007-02-21,10.199999809265137,60.06999969482422,84.20999908447266,4.691999912261963,5.034999847412109
2007-02-22,10.180000305175781,60.95000076293945,84.31999969482422,4.730000019073486,5.045000076293945
2007-02-23,10.579999923706055,61.13999938964844,84.06999969482422,4.677999973297119,5.039999961853027
2007-02-26,11.149999618530273,61.38999938964844,83.93000030517578,4.63100004196167,5.045000076293945
2007-02-27,18.309999465942383,61.459999084472656,83.4800033569336,4.513000011444092,4.989999771118164
2007-02-28,15.420000076293945,61.790000915527344,83.56999969482422,4.550000190734863,4.994999885559082
2007-03-01,15.819999694824219,62.0,83.68000030517578,4.556000232696533,4.989999771118164
2007-03-02,18.610000610351562,61.63999938964844,83.73999786376953,4.514999866485596,4.96999979019165
2007-03-05,19.6299991607666,60.06999969482422,84.1500015258789,4.51800012588501,4.960000038146973
2007-03-06,15.960000038146973,60.689998626708984,84.06999969482422,4.5279998779296875,4.974999904632568
2007-03-07,15.239999771118164,61.81999969482422,83.77999877929688,4.497000217437744,4.954999923706055
2007-03-08,14.289999961853027,61.63999938964844,84.0999984741211,4.508999824523926,4.945000171661377
2007-03-09,14.09000015258789,60.04999923706055,84.23999786376953,4.589000225067139,4.949999809265137
2007-03-12,13.989999771118164,58.90999984741211,83.86000061035156,4.552999973297119,4.949999809265137
2007-03-13,18.1299991607666,57.93000030517578,83.7300033569336,4.494999885559082,4.934999942779541
2007-03-14,17.270000457763672,58.15999984741211,83.61000061035156,4.521999835968018,4.914999961853027
2007-03-15,16.43000030517578,57.54999923706055,83.68000030517578,4.535999774932861,4.894999980926514
2007-03-16,16.790000915527344,57.11000061035156,83.2300033569336,4.545000076293945,4.885000228881836
2007-03-19,14.59000015258789,56.59000015258789,83.38999938964844,4.571000099182129,4.894999980926514
2007-03-20,13.270000457763672,56.72999954223633,83.11000061035156,4.546999931335449,4.909999847412109
2007-03-21,12.1899995803833,59.61000061035156,82.7699966430664,4.51800012588501,4.909999847412109
2007-03-22,12.930000305175781,61.689998626708984,83.08999633789062,4.589000225067139,4.920000076293945
2007-03-23,12.949999809265137,62.279998779296875,83.27999877929688,4.61299991607666,4.925000190734863
2007-03-26,13.15999984741211,62.90999984741211,83.08000183105469,4.586999893188477,4.929999828338623
2007-03-27,13.479999542236328,62.93000030517578,83.01000213623047,4.611999988555908,4.920000076293945
2007-03-28,14.979999542236328,64.08000183105469,83.02999877929688,4.619999885559082,4.909999847412109
2007-03-29,15.140000343322754,66.02999877929688,83.08999633789062,4.631999969482422,4.90500020980835
2007-03-30,14.640000343322754,65.87000274658203,82.93000030517578,4.6479997634887695,4.894999980926514
2007-04-02,14.529999732971191,65.94000244140625,82.87000274658203,4.642000198364258,4.90500020980835
2007-04-03,13.460000038146973,64.63999938964844,83.1500015258789,4.664000034332275,4.90500020980835
2007-04-04,13.239999771118164,64.37999725341797,82.95999908447266,4.6519999504089355,4.90500020980835
2007-04-05,13.229999542236328,64.27999877929688,82.68000030517578,4.673999786376953,4.894999980926514
2007-04-06,13.229999542236328,64.27999877929688,82.68000030517578,4.673999786376953,4.894999980926514
2007-04-09,13.140000343322754,61.5099983215332,83.0999984741211,4.744999885559082,4.885000228881836
2007-04-10,12.680000305175781,61.88999938964844,82.69999694824219,4.723999977111816,4.880000114440918
2007-04-11,13.489999771118164,62.0099983215332,82.66999816894531,4.738999843597412,4.885000228881836
2007-04-12,12.710000038146973,63.849998474121094,82.37000274658203,4.736999988555908,4.885000228881836
2007-04-13,12.199999809265137,63.630001068115234,82.12999725341797,4.761000156402588,4.869999885559082
2007-04-16,11.979999542236328,63.61000061035156,82.06999969482422,4.735000133514404,4.864999771118164
2007-04-17,12.140000343322754,63.099998474121094,81.83000183105469,4.688000202178955,4.860000133514404
2007-04-18,12.420000076293945,63.130001068115234,81.73999786376953,4.6539998054504395,4.849999904632568
2007-04-19,12.539999961853027,61.83000183105469,81.63999938964844,4.670000076293945,4.84499979019165
2007-04-20,12.069999694824219,63.380001068115234,81.63999938964844,4.671999931335449,4.835000038146973
2007-04-23,13.039999961853027,65.88999938964844,81.73999786376953,4.650000095367432,4.840000152587891
2007-04-24,13.119999885559082,64.58000183105469,81.55000305175781,4.622000217437744,4.835000038146973
2007-04-25,13.210000038146973,65.83999633789062,81.43000030517578,4.645999908447266,4.820000171661377
2007-04-26,12.789999961853027,65.05999755859375,81.75,4.684000015258789,4.800000190734863
2007-04-27,12.449999809265137,66.45999908447266,81.52999877929688,4.697999954223633,4.795000076293945
2007-04-30,14.220000267028809,65.70999908447266,81.44999694824219,4.630000114440918,4.724999904632568
2007-05-01,13.510000228881836,64.4000015258789,81.5999984741211,4.642000198364258,4.755000114440918
2007-05-02,13.079999923706055,63.68000030517578,81.73999786376953,4.645999908447266,4.755000114440918
2007-05-03,13.09000015258789,63.189998626708984,81.94999694824219,4.673999786376953,4.75
2007-05-04,12.90999984741211,61.93000030517578,81.73999786376953,4.639999866485596,4.75
2007-05-07,13.149999618530273,61.470001220703125,81.68000030517578,4.636000156402588,4.730000019073486
2007-05-08,13.210000038146973,62.2599983215332,81.94000244140625,4.633999824523926,4.755000114440918
2007-05-09,12.880000114440918,61.54999923706055,82.0199966430664,4.668000221252441,4.730000019073486
2007-05-10,13.600000381469727,61.810001373291016,82.29000091552734,4.6479997634887695,4.71999979019165
2007-05-11,12.949999809265137,62.369998931884766,82.12000274658203,4.670000076293945,4.715000152587891
2007-05-14,13.960000038146973,62.459999084472656,82.06999969482422,4.690000057220459,4.699999809265137
2007-05-15,14.010000228881836,63.16999816894531,81.75,4.711999893188477,4.690000057220459
2007-05-16,13.5,62.54999923706055,82.16000366210938,4.708000183105469,4.610000133514404
2007-05-17,13.510000228881836,64.86000061035156,82.31999969482422,4.75600004196167,4.659999847412109
2007-05-18,12.760000228881836,64.94000244140625,82.19999694824219,4.803999900817871,4.684999942779541
2007-05-21,13.300000190734863,66.2699966430664,82.36000061035156,4.788000106811523,4.710000038146973
2007-05-22,13.0600004196167,64.97000122070312,82.38999938964844,4.830999851226807,4.775000095367432
2007-05-23,13.239999771118164,65.7699966430664,82.30999755859375,4.859000205993652,4.764999866485596
2007-05-24,14.079999923706055,64.18000030517578,82.41000366210938,4.85699987411499,4.764999866485596
2007-05-25,13.34000015258789,65.19999694824219,82.33000183105469,4.861000061035156,4.739999771118164
2007-05-28,13.34000015258789,65.19999694824219,82.33000183105469,4.861000061035156,4.739999771118164
2007-05-29,13.529999732971191,63.150001525878906,82.30999755859375,4.881999969482422,4.684999942779541
2007-05-30,12.829999923706055,63.4900016784668,82.43000030517578,4.877999782562256,4.704999923706055
2007-05-31,13.050000190734863,64.01000213623047,82.30000305175781,4.889999866485596,4.590000152587891
2007-06-01,12.779999732971191,65.08000183105469,82.31999969482422,4.955999851226807,4.65500020980835
2007-06-04,13.289999961853027,66.20999908447266,82.05999755859375,4.928999900817871,4.625
2007-06-05,13.630000114440918,65.61000061035156,81.88999938964844,4.97599983215332,4.690000057220459
2007-06-06,14.869999885559082,65.95999908447266,81.9000015258789,4.96999979019165,4.65500020980835
2007-06-07,17.059999465942383,66.93000030517578,82.29000091552734,5.098999977111816,4.659999847412109
2007-06-08,14.84000015258789,64.76000213623047,82.69000244140625,5.118000030517578,4.630000114440918
2007-06-11,14.710000038146973,65.97000122070312,82.70999908447266,5.13700008392334,4.590000152587891
2007-06-12,16.670000076293945,65.3499984741211,82.88999938964844,5.248000144958496,4.590000152587891
2007-06-13,14.729999542236328,66.26000213623047,83.04000091552734,5.199999809265137,4.514999866485596
2007-06-14,13.640000343322754,67.6500015258789,83.12999725341797,5.2170000076293945,4.510000228881836
2007-06-15,13.9399995803833,68.0,82.8499984741211,5.171000003814697,4.429999828338623
2007-06-18,13.420000076293945,69.08999633789062,82.70999908447266,5.142000198364258,4.409999847412109
2007-06-19,12.850000381469727,69.0999984741211,82.54000091552734,5.085999965667725,4.514999866485596
2007-06-20,14.670000076293945,68.19000244140625,82.5199966430664,5.123000144958496,4.599999904632568
2007-06-21,14.210000038146973,68.6500015258789,82.7300033569336,5.163000106811523,4.559999942779541
2007-06-22,15.75,69.13999938964844,82.33999633789062,5.138000011444092,4.585000038146973
2007-06-25,16.649999618530273,69.18000030517578,82.31999969482422,5.078000068664551,4.639999866485596
2007-06-26,18.889999389648438,67.7699966430664,82.29000091552734,5.10099983215332,4.675000190734863
2007-06-27,15.529999732971191,68.97000122070312,82.31999969482422,5.070000171661377,4.635000228881836
2007-06-28,15.539999961853027,69.56999969482422,82.33000183105469,5.118000030517578,4.639999866485596
2007-06-29,16.229999542236328,70.68000030517578,81.91999816894531,5.0329999923706055,4.670000076293945
2007-07-02,15.399999618530273,71.08999633789062,81.38999938964844,4.998000144958496,4.730000019073486
2007-07-03,14.920000076293945,71.41000366210938,81.43000030517578,5.050000190734863,4.815000057220459
2007-07-04,14.920000076293945,71.41000366210938,81.43000030517578,5.050000190734863,4.815000057220459
2007-07-05,15.479999542236328,71.80999755859375,81.54000091552734,5.144000053405762,4.809999942779541
2007-07-06,14.720000267028809,72.80999755859375,81.45999908447266,5.195000171661377,4.789999961853027
2007-07-09,15.15999984741211,72.19000244140625,81.43000030517578,5.158999919891357,4.784999847412109
2007-07-10,17.56999969482422,72.80999755859375,80.86000061035156,5.038000106811523,4.804999828338623
2007-07-11,16.639999389648438,72.55999755859375,80.7300033569336,5.079999923706055,4.804999828338623
2007-07-12,15.539999961853027,72.5,80.63999938964844,5.116000175476074,4.815000057220459
2007-07-13,15.149999618530273,73.93000030517578,80.58000183105469,5.10699987411499,4.820000171661377
2007-07-16,15.59000015258789,74.1500015258789,80.5199966430664,5.040999889373779,4.789999961853027
2007-07-17,15.630000114440918,74.0199966430664,80.54000091552734,5.078000068664551,4.809999942779541
2007-07-18,16.0,75.05000305175781,80.41999816894531,5.010000228881836,4.815000057220459
2007-07-19,15.229999542236328,75.91999816894531,80.41999816894531,5.0279998779296875,4.829999923706055
2007-07-20,16.950000762939453,75.56999969482422,80.29000091552734,4.955999851226807,4.824999809265137
2007-07-23,16.809999465942383,74.88999938964844,80.3499984741211,4.964000225067139,4.855000019073486
2007-07-24,18.549999237060547,73.55999755859375,80.08000183105469,4.943999767303467,4.875
2007-07-25,18.100000381469727,75.87999725341797,80.6500015258789,4.9039998054504395,4.835000038146973
2007-07-26,20.739999771118164,74.94999694824219,80.44999694824219,4.7769999504089355,4.769999980926514
2007-07-27,24.170000076293945,77.0199966430664,80.94999694824219,4.788000106811523,4.704999923706055
2007-07-30,20.8700008392334,76.83000183105469,80.8499984741211,4.803999900817871,4.71999979019165
2007-07-31,23.520000457763672,78.20999908447266,80.7699966430664,4.770999908447266,4.809999942779541
2007-08-01,23.670000076293945,76.52999877929688,80.87000274658203,4.758999824523926,4.739999771118164
2007-08-02,21.219999313354492,76.86000061035156,80.70999908447266,4.752999782562256,4.744999885559082
2007-08-03,25.15999984741211,75.4800033569336,80.18000030517578,4.699999809265137,4.699999809265137
2007-08-06,22.940000534057617,72.05999755859375,80.25,4.730999946594238,4.715000152587891
2007-08-07,21.559999465942383,72.41999816894531,80.4800033569336,4.743000030517578,4.784999847412109
2007-08-08,21.450000762939453,72.1500015258789,80.33999633789062,4.860000133514404,4.804999828338623
2007-08-09,26.479999542236328,71.58999633789062,80.73999786376953,4.789999961853027,4.71999979019165
2007-08-10,28.299999237060547,71.47000122070312,80.68000030517578,4.776000022888184,4.414999961853027
2007-08-13,26.56999969482422,71.62000274658203,81.05000305175781,4.7779998779296875,4.53000020980835
2007-08-14,27.68000030517578,72.37999725341797,81.48999786376953,4.73199987411499,4.5
2007-08-15,30.670000076293945,73.33000183105469,81.81999969482422,4.705999851226807,4.130000114440918
2007-08-16,30.829999923706055,71.0,81.7300033569336,4.599999904632568,3.700000047683716
2007-08-17,29.989999771118164,71.9800033569336,81.43000030517578,4.672999858856201,3.619999885559082
2007-08-20,26.329999923706055,71.12000274658203,81.4000015258789,4.633999824523926,2.950000047683716
2007-08-21,25.25,69.47000122070312,81.48999786376953,4.590000152587891,3.4200000762939453
2007-08-22,22.889999389648438,69.26000213623047,81.25,4.619999885559082,3.565000057220459
2007-08-23,22.6200008392334,69.83000183105469,81.13999938964844,4.618000030517578,3.7100000381469727
2007-08-24,20.719999313354492,71.08999633789062,80.66999816894531,4.632999897003174,4.079999923706055
2007-08-27,22.719999313354492,71.97000122070312,80.73999786376953,4.5960001945495605,4.380000114440918
2007-08-28,26.299999237060547,71.7300033569336,80.76000213623047,4.53000020980835,4.269999980926514
2007-08-29,23.809999465942383,73.51000213623047,80.69999694824219,4.552999973297119,3.8499999046325684
2007-08-30,25.059999465942383,73.36000061035156,80.79000091552734,4.501999855041504,3.7300000190734863
2007-08-31,23.3799991607666,74.04000091552734,80.79000091552734,4.5370001792907715,3.990000009536743
2007-09-03,23.3799991607666,74.04000091552734,80.79000091552734,4.5370001792907715,3.990000009536743
2007-09-04,22.780000686645508,75.08000183105469,80.87999725341797,4.558000087738037,4.28000020980835
2007-09-05,24.579999923706055,75.7300033569336,80.62000274658203,4.4730000495910645,4.21999979019165
2007-09-06,23.989999771118164,76.30000305175781,80.47000122070312,4.5,4.159999847412109
2007-09-07,26.229999542236328,76.69999694824219,79.95999908447266,4.368000030517578,3.940000057220459
2007-09-10,27.3799991607666,77.48999786376953,79.81999969482422,4.323999881744385,3.869999885559082
2007-09-11,25.270000457763672,78.2300033569336,79.69999694824219,4.363999843597412,3.990000009536743
2007-09-12,24.959999084472656,79.91000366210938,79.36000061035156,4.4079999923706055,3.9000000953674316
2007-09-13,24.760000228881836,80.08999633789062,79.51000213623047,4.48199987411499,3.950000047683716
2007-09-14,24.920000076293945,79.0999984741211,79.62000274658203,4.461999893188477,3.880000114440918
2007-09-17,26.479999542236328,80.56999969482422,79.72000122070312,4.46999979019165,3.990000009536743
2007-09-18,20.350000381469727,81.51000213623047,79.20999908447266,4.480000019073486,3.859999895095825
2007-09-19,20.030000686645508,81.93000030517578,79.30000305175781,4.52400016784668,3.809999942779541
2007-09-20,20.450000762939453,83.31999969482422,78.58000183105469,4.671999931335449,3.6700000762939453
2007-09-21,19.0,81.62000274658203,78.5999984741211,4.631999969482422,3.619999885559082
2007-09-24,19.3700008392334,80.94999694824219,78.52999877929688,4.624000072479248,3.6700000762939453
2007-09-25,18.600000381469727,79.52999877929688,78.30999755859375,4.613999843597412,3.690000057220459
2007-09-26,17.6299991607666,80.30000305175781,78.48999786376953,4.619999885559082,3.625
2007-09-27,17.0,82.87999725341797,78.33999633789062,4.572999954223633,3.5999999046325684
2007-09-28,18.0,81.66000366210938,77.72000122070312,4.578999996185303,3.700000047683716
2007-10-01,17.84000015258789,80.23999786376953,77.9000015258789,4.557000160217285,3.7950000762939453
2007-10-02,18.489999771118164,80.05000305175781,78.30000305175781,4.5289998054504395,3.8499999046325684
2007-10-03,18.799999237060547,79.94000244140625,78.56999969482422,4.543000221252441,3.8399999141693115
2007-10-04,18.440000534057617,81.44000244140625,78.4800033569336,4.5229997634887695,3.8350000381469727
2007-10-05,16.90999984741211,81.22000122070312,78.30999755859375,4.639999866485596,3.869999885559082
2007-10-08,17.459999084472656,79.0199966430664,78.66999816894531,4.638000011444092,3.865000009536743
2007-10-09,16.1200008392334,80.26000213623047,78.52999877929688,4.651000022888184,3.9100000858306885
2007-10-10,16.670000076293945,81.30000305175781,78.37999725341797,4.646999835968018,3.934999942779541
2007-10-11,18.8799991607666,83.08000183105469,78.08000183105469,4.658999919891357,4.005000114440918
2007-10-12,17.729999542236328,83.69000244140625,78.22000122070312,4.686999797821045,4.079999923706055
2007-10-15,19.25,86.12999725341797,78.08999633789062,4.672999858856201,4.159999847412109
2007-10-16,20.020000457763672,87.61000061035156,78.25,4.65500020980835,4.125
2007-10-17,18.540000915527344,87.4000015258789,78.12000274658203,4.546000003814697,3.890000104904175
2007-10-18,18.5,89.47000122070312,77.58999633789062,4.502999782562256,3.640000104904175
2007-10-19,22.959999084472656,88.5999984741211,77.41000366210938,4.401000022888184,3.740000009536743
2007-10-22,21.639999389648438,87.55999755859375,78.05999755859375,4.39300012588501,3.859999895095825
2007-10-23,20.40999984741211,85.2699966430664,77.58999633789062,4.40500020980835,3.859999895095825
2007-10-24,20.799999237060547,87.0999984741211,77.55000305175781,4.330999851226807,3.7100000381469727
2007-10-25,21.170000076293945,90.45999908447266,77.27999877929688,4.3520002365112305,3.819999933242798
2007-10-26,19.559999465942383,91.86000061035156,77.02999877929688,4.388999938964844,3.8399999141693115
2007-10-29,19.8700008392334,93.52999877929688,76.83999633789062,4.382999897003174,3.859999895095825
2007-10-30,21.06999969482422,90.37999725341797,76.7699966430664,4.382999897003174,3.8499999046325684
2007-10-31,18.530000686645508,94.52999877929688,76.4800033569336,4.474999904632568,3.819999933242798
2007-11-01,23.209999084472656,93.48999786376953,76.58999633789062,4.361000061035156,3.7049999237060547
2007-11-02,23.010000228881836,95.93000030517578,76.33999633789062,4.290999889373779,3.5
2007-11-05,24.309999465942383,93.9800033569336,76.43000030517578,4.317999839782715,3.5799999237060547
2007-11-06,21.389999389648438,96.69999694824219,76.04000091552734,4.35699987411499,3.630000114440918
2007-11-07,26.489999771118164,96.37000274658203,75.41000366210938,4.334000110626221,3.359999895095825
2007-11-08,26.15999984741211,95.45999908447266,75.45999908447266,4.2729997634887695,3.2799999713897705
2007-11-09,28.5,96.31999969482422,75.4000015258789,4.224999904632568,3.1700000762939453
2007-11-12,31.09000015258789,94.62000274658203,75.9000015258789,4.210999965667725,3.180000066757202
2007-11-13,24.100000381469727,91.16999816894531,75.87999725341797,4.25600004196167,3.359999895095825
2007-11-14,25.940000534057617,94.08999633789062,75.80999755859375,4.269000053405762,3.315000057220459
2007-11-15,28.059999465942383,93.43000030517578,76.06999969482422,4.158999919891357,3.190000057220459
2007-11-16,25.489999771118164,95.0999984741211,75.83000183105469,4.150000095367432,3.2899999618530273
2007-11-19,26.010000228881836,94.63999938964844,75.77999877929688,4.078999996185303,3.2750000953674316
2007-11-20,24.8799991607666,98.02999877929688,75.20999908447266,4.053999900817871,3.1600000858306885
2007-11-21,26.84000015258789,97.29000091552734,75.06999969482422,4.02400016784668,3.0399999618530273
2007-11-22,26.84000015258789,97.29000091552734,75.06999969482422,4.02400016784668,3.0399999618530273
2007-11-23,25.610000610351562,98.18000030517578,75.05000305175781,4.01200008392334,3.140000104904175
2007-11-26,28.90999984741211,97.69999694824219,74.86000061035156,3.8469998836517334,3.055000066757202
2007-11-27,26.280000686645508,94.41999816894531,75.0999984741211,3.944000005722046,3.075000047683716
2007-11-28,24.110000610351562,90.62000274658203,75.08000183105469,4.025000095367432,2.9600000381469727
2007-11-29,23.969999313354492,91.01000213623047,75.58999633789062,3.940000057220459,2.884999990463257
2007-11-30,22.8700008392334,88.70999908447266,76.1500015258789,3.9719998836517334,3.069999933242798
2007-12-03,23.610000610351562,89.30999755859375,75.93000030517578,3.8949999809265137,2.9600000381469727
2007-12-04,23.790000915527344,88.31999969482422,75.69000244140625,3.8889999389648438,2.9800000190734863
2007-12-05,22.530000686645508,87.48999786376953,76.41000366210938,3.9110000133514404,2.9800000190734863
2007-12-06,20.959999084472656,90.2300033569336,76.37999725341797,3.997999906539917,2.9600000381469727
2007-12-07,20.850000381469727,88.27999877929688,76.29000091552734,4.119999885559082,3.0199999809265137
2007-12-10,20.739999771118164,87.86000061035156,76.05999755859375,4.14900016784668,2.9700000286102295
2007-12-11,23.59000015258789,90.0199966430664,76.22000122070312,3.990000009536743,2.869999885559082
2007-12-12,22.469999313354492,94.38999938964844,76.13999938964844,4.076000213623047,2.809999942779541
2007-12-13,22.559999465942383,92.25,76.55999755859375,4.170000076293945,2.7799999713897705
2007-12-14,23.270000457763672,91.2699966430664,77.44000244140625,4.23199987411499,2.7950000762939453
2007-12-17,24.520000457763672,90.62999725341797,77.4000015258789,4.192999839782715,2.930000066757202
2007-12-18,22.639999389648438,90.48999786376953,77.41000366210938,4.119999885559082,2.9700000286102295
2007-12-19,21.68000030517578,91.23999786376953,77.58999633789062,4.070000171661377,2.8350000381469727
2007-12-20,20.579999923706055,91.05999755859375,77.79000091552734,4.026000022888184,2.805000066757202
2007-12-21,18.469999313354492,93.30999755859375,77.72000122070312,4.168000221252441,2.9000000953674316
2007-12-24,18.600000381469727,94.12999725341797,77.56999969482422,4.211999893188477,3.200000047683716
2007-12-25,18.600000381469727,94.12999725341797,77.56999969482422,4.211999893188477,3.200000047683716
2007-12-26,18.65999984741211,95.97000122070312,77.1500015258789,4.281000137329102,3.2249999046325684
2007-12-27,20.260000228881836,96.62000274658203,76.61000061035156,4.198999881744385,3.075000047683716
2007-12-28,20.739999771118164,96.0,76.22000122070312,4.0960001945495605,3.0799999237060547
2007-12-31,22.5,95.9800033569336,76.69999694824219,4.034999847412109,3.140000104904175
2008-01-01,22.5,95.9800033569336,76.69999694824219,4.034999847412109,3.140000104904175
2008-01-02,23.170000076293945,99.62000274658203,75.97000122070312,3.9010000228881836,3.1700000762939453
2008-01-03,22.489999771118164,99.18000030517578,75.88999938964844,3.9010000228881836,3.1500000953674316
2008-01-04,23.940000534057617,97.91000366210938,75.79000091552734,3.8540000915527344,3.115000009536743
2008-01-07,23.790000915527344,95.08999633789062,76.16999816894531,3.8389999866485596,3.1649999618530273
2008-01-08,25.43000030517578,96.33000183105469,76.11000061035156,3.8399999141693115,3.1600000858306885
2008-01-09,24.1200008392334,95.66999816894531,76.41999816894531,3.7909998893737793,3.109999895095825
2008-01-10,23.450000762939453,93.70999908447266,75.93000030517578,3.88700008392334,3.130000114440918
2008-01-11,23.68000030517578,92.69000244140625,75.9800033569336,3.809999942779541,3.009999990463257
2008-01-14,22.899999618530273,94.19999694824219,75.61000061035156,3.7929999828338623,3.0850000381469727
2008-01-15,23.34000015258789,91.9000015258789,75.56999969482422,3.7009999752044678,3.0850000381469727
2008-01-16,24.3799991607666,90.83999633789062,76.26000213623047,3.7119998931884766,3.0399999618530273
2008-01-17,28.459999084472656,90.12999725341797,76.16999816894531,3.640000104904175,2.9800000190734863
2008-01-18,27.18000030517578,90.56999969482422,76.37999725341797,3.6480000019073486,2.7899999618530273
2008-01-21,27.18000030517578,90.56999969482422,76.37999725341797,3.6480000019073486,2.7899999618530273
2008-01-22,31.010000228881836,89.8499984741211,76.3499984741211,3.4839999675750732,2.2300000190734863
2008-01-23,29.020000457763672,86.98999786376953,76.4000015258789,3.4260001182556152,2.109999895095825
2008-01-24,27.780000686645508,89.41000366210938,75.69000244140625,3.640000104904175,2.299999952316284
2008-01-25,29.079999923706055,90.70999908447266,75.97000122070312,3.5840001106262207,2.2200000286102295
2008-01-28,27.780000686645508,90.98999786376953,75.58000183105469,3.5859999656677246,2.2149999141693115
2008-01-29,27.31999969482422,91.63999938964844,75.54000091552734,3.6579999923706055,2.2049999237060547
2008-01-30,27.6200008392334,92.33000183105469,75.02999877929688,3.7330000400543213,2.140000104904175
2008-01-31,26.200000762939453,91.75,75.18000030517578,3.6389999389648438,1.8700000047683716
2008-02-01,24.020000457763672,88.95999908447266,75.44999694824219,3.5999999046325684,2.049999952316284
2008-02-04,25.989999771118164,90.0199966430664,75.37000274658203,3.6429998874664307,2.1700000762939453
2008-02-05,28.239999771118164,88.41000366210938,76.12000274658203,3.5869998931884766,2.1449999809265137
2008-02-06,28.969999313354492,87.13999938964844,76.13999938964844,3.614000082015991,2.0399999618530273
2008-02-07,27.65999984741211,88.11000061035156,76.94000244140625,3.7360000610351562,2.0999999046325684
2008-02-08,28.010000228881836,91.7699966430664,76.66999816894531,3.6540000438690186,2.1600000858306885
2008-02-11,27.600000381469727,93.58999633789062,76.58000183105469,3.618000030517578,2.190000057220459
2008-02-12,26.329999923706055,92.77999877929688,76.31999969482422,3.678999900817871,2.25
2008-02-13,24.8799991607666,93.2699966430664,76.4000015258789,3.694000005722046,2.2100000381469727
2008-02-14,25.540000915527344,95.45999908447266,76.1500015258789,3.818000078201294,2.2200000286102295
2008-02-15,25.020000457763672,95.5,76.0999984741211,3.7799999713897705,2.130000114440918
2008-02-18,25.020000457763672,95.5,76.0999984741211,3.7799999713897705,2.130000114440918
2008-02-19,25.59000015258789,100.01000213623047,76.0,3.875,2.1700000762939453
2008-02-20,24.399999618530273,100.73999786376953,76.12000274658203,3.9170000553131104,2.174999952316284
2008-02-21,25.1200008392334,98.2300033569336,75.5999984741211,3.7839999198913574,2.140000104904175
2008-02-22,24.059999465942383,98.80999755859375,75.5199966430664,3.7899999618530273,2.140000104904175
2008-02-25,23.030000686645508,99.2300033569336,75.52999877929688,3.9019999504089355,2.109999895095825
2008-02-26,21.899999618530273,100.87999725341797,74.76000213623047,3.859999895095825,2.075000047683716
2008-02-27,22.690000534057617,99.63999938964844,74.20999908447266,3.8499999046325684,1.9299999475479126
2008-02-28,23.530000686645508,102.58999633789062,73.72000122070312,3.7149999141693115,1.8550000190734863
2008-02-29,26.540000915527344,101.83999633789062,73.70999908447266,3.5339999198913574,1.784999966621399
2008-03-03,26.280000686645508,102.44999694824219,73.69999694824219,3.5339999198913574,1.6349999904632568
2008-03-04,25.520000457763672,99.5199966430664,73.66000366210938,3.5789999961853027,1.5950000286102295
2008-03-05,24.600000381469727,104.5199966430664,73.4800033569336,3.693000078201294,1.4800000190734863
2008-03-06,27.549999237060547,105.47000122070312,73.0,3.621999979019165,1.3650000095367432
2008-03-07,27.489999771118164,105.1500015258789,73.02999877929688,3.5409998893737793,1.399999976158142
2008-03-10,29.3799991607666,107.9000015258789,72.98999786376953,3.437999963760376,1.2999999523162842
2008-03-11,26.360000610351562,108.75,73.27999877929688,3.5959999561309814,1.440000057220459
2008-03-12,27.219999313354492,109.91999816894531,72.4000015258789,3.4830000400543213,1.440000057220459
2008-03-13,27.290000915527344,110.33000183105469,72.06999969482422,3.5339999198913574,1.2999999523162842
2008-03-14,31.15999984741211,110.20999908447266,71.66000366210938,3.4210000038146973,1.1200000047683716
2008-03-17,32.2400016784668,105.68000030517578,71.45999908447266,3.313999891281128,0.9900000095367432
2008-03-18,25.790000915527344,109.41999816894531,71.56999969482422,3.4509999752044678,0.8999999761581421
2008-03-19,29.84000015258789,104.4800033569336,72.13999938964844,3.361999988555908,0.6499999761581421
2008-03-20,26.6200008392334,101.83999633789062,72.75,3.328000068664551,0.5
2008-03-21,26.6200008392334,101.83999633789062,72.75,3.328000068664551,0.5
2008-03-24,25.729999542236328,100.86000061035156,72.94999694824219,3.5220000743865967,1.0149999856948853
2008-03-25,25.719999313354492,101.22000122070312,72.27999877929688,3.492000102996826,1.2549999952316284
2008-03-26,26.079999923706055,105.9000015258789,71.51000213623047,3.49399995803833,1.2699999809265137
2008-03-27,25.8799991607666,107.58000183105469,71.66000366210938,3.5339999198913574,1.25
2008-03-28,25.709999084472656,105.62000274658203,71.68000030517578,3.4660000801086426,1.350000023841858
2008-03-31,25.610000610351562,101.58000183105469,71.80000305175781,3.431999921798706,1.274999976158142
2008-04-01,22.68000030517578,100.9800033569336,72.55999755859375,3.5450000762939453,1.3550000190734863
2008-04-02,23.43000030517578,104.83000183105469,72.26000213623047,3.5829999446868896,1.3650000095367432
2008-04-03,23.209999084472656,103.83000183105469,72.22000122070312,3.5910000801086426,1.3600000143051147
2008-04-04,22.450000762939453,106.2300033569336,72.0199966430664,3.4809999465942383,1.3200000524520874
2008-04-07,22.420000076293945,109.08999633789062,72.19999694824219,3.555999994277954,1.3600000143051147
2008-04-08,22.360000610351562,108.5,72.2300033569336,3.558000087738037,1.350000023841858
2008-04-09,22.809999465942383,110.87000274658203,71.83000183105469,3.4660000801086426,1.274999976158142
2008-04-10,21.979999542236328,110.11000061035156,72.12000274658203,3.5320000648498535,1.2350000143051147
2008-04-11,23.459999084472656,110.13999938964844,71.80999755859375,3.4709999561309814,1.159999966621399
2008-04-14,23.81999969482422,111.76000213623047,71.87999725341797,3.503000020980835,1.0750000476837158
2008-04-15,22.780000686645508,113.79000091552734,72.0199966430664,3.569999933242798,1.100000023841858
2008-04-16,20.530000686645508,114.93000030517578,71.41000366210938,3.696000099182129,1.1150000095367432
2008-04-17,20.3700008392334,114.86000061035156,71.68000030517578,3.7290000915527344,1.2100000381469727
2008-04-18,20.1299991607666,116.69000244140625,72.01000213623047,3.743000030517578,1.3200000524520874
2008-04-21,20.5,117.4800033569336,71.6500015258789,3.7119998931884766,1.2699999809265137
2008-04-22,20.8700008392334,119.37000274658203,71.33000183105469,3.7200000286102295,1.2549999952316284
2008-04-23,20.260000228881836,118.30000305175781,71.81999969482422,3.7300000190734863,1.2000000476837158
2008-04-24,20.059999465942383,116.05999755859375,72.54000091552734,3.8269999027252197,1.2200000286102295
2008-04-25,19.59000015258789,118.5199966430664,72.79000091552734,3.865999937057495,1.284999966621399
2008-04-28,19.639999389648438,118.75,72.79000091552734,3.8350000381469727,1.3300000429153442
2008-04-29,20.239999771118164,115.62999725341797,72.88999938964844,3.825000047683716,1.440000057220459
2008-04-30,20.790000915527344,113.45999908447266,72.51000213623047,3.759000062942505,1.340000033378601
2008-05-01,18.8799991607666,112.5199966430664,73.27999877929688,3.749000072479248,1.3700000047683716
2008-05-02,18.18000030517578,116.31999969482422,73.5,3.8450000286102295,1.465000033378601
2008-05-05,18.899999618530273,119.97000122070312,73.19000244140625,3.8450000286102295,1.5499999523162842
2008-05-06,18.209999084472656,121.83999633789062,73.0,3.8929998874664307,1.5950000286102295
2008-05-07,19.729999542236328,123.52999877929688,73.51000213623047,3.867000102996826,1.6299999952316284
2008-05-08,19.399999618530273,123.69000244140625,73.4800033569336,3.805000066757202,1.6200000047683716
2008-05-09,19.40999984741211,125.95999908447266,73.05000305175781,3.7669999599456787,1.649999976158142
2008-05-12,17.790000915527344,124.2300033569336,72.94999694824219,3.7750000953674316,1.75
2008-05-13,17.979999542236328,125.80000305175781,73.2699966430664,3.9089999198913574,1.784999966621399
2008-05-14,17.65999984741211,124.22000122070312,73.4000015258789,3.937999963760376,1.784999966621399
2008-05-15,16.299999237060547,124.12000274658203,73.3499984741211,3.8429999351501465,1.7899999618530273
2008-05-16,16.469999313354492,126.29000091552734,72.83999633789062,3.8499999046325684,1.7999999523162842
2008-05-19,17.010000228881836,127.05000305175781,73.04000091552734,3.8389999866485596,1.8049999475479126
2008-05-20,17.579999923706055,129.07000732421875,72.4000015258789,3.7760000228881836,1.8250000476837158
2008-05-21,18.59000015258789,133.1699981689453,71.94000244140625,3.822000026702881,1.809999942779541
2008-05-22,18.049999237060547,130.80999755859375,72.27999877929688,3.9210000038146973,1.8250000476837158
2008-05-23,19.549999237060547,132.19000244140625,71.88999938964844,3.8310000896453857,1.7999999523162842
2008-05-26,19.549999237060547,132.19000244140625,71.88999938964844,3.8310000896453857,1.7999999523162842
2008-05-27,19.639999389648438,128.85000610351562,72.33999633789062,3.9210000038146973,1.850000023841858
2008-05-28,19.06999969482422,131.02999877929688,72.55000305175781,4.008999824523926,1.8550000190734863
2008-05-29,18.139999389648438,126.62000274658203,73.0199966430664,4.078999996185303,1.8650000095367432
2008-05-30,17.829999923706055,127.3499984741211,72.87999725341797,4.046000003814697,1.850000023841858
2008-06-02,19.829999923706055,127.76000213623047,72.93000030517578,3.9709999561309814,1.7899999618530273
2008-06-03,20.239999771118164,124.30999755859375,73.23999786376953,3.8980000019073486,1.809999942779541
2008-06-04,20.799999237060547,122.30000305175781,73.41999816894531,3.940000057220459,1.8049999475479126
2008-06-05,18.6299991607666,127.79000091552734,73.04000091552734,4.025000095367432,1.809999942779541
2008-06-06,23.559999465942383,138.5399932861328,72.38999938964844,3.937999963760376,1.7999999523162842
2008-06-09,23.1200008392334,134.35000610351562,72.8499984741211,3.992000102996826,1.850000023841858
2008-06-10,23.18000030517578,131.30999755859375,73.69999694824219,4.098999977111816,1.9700000286102295
2008-06-11,24.1200008392334,136.3800048828125,73.20999908447266,4.072999954223633,1.9049999713897705
2008-06-12,23.329999923706055,136.74000549316406,73.86000061035156,4.204999923706055,1.9500000476837158
2008-06-13,21.219999313354492,134.86000061035156,74.1500015258789,4.261000156402588,1.9299999475479126
2008-06-16,20.950000762939453,134.61000061035156,73.61000061035156,4.244999885559082,1.940000057220459
2008-06-17,21.1299991607666,134.00999450683594,73.51000213623047,4.224999904632568,1.9550000429153442
2008-06-18,22.239999771118164,136.67999267578125,73.44000244140625,4.1539998054504395,1.8799999952316284
2008-06-19,21.579999923706055,131.92999267578125,73.4800033569336,4.198999881744385,1.8600000143051147
2008-06-20,22.8700008392334,134.6199951171875,73.02999877929688,4.13700008392334,1.7999999523162842
2008-06-23,22.639999389648438,136.74000549316406,73.43000030517578,4.168000221252441,1.850000023841858
2008-06-24,22.420000076293945,137.0,73.23999786376953,4.105000019073486,1.7949999570846558
2008-06-25,21.139999389648438,134.5500030517578,72.93000030517578,4.114999771118164,1.7599999904632568
2008-06-26,23.93000030517578,139.63999938964844,72.48999786376953,4.0329999923706055,1.6799999475479126
2008-06-27,23.440000534057617,140.2100067138672,72.36000061035156,3.990000009536743,1.6299999952316284
2008-06-30,23.950000762939453,140.0,72.45999908447266,3.9790000915527344,1.7050000429153442
2008-07-01,23.649999618530273,140.97000122070312,72.37000274658203,3.992000102996826,1.8250000476837158
2008-07-02,25.920000076293945,143.57000732421875,72.02999877929688,3.9590001106262207,1.7899999618530273
2008-07-03,24.780000686645508,145.2899932861328,72.73999786376953,3.9730000495910645,1.809999942779541
2008-07-04,24.780000686645508,145.2899932861328,72.73999786376953,3.9730000495910645,1.809999942779541
2008-07-07,25.780000686645508,141.3699951171875,72.66999816894531,3.930000066757202,1.774999976158142
2008-07-08,23.149999618530273,136.0399932861328,73.01000213623047,3.880000114440918,1.8200000524520874
2008-07-09,25.229999542236328,136.0500030517578,72.58000183105469,3.8340001106262207,1.7899999618530273
2008-07-10,25.59000015258789,141.64999389648438,72.48999786376953,3.811000108718872,1.6299999952316284
2008-07-11,27.489999771118164,145.0800018310547,72.0999984741211,3.940000057220459,1.5700000524520874
2008-07-14,28.479999542236328,145.17999267578125,71.91999816894531,3.880000114440918,1.4249999523162842
2008-07-15,28.540000915527344,138.74000549316406,71.87000274658203,3.8440001010894775,1.375
2008-07-16,25.100000381469727,134.60000610351562,72.05999755859375,3.934000015258789,1.3450000286102295
2008-07-17,25.010000228881836,129.2899932861328,72.23999786376953,4.038000106811523,1.3899999856948853
2008-07-18,24.049999237060547,128.8800048828125,72.19000244140625,4.080999851226807,1.4199999570846558
2008-07-21,23.049999237060547,131.0399932861328,71.98999786376953,4.066999912261963,1.3799999952316284
2008-07-22,21.18000030517578,127.94999694824219,72.44999694824219,4.0970001220703125,1.5
2008-07-23,21.309999465942383,124.44000244140625,72.80999755859375,4.1479997634887695,1.5449999570846558
2008-07-24,23.440000534057617,125.48999786376953,72.93000030517578,4.015999794006348,1.6100000143051147
2008-07-25,22.90999984741211,123.26000213623047,72.86000061035156,4.111000061035156,1.690000057220459
2008-07-28,24.229999542236328,124.7300033569336,72.6500015258789,4.01800012588501,1.6649999618530273
2008-07-29,22.030000686645508,122.19000244140625,73.30999755859375,4.044000148773193,1.6799999475479126
2008-07-30,21.209999084472656,126.7699966430664,73.31999969482422,4.047999858856201,1.6699999570846558
2008-07-31,22.940000534057617,124.08000183105469,73.2300033569336,3.9790000915527344,1.6349999904632568
2008-08-01,22.56999969482422,125.0999984741211,73.41999816894531,3.947999954223633,1.6299999952316284
2008-08-04,23.489999771118164,121.41000366210938,73.45999908447266,3.9719998836517334,1.659999966621399
2008-08-05,21.139999389648438,119.16999816894531,73.87999725341797,4.006999969482422,1.7100000381469727
2008-08-06,20.229999542236328,118.58000183105469,74.23999786376953,4.047999858856201,1.600000023841858
2008-08-07,21.149999618530273,120.0199966430664,74.55000305175781,3.934999942779541,1.6299999952316284
2008-08-08,20.65999984741211,115.19999694824219,75.8499984741211,3.950000047683716,1.6649999618530273
2008-08-11,20.1200008392334,114.44999694824219,76.12999725341797,4.001999855041504,1.7699999809265137
2008-08-12,21.170000076293945,113.01000213623047,76.1500015258789,3.9179999828338623,1.8250000476837158
2008-08-13,21.549999237060547,116.0,76.20999908447266,3.947000026702881,1.815000057220459
2008-08-14,20.34000015258789,115.01000213623047,76.66999816894531,3.8919999599456787,1.8300000429153442
2008-08-15,19.579999923706055,113.7699966430664,77.18000030517578,3.8519999980926514,1.7999999523162842
2008-08-18,20.979999542236328,112.87000274658203,77.12000274658203,3.815999984741211,1.7400000095367432
2008-08-19,21.280000686645508,114.52999877929688,76.83999633789062,3.8420000076293945,1.7649999856948853
2008-08-20,20.420000076293945,114.9800033569336,76.95999908447266,3.7990000247955322,1.6699999570846558
2008-08-21,19.81999969482422,121.18000030517578,76.19999694824219,3.8380000591278076,1.684999942779541
2008-08-22,18.809999465942383,114.58999633789062,76.80999755859375,3.867000102996826,1.6649999618530273
2008-08-25,20.969999313354492,115.11000061035156,76.79000091552734,3.7909998893737793,1.6449999809265137
2008-08-26,20.489999771118164,116.2699966430664,77.25,3.7839999198913574,1.6749999523162842
2008-08-27,19.760000228881836,118.1500015258789,77.05000305175781,3.7720000743865967,1.6399999856948853
2008-08-28,19.43000030517578,115.58999633789062,77.1500015258789,3.7950000762939453,1.7000000476837158
2008-08-29,20.649999618530273,115.45999908447266,77.37999725341797,3.812999963760376,1.690000057220459
2008-09-01,20.649999618530273,115.45999908447266,77.37999725341797,3.812999963760376,1.690000057220459
2008-09-02,21.989999771118164,109.70999908447266,78.05999755859375,3.746000051498413,1.649999976158142
2008-09-03,21.43000030517578,109.3499984741211,78.08999633789062,3.697000026702881,1.6649999618530273
2008-09-04,24.030000686645508,107.88999938964844,78.61000061035156,3.6429998874664307,1.649999976158142
2008-09-05,23.059999465942383,106.2300033569336,78.93000030517578,3.6600000858306885,1.6399999856948853
2008-09-08,22.639999389648438,106.33999633789062,79.58999633789062,3.6649999618530273,1.6699999570846558
2008-09-09,25.469999313354492,103.26000213623047,79.25,3.5959999561309814,1.6399999856948853
2008-09-10,24.520000457763672,102.58000183105469,79.8499984741211,3.6410000324249268,1.6200000047683716
2008-09-11,24.389999389648438,100.87000274658203,80.1500015258789,3.621999979019165,1.5800000429153442
2008-09-12,25.65999984741211,101.18000030517578,78.97000122070312,3.7300000190734863,1.4600000381469727
2008-09-15,31.700000762939453,95.70999908447266,78.91000366210938,3.4830000400543213,0.8100000023841858
2008-09-16,30.299999237060547,91.1500015258789,79.06999969482422,3.490999937057495,0.8600000143051147
2008-09-17,36.220001220703125,97.16000366210938,78.0999984741211,3.4100000858306885,0.019999999552965164
2008-09-18,33.099998474121094,97.87999725341797,78.0199966430664,3.437000036239624,0.07000000029802322
2008-09-19,32.06999969482422,104.55000305175781,77.68000030517578,3.7690000534057617,0.9200000166893005
2008-09-22,33.849998474121094,120.91999816894531,76.1500015258789,3.8259999752044678,0.875
2008-09-23,35.720001220703125,106.61000061035156,76.47000122070312,3.8410000801086426,0.800000011920929
2008-09-24,35.189998626708984,105.7300033569336,76.79000091552734,3.7709999084472656,0.4399999976158142
2008-09-25,32.81999969482422,108.0199966430664,76.98999786376953,3.861999988555908,0.7099999785423279
2008-09-26,34.7400016784668,106.88999938964844,76.94999694824219,3.8269999027252197,0.8299999833106995
2008-09-29,46.720001220703125,96.37000274658203,77.47000122070312,3.631999969482422,0.44999998807907104
2008-09-30,39.38999938964844,100.63999938964844,79.44999694824219,3.8269999027252197,0.8999999761581421
2008-10-01,39.810001373291016,98.52999877929688,79.45999908447266,3.7679998874664307,0.800000011920929
2008-10-02,45.2599983215332,93.97000122070312,80.44000244140625,3.6459999084472656,0.5899999737739563
2008-10-03,45.13999938964844,93.87999725341797,80.30999755859375,3.6440000534057617,0.4699999988079071
2008-10-06,52.04999923706055,87.80999755859375,81.68000030517578,3.4260001182556152,0.4099999964237213
2008-10-07,53.68000030517578,90.05999755859375,80.97000122070312,3.50600004196167,0.7850000262260437
2008-10-08,57.529998779296875,88.94999694824219,80.91000366210938,3.7149999141693115,0.6399999856948853
2008-10-09,63.91999816894531,86.58999633789062,81.16000366210938,3.8340001106262207,0.5799999833106995
2008-10-10,69.94999694824219,77.69999694824219,83.0,3.8610000610351562,0.20999999344348907
2008-10-13,54.9900016784668,81.19000244140625,81.87999725341797,3.8610000610351562,0.20999999344348907
2008-10-14,55.130001068115234,78.62999725341797,81.36000061035156,4.0229997634887695,0.23499999940395355
2008-10-15,69.25,74.54000091552734,82.05000305175781,4.011000156402588,0.20000000298023224
2008-10-16,67.61000061035156,69.8499984741211,82.45999908447266,3.936000108718872,0.4350000023841858
2008-10-17,70.33000183105469,71.8499984741211,82.41000366210938,3.937999963760376,0.7799999713897705
2008-10-20,52.970001220703125,74.25,83.0999984741211,3.885999917984009,1.0199999809265137
2008-10-21,53.11000061035156,70.88999938964844,83.98999786376953,3.703000068664551,1.0950000286102295
2008-10-22,69.6500015258789,66.75,85.37000274658203,3.618000030517578,1.0099999904632568
2008-10-23,67.80000305175781,67.83999633789062,85.36000061035156,3.5339999198913574,0.9100000262260437
2008-10-24,79.12999725341797,64.1500015258789,86.44000244140625,3.697000026702881,0.8199999928474426
2008-10-27,80.05999755859375,63.220001220703125,86.93000030517578,3.7290000915527344,0.7300000190734863
2008-10-28,66.95999908447266,62.72999954223633,87.02999877929688,3.819999933242798,0.75
2008-10-29,69.95999908447266,67.5,85.06999969482422,3.874000072479248,0.5649999976158142
2008-10-30,62.900001525878906,65.95999908447266,84.55999755859375,3.938999891281128,0.375
2008-10-31,59.88999938964844,67.80999755859375,85.62999725341797,3.9700000286102295,0.4350000023841858
2008-11-03,53.68000030517578,63.90999984741211,86.3499984741211,3.9040000438690186,0.41999998688697815
2008-11-04,47.72999954223633,70.52999877929688,84.77999877929688,3.765000104904175,0.4650000035762787
2008-11-05,54.560001373291016,65.30000305175781,84.61000061035156,3.694000005722046,0.3799999952316284
2008-11-06,63.68000030517578,60.77000045776367,85.88999938964844,3.7070000171661377,0.3149999976158142
2008-11-07,56.099998474121094,61.040000915527344,85.91000366210938,3.7799999713897705,0.28999999165534973
2008-11-10,59.97999954223633,62.40999984741211,85.91000366210938,3.759999990463257,0.20000000298023224
2008-11-11,61.439998626708984,59.33000183105469,87.06999969482422,3.755000114440918,0.19499999284744263
2008-11-12,66.45999908447266,56.15999984741211,87.47000122070312,3.6649999618530273,0.14000000059604645
2008-11-13,59.83000183105469,58.2400016784668,86.94000244140625,3.818000078201294,0.1899999976158142
2008-11-14,66.30999755859375,57.040000915527344,86.36000061035156,3.75,0.12999999523162842
2008-11-17,69.1500015258789,54.95000076293945,86.80999755859375,3.684000015258789,0.09000000357627869
2008-11-18,67.63999938964844,54.38999938964844,87.37000274658203,3.5350000858306885,0.10999999940395355
2008-11-19,74.26000213623047,53.619998931884766,87.30999755859375,3.3910000324249268,0.06499999761581421
2008-11-20,80.86000061035156,49.619998931884766,87.97000122070312,3.1440000534057617,0.004999999888241291
2008-11-21,72.66999816894531,49.93000030517578,88.19000244140625,3.1670000553131104,0.009999999776482582
2008-11-24,64.69999694824219,54.5,86.08000183105469,3.3399999141693115,0.009999999776482582
2008-11-25,60.900001525878906,50.77000045776367,85.0,3.0920000076293945,0.10000000149011612
2008-11-26,54.91999816894531,54.439998626708984,85.66999816894531,3.000999927520752,0.029999999329447746
2008-11-27,54.91999816894531,54.439998626708984,85.66999816894531,3.000999927520752,0.029999999329447746
2008-11-28,55.279998779296875,54.43000030517578,86.5199966430664,2.9570000171661377,0.019999999552965164
2008-12-01,68.51000213623047,49.279998779296875,86.72000122070312,2.7190001010894775,0.009999999776482582
2008-12-02,62.97999954223633,46.959999084472656,86.69999694824219,2.693000078201294,0.05000000074505806
2008-12-03,60.720001220703125,46.790000915527344,87.02999877929688,2.6760001182556152,0.014999999664723873
2008-12-04,63.63999938964844,43.66999816894531,86.44000244140625,2.569999933242798,0.004999999888241291
2008-12-05,59.93000030517578,40.810001373291016,87.12000274658203,2.6570000648498535,0.009999999776482582
2008-12-08,58.4900016784668,43.709999084472656,85.55999755859375,2.7339999675750732,0.004999999888241291
2008-12-09,58.90999984741211,42.06999969482422,85.83999633789062,2.6689999103546143,0.009999999776482582
2008-12-10,55.72999954223633,43.52000045776367,85.4800033569336,2.684000015258789,0.004999999888241291
2008-12-11,55.779998779296875,47.97999954223633,83.83000183105469,2.6480000019073486,0.009999999776482582
2008-12-12,54.279998779296875,46.279998779296875,83.63999938964844,2.5889999866485596,0.009999999776482582
2008-12-15,56.7599983215332,44.5099983215332,82.2699966430664,2.5329999923706055,0.004999999888241291
2008-12-16,52.369998931884766,43.599998474121094,80.68000030517578,2.36299991607666,0.02500000037252903
2008-12-17,49.84000015258789,40.060001373291016,78.91000366210938,2.190000057220459,0.004999999888241291
2008-12-18,47.34000015258789,36.220001220703125,79.47000122070312,2.0739998817443848,0.004999999888241291
2008-12-19,44.93000030517578,33.869998931884766,81.30000305175781,2.13100004196167,0.004999999888241291
2008-12-22,44.560001373291016,39.90999984741211,81.08999633789062,2.1410000324249268,0.004999999888241291
2008-12-23,45.02000045776367,38.97999954223633,81.23999786376953,2.1630001068115234,0.004999999888241291
2008-12-24,44.209999084472656,35.349998474121094,81.20999908447266,2.178999900817871,0.004999999888241291
2008-12-25,44.209999084472656,35.349998474121094,81.20999908447266,2.178999900817871,0.004999999888241291
2008-12-26,43.380001068115234,37.709999084472656,80.88999938964844,2.13700008392334,0.004999999888241291
2008-12-29,43.900001525878906,40.02000045776367,80.68000030517578,2.0959999561309814,0.009999999776482582
2008-12-30,41.630001068115234,39.029998779296875,80.9000015258789,2.0869998931884766,0.09000000357627869
2008-12-31,40.0,44.599998474121094,81.30999755859375,2.24399995803833,0.11500000208616257
2009-01-01,40.0,44.599998474121094,81.30999755859375,2.24399995803833,0.11500000208616257
2009-01-02,39.189998626708984,46.34000015258789,81.83999633789062,2.4159998893737793,0.08500000089406967
2009-01-05,39.08000183105469,48.810001373291016,82.63999938964844,2.48799991607666,0.08500000089406967
2009-01-06,38.560001373291016,48.58000183105469,82.8499984741211,2.505000114440918,0.12999999523162842
2009-01-07,43.38999938964844,42.630001068115234,82.27999877929688,2.49399995803833,0.10000000149011612
2009-01-08,42.560001373291016,41.70000076293945,81.54000091552734,2.444999933242798,0.07999999821186066
2009-01-09,42.81999969482422,40.83000183105469,82.66000366210938,2.4070000648498535,0.06499999761581421
2009-01-12,45.84000015258789,37.59000015258789,83.0199966430664,2.309000015258789,0.06499999761581421
2009-01-13,43.27000045776367,37.779998779296875,84.2699966430664,2.296999931335449,0.10499999672174454
2009-01-14,49.13999938964844,37.279998779296875,84.41999816894531,2.2130000591278076,0.10999999940395355
2009-01-15,51.0,35.400001525878906,84.44000244140625,2.2009999752044678,0.10000000149011612
2009-01-16,46.11000061035156,36.5099983215332,84.20999908447266,2.303999900817871,0.11500000208616257
2009-01-19,46.11000061035156,36.5099983215332,84.20999908447266,2.303999900817871,0.11500000208616257
2009-01-20,56.650001525878906,38.7400016784668,86.22000122070312,2.3450000286102295,0.10000000149011612
2009-01-21,46.41999816894531,43.54999923706055,85.81999969482422,2.5260000228881836,0.10999999940395355
2009-01-22,47.290000915527344,43.66999816894531,85.5199966430664,2.5940001010894775,0.10000000149011612
2009-01-23,47.27000045776367,46.470001220703125,85.61000061035156,2.621999979019165,0.09000000357627869
2009-01-26,45.689998626708984,45.72999954223633,84.7300033569336,2.6429998874664307,0.10000000149011612
2009-01-27,42.25,41.58000183105469,84.43000030517578,2.5190000534057617,0.12999999523162842
2009-01-28,39.65999984741211,42.15999984741211,84.66999816894531,2.6559998989105225,0.18000000715255737
2009-01-29,42.630001068115234,41.439998626708984,85.27999877929688,2.815000057220459,0.2199999988079071
2009-01-30,44.84000015258789,41.68000030517578,86.0,2.8440001010894775,0.2199999988079071
2009-02-02,45.52000045776367,40.08000183105469,86.06999969482422,2.7190001010894775,0.24500000476837158
2009-02-03,43.060001373291016,40.779998779296875,85.05000305175781,2.8420000076293945,0.3100000023841858
2009-02-04,43.849998474121094,40.31999969482422,85.69999694824219,2.9140000343322754,0.28999999165534973
2009-02-05,43.72999954223633,41.16999816894531,86.05999755859375,2.9000000953674316,0.27000001072883606
2009-02-06,43.369998931884766,40.16999816894531,85.3499984741211,2.9790000915527344,0.27000001072883606
2009-02-09,43.63999938964844,39.560001373291016,84.79000091552734,3.0269999504089355,0.2750000059604645
2009-02-10,46.66999816894531,37.54999923706055,85.80999755859375,2.8469998836517334,0.3050000071525574
2009-02-11,44.529998779296875,35.939998626708984,85.77999877929688,2.76200008392334,0.30000001192092896
2009-02-12,41.25,33.97999954223633,86.55000305175781,2.7269999980926514,0.2849999964237213
2009-02-13,42.93000030517578,37.5099983215332,86.04000091552734,2.881999969482422,0.28999999165534973
2009-02-16,42.93000030517578,37.5099983215332,86.04000091552734,2.881999969482422,0.28999999165534973
2009-02-17,48.65999984741211,34.93000030517578,87.58000183105469,2.6619999408721924,0.2849999964237213
2009-02-18,48.459999084472656,34.619998931884766,88.01000213623047,2.7279999256134033,0.30000001192092896
2009-02-19,47.08000183105469,39.47999954223633,87.44000244140625,2.8570001125335693,0.30000001192092896
2009-02-20,49.29999923706055,38.939998626708984,86.48999786376953,2.7720000743865967,0.26499998569488525
2009-02-23,52.619998931884766,38.439998626708984,87.23999786376953,2.7769999504089355,0.27000001072883606
2009-02-24,45.4900016784668,39.959999084472656,86.88999938964844,2.7990000247955322,0.29499998688697815
2009-02-25,44.66999816894531,42.5,87.91000366210938,2.944999933242798,0.29499998688697815
2009-02-26,44.65999984741211,45.220001220703125,87.7300033569336,2.9779999256134033,0.26499998569488525
2009-02-27,46.349998474121094,44.7599983215332,88.01000213623047,3.0409998893737793,0.25
2009-03-02,52.650001525878906,40.150001525878906,88.94000244140625,2.9189999103546143,0.23000000417232513
2009-03-03,50.93000030517578,41.650001525878906,88.91000366210938,2.937999963760376,0.26499998569488525
2009-03-04,47.560001373291016,45.380001068115234,88.58000183105469,3.010999917984009,0.25
2009-03-05,50.16999816894531,43.61000061035156,89.11000061035156,2.819000005722046,0.20000000298023224
2009-03-06,49.33000183105469,45.52000045776367,88.51000213623047,2.828000068664551,0.1850000023841858
2009-03-09,49.68000030517578,47.06999969482422,89.01000213623047,2.885999917984009,0.20000000298023224
2009-03-10,44.369998931884766,45.709999084472656,88.93000030517578,2.9820001125335693,0.23499999940395355
2009-03-11,43.61000061035156,42.33000183105469,87.87000274658203,2.9159998893737793,0.2199999988079071
2009-03-12,41.18000030517578,47.029998779296875,87.66000366210938,2.8919999599456787,0.20000000298023224
2009-03-13,42.36000061035156,46.25,87.43000030517578,2.884999990463257,0.1899999976158142
2009-03-16,43.7400016784668,47.349998474121094,86.94999694824219,2.9509999752044678,0.2199999988079071
2009-03-17,40.79999923706055,49.15999984741211,86.93000030517578,3.003000020980835,0.22499999403953552
2009-03-18,40.060001373291016,48.13999938964844,84.5999984741211,2.5329999923706055,0.20499999821186066
2009-03-19,43.68000030517578,51.61000061035156,83.12999725341797,2.5969998836517334,0.1899999976158142
2009-03-20,45.88999938964844,51.060001373291016,83.83999633789062,2.625,0.20000000298023224
2009-03-23,43.22999954223633,53.79999923706055,83.43000030517578,2.6600000858306885,0.1899999976158142
2009-03-24,42.93000030517578,53.97999954223633,83.86000061035156,2.6540000438690186,0.20499999821186066
2009-03-25,42.25,52.77000045776367,83.80999755859375,2.7720000743865967,0.1850000023841858
2009-03-26,40.36000061035156,54.34000015258789,84.16999816894531,2.7330000400543213,0.14000000059604645
2009-03-27,41.040000915527344,52.380001068115234,85.11000061035156,2.760999917984009,0.125
2009-03-30,45.540000915527344,48.40999984741211,85.87000274658203,2.7139999866485596,0.11999999731779099
2009-03-31,44.13999938964844,49.65999984741211,85.43000030517578,2.684999942779541,0.20000000298023224
2009-04-01,42.279998779296875,48.38999938964844,85.5,2.6579999923706055,0.20999999344348907
2009-04-02,42.040000915527344,52.63999938964844,84.44999694824219,2.752000093460083,0.1899999976158142
2009-04-03,39.70000076293945,52.5099983215332,84.16999816894531,2.9070000648498535,0.20000000298023224
2009-04-06,40.93000030517578,51.04999923706055,84.56999969482422,2.938999891281128,0.1850000023841858
2009-04-07,40.38999938964844,49.150001525878906,85.29000091552734,2.9089999198913574,0.1899999976158142
2009-04-08,38.849998474121094,49.380001068115234,85.36000061035156,2.8469998836517334,0.18000000715255737
2009-04-09,36.529998779296875,52.2400016784668,85.79000091552734,2.9260001182556152,0.17499999701976776
2009-04-10,36.529998779296875,52.2400016784668,85.79000091552734,2.9260001182556152,0.17499999701976776
2009-04-13,37.810001373291016,50.04999923706055,84.63999938964844,2.8450000286102295,0.17000000178813934
2009-04-14,37.66999816894531,49.40999984741211,84.63999938964844,2.7860000133514404,0.16500000655651093
2009-04-15,36.16999816894531,49.25,85.08000183105469,2.759000062942505,0.14000000059604645
2009-04-16,35.790000915527344,49.97999954223633,85.2300033569336,2.8299999237060547,0.125
2009-04-17,33.939998626708984,50.33000183105469,85.9800033569336,2.930000066757202,0.12999999523162842
2009-04-20,39.18000030517578,45.880001068115234,86.63999938964844,2.8429999351501465,0.11999999731779099
2009-04-21,37.13999938964844,46.5099983215332,86.58000183105469,2.9019999504089355,0.14000000059604645
2009-04-22,38.099998474121094,48.849998474121094,86.19000244140625,2.9639999866485596,0.13500000536441803
2009-04-23,37.150001525878906,49.619998931884766,85.5199966430664,2.927000045776367,0.0949999988079071
2009-04-24,36.81999969482422,51.54999923706055,84.70999908447266,2.996000051498413,0.0949999988079071
2009-04-27,38.31999969482422,50.13999938964844,85.69999694824219,2.9210000038146973,0.09000000357627869
2009-04-28,37.95000076293945,49.91999816894531,85.16000366210938,3.002000093460083,0.11999999731779099
2009-04-29,36.08000183105469,50.970001220703125,84.47000122070312,3.0959999561309814,0.0949999988079071
2009-04-30,36.5,51.119998931884766,84.61000061035156,3.124000072479248,0.125
2009-05-01,35.29999923706055,53.20000076293945,84.55000305175781,3.1740000247955322,0.14499999582767487
2009-05-04,34.529998779296875,54.470001220703125,83.97000122070312,3.1570000648498535,0.17499999701976776
2009-05-05,33.36000061035156,53.84000015258789,84.16000366210938,3.1570000648498535,0.17499999701976776
2009-05-06,32.45000076293945,56.34000015258789,83.80000305175781,3.1519999504089355,0.18000000715255737
2009-05-07,33.439998626708984,56.709999084472656,83.94000244140625,3.2950000762939453,0.18000000715255737
2009-05-08,32.04999923706055,58.630001068115234,82.52999877929688,3.2929999828338623,0.16500000655651093
2009-05-11,32.869998931884766,58.5,82.68000030517578,3.180000066757202,0.1550000011920929
2009-05-12,31.799999237060547,58.849998474121094,82.30999755859375,3.174999952316284,0.18000000715255737
2009-05-13,33.650001525878906,58.02000045776367,82.5,3.1050000190734863,0.17000000178813934
2009-05-14,31.3700008392334,58.619998931884766,82.27999877929688,3.1070001125335693,0.1550000011920929
2009-05-15,33.119998931884766,56.34000015258789,83.0199966430664,3.122999906539917,0.1550000011920929
2009-05-18,30.239999771118164,59.029998779296875,82.66999816894531,3.2109999656677246,0.1599999964237213
2009-05-19,28.799999237060547,59.650001525878906,81.9800033569336,3.243000030517578,0.17499999701976776
2009-05-20,29.030000686645508,62.040000915527344,80.98999786376953,3.2019999027252197,0.17000000178813934
2009-05-21,31.350000381469727,61.04999923706055,80.55999755859375,3.3529999256134033,0.17499999701976776
2009-05-22,32.630001068115234,61.66999816894531,79.95999908447266,3.447999954223633,0.17499999701976776
2009-05-25,32.630001068115234,61.66999816894531,79.95999908447266,3.447999954223633,0.17499999701976776
2009-05-26,30.6200008392334,62.45000076293945,80.12999725341797,3.493000030517578,0.16500000655651093
2009-05-27,32.36000061035156,63.45000076293945,80.33000183105469,3.694999933242798,0.1599999964237213
2009-05-28,31.670000076293945,65.08000183105469,80.43000030517578,3.671999931335449,0.13500000536441803
2009-05-29,28.920000076293945,66.30999755859375,80.43000030517578,3.4649999141693115,0.12999999523162842
2009-06-01,30.040000915527344,68.58000183105469,79.16999816894531,3.7149999141693115,0.08500000089406967
2009-06-02,29.6299991607666,68.55000305175781,78.4000015258789,3.6440000534057617,0.12999999523162842
2009-06-03,31.020000457763672,66.12000274658203,79.5,3.5510001182556152,0.12999999523162842
2009-06-04,30.18000030517578,68.80999755859375,79.41000366210938,3.7160000801086426,0.13500000536441803
2009-06-05,29.6200008392334,68.44000244140625,80.66999816894531,3.861999988555908,0.18000000715255737
2009-06-08,29.770000457763672,68.08999633789062,80.91000366210938,3.8889999389648438,0.17000000178813934
2009-06-09,28.270000457763672,70.01000213623047,79.79000091552734,3.8580000400543213,0.17499999701976776
2009-06-10,28.459999084472656,71.33000183105469,80.33000183105469,3.936000108718872,0.17499999701976776
2009-06-11,28.110000610351562,72.68000030517578,79.41000366210938,3.861999988555908,0.17000000178813934
2009-06-12,28.149999618530273,72.04000091552734,80.13999938964844,3.7880001068115234,0.16500000655651093
2009-06-15,30.809999465942383,70.62000274658203,81.13999938964844,3.7130000591278076,0.1550000011920929
2009-06-16,32.68000030517578,70.47000122070312,80.70999908447266,3.6740000247955322,0.16500000655651093
2009-06-17,31.540000915527344,71.02999877929688,80.16999816894531,3.6470000743865967,0.16500000655651093
2009-06-18,30.030000686645508,71.37000274658203,80.61000061035156,3.8340001106262207,0.17000000178813934
2009-06-19,27.989999771118164,69.55000305175781,80.26000213623047,3.7890000343322754,0.17000000178813934
2009-06-22,31.170000076293945,66.93000030517578,80.77999877929688,3.693000078201294,0.1850000023841858
2009-06-23,30.579999923706055,69.23999786376953,79.83999633789062,3.640000104904175,0.19499999284744263
2009-06-24,29.049999237060547,68.66999816894531,80.55999755859375,3.684999942779541,0.18000000715255737
2009-06-25,26.360000610351562,70.2300033569336,80.4000015258789,3.5460000038146973,0.16500000655651093
2009-06-26,25.93000030517578,69.16000366210938,79.87999725341797,3.50600004196167,0.17499999701976776
2009-06-29,25.350000381469727,71.48999786376953,79.83999633789062,3.492000102996826,0.1599999964237213
2009-06-30,26.350000381469727,69.88999938964844,80.12999725341797,3.5230000019073486,0.18000000715255737
2009-07-01,26.219999313354492,69.30999755859375,79.62999725341797,3.5439999103546143,0.16500000655651093
2009-07-02,27.950000762939453,66.7300033569336,80.1500015258789,3.494999885559082,0.1550000011920929
2009-07-03,27.950000762939453,66.7300033569336,80.1500015258789,3.494999885559082,0.1550000011920929
2009-07-06,29.0,64.05000305175781,80.44999694824219,3.50600004196167,0.1550000011920929
2009-07-07,30.850000381469727,62.93000030517578,80.62000274658203,3.4600000381469727,0.18000000715255737
2009-07-08,31.299999237060547,60.13999938964844,80.7699966430664,3.2890000343322754,0.17499999701976776
2009-07-09,29.780000686645508,60.40999984741211,79.86000061035156,3.4130001068115234,0.17499999701976776
2009-07-10,29.020000457763672,59.88999938964844,80.2300033569336,3.2950000762939453,0.16500000655651093
2009-07-13,26.309999465942383,59.689998626708984,80.12999725341797,3.3459999561309814,0.17000000178813934
2009-07-14,25.020000457763672,59.52000045776367,80.18000030517578,3.447000026702881,0.17499999701976776
2009-07-15,25.889999389648438,61.540000915527344,79.31999969482422,3.5959999561309814,0.17499999701976776
2009-07-16,25.420000076293945,62.02000045776367,79.22000122070312,3.556999921798706,0.16500000655651093
2009-07-17,24.34000015258789,63.560001373291016,79.3499984741211,3.6510000228881836,0.16500000655651093
2009-07-20,24.399999618530273,63.97999954223633,78.91000366210938,3.5850000381469727,0.1599999964237213
2009-07-21,23.8700008392334,64.72000122070312,78.93000030517578,3.4769999980926514,0.18000000715255737
2009-07-22,23.469999313354492,65.4000015258789,78.70999908447266,3.553999900817871,0.18000000715255737
2009-07-23,23.43000030517578,67.16000366210938,78.80000305175781,3.7090001106262207,0.18000000715255737
2009-07-24,23.09000015258789,68.05000305175781,78.75,3.6700000762939453,0.18000000715255737
2009-07-27,24.280000686645508,68.37999725341797,78.62999725341797,3.7130000591278076,0.18000000715255737
2009-07-28,25.010000228881836,67.2300033569336,78.8499984741211,3.687999963760376,0.1850000023841858
2009-07-29,25.610000610351562,63.349998474121094,79.62999725341797,3.6640000343322754,0.17499999701976776
2009-07-30,25.399999618530273,66.94000244140625,79.29000091552734,3.6410000324249268,0.17499999701976776
2009-07-31,25.920000076293945,69.44999694824219,78.3499984741211,3.500999927520752,0.17499999701976776
2009-08-03,25.559999465942383,71.58000183105469,77.63999938964844,3.6389999389648438,0.17499999701976776
2009-08-04,24.889999389648438,71.41999816894531,77.7699966430664,3.678999900817871,0.17499999701976776
2009-08-05,24.899999618530273,71.97000122070312,77.5199966430664,3.7639999389648438,0.17499999701976776
2009-08-06,25.670000076293945,71.94000244140625,78.06999969482422,3.746000051498413,0.17000000178813934
2009-08-07,24.760000228881836,70.93000030517578,78.97000122070312,3.8540000915527344,0.17000000178813934
2009-08-10,24.989999771118164,70.5999984741211,79.26000213623047,3.7709999084472656,0.1599999964237213
2009-08-11,25.989999771118164,69.44999694824219,79.18000030517578,3.693000078201294,0.18000000715255737
2009-08-12,25.450000762939453,70.16000366210938,78.79000091552734,3.7009999752044678,0.17000000178813934
2009-08-13,24.709999084472656,70.5199966430664,78.48999786376953,3.5910000801086426,0.16500000655651093
2009-08-14,24.270000457763672,67.51000213623047,78.88999938964844,3.558000087738037,0.17000000178813934
2009-08-17,27.889999389648438,66.75,79.29000091552734,3.490999937057495,0.17000000178813934
2009-08-18,26.18000030517578,69.19000244140625,78.94000244140625,3.5260000228881836,0.17499999701976776
2009-08-19,26.260000228881836,72.41999816894531,78.47000122070312,3.4630000591278076,0.16500000655651093
2009-08-20,25.09000015258789,72.54000091552734,78.37999725341797,3.434999942779541,0.1599999964237213
2009-08-21,25.010000228881836,73.88999938964844,78.04000091552734,3.555999994277954,0.1599999964237213
2009-08-24,25.139999389648438,74.37000274658203,78.2699966430664,3.49399995803833,0.1550000011920929
2009-08-25,24.920000076293945,72.05000305175781,78.23999786376953,3.450000047683716,0.1550000011920929
2009-08-26,24.950000762939453,71.43000030517578,78.66000366210938,3.437999963760376,0.14499999582767487
2009-08-27,24.68000030517578,72.48999786376953,78.01000213623047,3.4619998931884766,0.14000000059604645
2009-08-28,24.760000228881836,72.73999786376953,78.37000274658203,3.4509999752044678,0.12999999523162842
2009-08-31,26.010000228881836,69.95999908447266,78.16999816894531,3.4010000228881836,0.12999999523162842
2009-09-01,29.149999618530273,68.05000305175781,78.76000213623047,3.375,0.12999999523162842
2009-09-02,28.899999618530273,68.05000305175781,78.37999725341797,3.2950000762939453,0.12999999523162842
2009-09-03,27.100000381469727,67.95999908447266,78.45999908447266,3.328000068664551,0.125
2009-09-04,25.260000228881836,68.0199966430664,78.13999938964844,3.441999912261963,0.125
2009-09-07,25.260000228881836,68.0199966430664,78.13999938964844,3.441999912261963,0.125
2009-09-08,25.6200008392334,71.0999984741211,77.31999969482422,3.4690001010894775,0.125
2009-09-09,24.31999969482422,71.30999755859375,77.08999633789062,3.4790000915527344,0.13500000536441803
2009-09-10,23.549999237060547,71.94000244140625,76.81999969482422,3.3420000076293945,0.13500000536441803
2009-09-11,24.149999618530273,69.29000091552734,76.61000061035156,3.3429999351501465,0.13500000536441803
2009-09-14,23.860000610351562,68.86000061035156,76.69999694824219,3.4059998989105225,0.12999999523162842
2009-09-15,23.420000076293945,70.93000030517578,76.54000091552734,3.4519999027252197,0.125
2009-09-16,23.690000534057617,72.51000213623047,76.23999786376953,3.4709999561309814,0.0949999988079071
2009-09-17,23.649999618530273,72.47000122070312,76.19000244140625,3.3980000019073486,0.0949999988079071
2009-09-18,23.920000076293945,72.04000091552734,76.43000030517578,3.4739999771118164,0.07999999821186066
2009-09-21,24.059999465942383,69.70999908447266,76.77999877929688,3.486999988555908,0.09000000357627869
2009-09-22,23.079999923706055,71.55000305175781,76.12000274658203,3.4560000896453857,0.0949999988079071
2009-09-23,23.489999771118164,68.97000122070312,76.05000305175781,3.4179999828338623,0.0949999988079071
2009-09-24,24.950000762939453,65.88999938964844,76.9000015258789,3.38100004196167,0.09000000357627869
2009-09-25,25.610000610351562,66.0199966430664,76.80999755859375,3.3289999961853027,0.09000000357627869
2009-09-28,24.8799991607666,66.83999633789062,77.05000305175781,3.302000045776367,0.09000000357627869
2009-09-29,25.190000534057617,66.70999908447266,77.12000274658203,3.2920000553131104,0.11999999731779099
2009-09-30,25.610000610351562,70.61000061035156,76.6500015258789,3.306999921798706,0.11500000208616257
2009-10-01,28.270000457763672,70.81999969482422,77.19000244140625,3.194000005722046,0.0949999988079071
2009-10-02,28.68000030517578,69.94999694824219,77.0,3.2209999561309814,0.09000000357627869
2009-10-05,26.84000015258789,70.41000366210938,76.63999938964844,3.2239999771118164,0.09000000357627869
2009-10-06,25.700000762939453,70.87999725341797,76.33999633789062,3.247999906539917,0.07000000029802322
2009-10-07,24.68000030517578,69.56999969482422,76.48999786376953,3.174999952316284,0.05999999865889549
2009-10-08,24.18000030517578,71.69000244140625,75.97000122070312,3.255000114440918,0.05999999865889549
2009-10-09,23.1200008392334,71.7699966430664,76.43000030517578,3.384000062942505,0.06499999761581421
2009-10-12,23.010000228881836,73.2699966430664,76.12999725341797,3.380000114440918,0.05999999865889549
2009-10-13,22.989999771118164,74.1500015258789,75.9800033569336,3.312000036239624,0.05999999865889549
2009-10-14,22.860000610351562,75.18000030517578,75.55000305175781,3.4230000972747803,0.06499999761581421
2009-10-15,21.719999313354492,77.58000183105469,75.4800033569336,3.4700000286102295,0.054999999701976776
2009-10-16,21.43000030517578,78.52999877929688,75.5999984741211,3.4170000553131104,0.05999999865889549
2009-10-19,21.489999771118164,79.61000061035156,75.51000213623047,3.3949999809265137,0.05999999865889549
2009-10-20,20.899999618530273,79.08999633789062,75.56999969482422,3.3369998931884766,0.07500000298023224
2009-10-21,22.219999313354492,81.37000274658203,74.97000122070312,3.4110000133514404,0.06499999761581421
2009-10-22,20.690000534057617,81.19000244140625,75.08999633789062,3.4210000038146973,0.05000000074505806
2009-10-23,22.270000457763672,80.5,75.47000122070312,3.4749999046325684,0.05000000074505806
2009-10-26,24.309999465942383,78.68000030517578,76.05999755859375,3.553999900817871,0.05000000074505806
2009-10-27,24.829999923706055,79.55000305175781,76.13999938964844,3.4619998931884766,0.07000000029802322
2009-10-28,27.90999984741211,77.45999908447266,76.43000030517578,3.4110000133514404,0.05999999865889549
2009-10-29,24.760000228881836,79.87000274658203,75.91999816894531,3.500999927520752,0.05000000074505806
2009-10-30,30.690000534057617,77.0,76.30000305175781,3.3919999599456787,0.04500000178813934
2009-11-02,29.780000686645508,78.12999725341797,76.29000091552734,3.421999931335449,0.03999999910593033
2009-11-03,28.809999465942383,79.5999984741211,76.38999938964844,3.4730000495910645,0.05000000074505806
2009-11-04,27.719999313354492,80.4000015258789,75.63999938964844,3.5460000038146973,0.04500000178813934
2009-11-05,25.43000030517578,79.62000274658203,75.73999786376953,3.5329999923706055,0.03500000014901161
2009-11-06,24.190000534057617,77.43000030517578,75.81999969482422,3.503000020980835,0.04500000178813934
2009-11-09,23.149999618530273,79.43000030517578,75.02999877929688,3.4860000610351562,0.04500000178813934
2009-11-10,22.84000015258789,79.05000305175781,75.0199966430664,3.4820001125335693,0.05999999865889549
2009-11-11,23.040000915527344,79.27999877929688,75.16000366210938,3.4739999771118164,0.05999999865889549
2009-11-12,24.239999771118164,76.94000244140625,75.5999984741211,3.446000099182129,0.054999999701976776
2009-11-13,23.360000610351562,76.3499984741211,75.33000183105469,3.428999900817871,0.054999999701976776
2009-11-16,22.889999389648438,78.9000015258789,74.91000366210938,3.3310000896453857,0.054999999701976776
2009-11-17,22.40999984741211,79.13999938964844,75.37000274658203,3.319000005722046,0.054999999701976776
2009-11-18,21.6299991607666,79.58000183105469,75.18000030517578,3.365999937057495,0.029999999329447746
2009-11-19,22.6299991607666,77.45999908447266,75.29000091552734,3.3489999771118164,0.004999999888241291
2009-11-20,22.190000534057617,76.72000122070312,75.66000366210938,3.3559999465942383,0.009999999776482582
2009-11-23,21.15999984741211,77.55999755859375,75.08999633789062,3.364000082015991,0.019999999552965164
2009-11-24,20.469999313354492,76.0199966430664,75.06999969482422,3.316999912261963,0.03999999910593033
2009-11-25,20.479999542236328,77.95999908447266,74.2699966430664,3.2790000438690186,0.03999999910593033
2009-11-26,20.479999542236328,77.95999908447266,74.2699966430664,3.2790000438690186,0.03999999910593033
2009-11-27,24.739999771118164,76.05000305175781,75.0,3.2309999465942383,0.02500000037252903
2009-11-30,24.510000228881836,77.27999877929688,74.87999725341797,3.2009999752044678,0.05000000074505806
2009-12-01,21.920000076293945,78.37000274658203,74.36000061035156,3.2750000953674316,0.05000000074505806
2009-12-02,21.1200008392334,76.5999984741211,74.66999816894531,3.322999954223633,0.03999999910593033
2009-12-03,22.459999084472656,76.45999908447266,74.62999725341797,3.380000114440918,0.03999999910593033
2009-12-04,21.25,75.47000122070312,75.91000366210938,3.4830000400543213,0.03999999910593033
2009-12-07,22.100000381469727,73.93000030517578,75.7699966430664,3.447999954223633,0.014999999664723873
2009-12-08,23.690000534057617,72.62000274658203,76.30999755859375,3.3919999599456787,0.02500000037252903
2009-12-09,22.65999984741211,70.66999816894531,76.04000091552734,3.4230000972747803,0.02500000037252903
2009-12-10,22.31999969482422,70.54000091552734,76.04000091552734,3.4820001125335693,0.02500000037252903
2009-12-11,21.59000015258789,69.87000274658203,76.56999969482422,3.5399999618530273,0.019999999552965164
2009-12-14,21.149999618530273,69.51000213623047,76.3499984741211,3.5460000038146973,0.019999999552965164
2009-12-15,21.489999771118164,70.69000244140625,76.95999908447266,3.6029999256134033,0.03999999910593033
2009-12-16,20.540000915527344,72.66000366210938,77.0,3.5959999561309814,0.03500000014901161
2009-12-17,22.510000228881836,72.6500015258789,77.69000244140625,3.486999988555908,0.03999999910593033
2009-12-18,21.68000030517578,73.36000061035156,77.81999969482422,3.5460000038146973,0.03999999910593033
2009-12-21,20.489999771118164,72.47000122070312,78.04000091552734,3.681999921798706,0.04500000178813934
2009-12-22,19.540000915527344,74.4000015258789,78.25,3.74399995803833,0.07000000029802322
2009-12-23,19.709999084472656,76.66999816894531,77.9000015258789,3.747999906539917,0.054999999701976776
2009-12-24,19.469999313354492,78.05000305175781,77.83999633789062,3.806999921798706,0.03999999910593033
2009-12-25,19.469999313354492,78.05000305175781,77.83999633789062,3.806999921798706,0.03999999910593033
2009-12-28,19.93000030517578,78.7699966430664,77.62999725341797,3.8420000076293945,0.054999999701976776
2009-12-29,20.010000228881836,78.87000274658203,77.83000183105469,3.809000015258789,0.0949999988079071
2009-12-30,19.959999084472656,79.27999877929688,77.91000366210938,3.7839999198913574,0.03999999910593033
2009-12-31,21.68000030517578,79.36000061035156,77.86000061035156,3.8429999351501465,0.05000000074505806
2010-01-01,21.68000030517578,79.36000061035156,77.86000061035156,3.8429999351501465,0.05000000074505806
2010-01-04,20.040000915527344,81.51000213623047,77.52999877929688,3.8410000801086426,0.054999999701976776
2010-01-05,19.350000381469727,81.7699966430664,77.62000274658203,3.755000114440918,0.05999999865889549
2010-01-06,19.15999984741211,83.18000030517578,77.48999786376953,3.808000087738037,0.04500000178813934
2010-01-07,19.059999465942383,82.66000366210938,77.91000366210938,3.822000026702881,0.04500000178813934
2010-01-08,18.1299991607666,82.75,77.47000122070312,3.808000087738037,0.03999999910593033
2010-01-11,17.549999237060547,82.5199966430664,77.0,3.818000078201294,0.02500000037252903
2010-01-12,18.25,80.79000091552734,76.94999694824219,3.7190001010894775,0.03999999910593033
2010-01-13,17.850000381469727,79.6500015258789,76.8499984741211,3.7829999923706055,0.05000000074505806
2010-01-14,17.6299991607666,79.38999938964844,76.7300033569336,3.7339999675750732,0.04500000178813934
2010-01-15,17.90999984741211,78.0,77.31999969482422,3.6760001182556152,0.054999999701976776
2010-01-18,17.90999984741211,78.0,77.31999969482422,3.6760001182556152,0.054999999701976776
2010-01-19,17.579999923706055,79.0199966430664,77.5,3.7070000171661377,0.05000000074505806
2010-01-20,18.68000030517578,77.62000274658203,78.33999633789062,3.6589999198913574,0.05000000074505806
2010-01-21,22.270000457763672,76.08000183105469,78.31999969482422,3.6110000610351562,0.03999999910593033
2010-01-22,27.309999465942383,74.54000091552734,78.27999877929688,3.5980000495910645,0.04500000178813934
2010-01-25,25.40999984741211,75.26000213623047,78.19000244140625,3.630000114440918,0.04500000178813934
2010-01-26,24.549999237060547,74.70999908447266,78.43000030517578,3.630000114440918,0.06499999761581421
2010-01-27,23.139999389648438,73.66999816894531,78.68000030517578,3.6440000534057617,0.07000000029802322
2010-01-28,23.729999542236328,73.63999938964844,78.9000015258789,3.6579999923706055,0.07000000029802322
2010-01-29,24.6200008392334,72.88999938964844,79.45999908447266,3.6089999675750732,0.07000000029802322
2010-02-01,22.59000015258789,74.43000030517578,79.23999786376953,3.6540000438690186,0.08500000089406967
2010-02-02,21.479999542236328,77.2300033569336,79.01000213623047,3.634999990463257,0.09000000357627869
2010-02-03,21.600000381469727,76.9800033569336,79.37000274658203,3.703000068664551,0.09000000357627869
2010-02-04,26.079999923706055,73.13999938964844,79.91999816894531,3.609999895095825,0.08500000089406967
2010-02-05,26.110000610351562,71.19000244140625,80.44000244140625,3.5460000038146973,0.08500000089406967
2010-02-08,26.510000228881836,71.88999938964844,80.30000305175781,3.5920000076293945,0.09000000357627869
2010-02-09,26.0,73.75,79.86000061035156,3.632999897003174,0.10000000149011612
2010-02-10,25.399999618530273,74.5199966430664,80.02999877929688,3.694000005722046,0.10000000149011612
2010-02-11,23.959999084472656,75.27999877929688,79.98999786376953,3.7330000400543213,0.0949999988079071
2010-02-12,22.729999542236328,74.12999725341797,80.31999969482422,3.693000078201294,0.09000000357627869
2010-02-15,22.729999542236328,74.12999725341797,80.31999969482422,3.693000078201294,0.09000000357627869
2010-02-16,22.25,77.01000213623047,79.69999694824219,3.6640000343322754,0.08500000089406967
2010-02-17,21.719999313354492,77.33000183105469,80.37999725341797,3.742000102996826,0.09000000357627869
2010-02-18,20.6299991607666,79.05999755859375,80.4000015258789,3.802999973297119,0.08500000089406967
2010-02-19,20.020000457763672,79.80999755859375,80.63999938964844,3.7820000648498535,0.0949999988079071
2010-02-22,19.940000534057617,80.16000366210938,80.51000213623047,3.7990000247955322,0.08500000089406967
2010-02-23,21.3700008392334,78.86000061035156,80.8499984741211,3.690999984741211,0.11500000208616257
2010-02-24,20.270000457763672,80.0,80.8499984741211,3.694999933242798,0.10999999940395355
2010-02-25,20.100000381469727,78.16999816894531,80.79000091552734,3.6419999599456787,0.11500000208616257
2010-02-26,19.5,79.66000366210938,80.36000061035156,3.5950000286102295,0.11500000208616257
2010-03-01,19.260000228881836,78.69999694824219,80.66000366210938,3.6059999465942383,0.11999999731779099
2010-03-02,19.059999465942383,79.68000030517578,80.5199966430664,3.614000082015991,0.125
2010-03-03,18.829999923706055,80.87000274658203,79.9800033569336,3.625,0.13500000536441803
2010-03-04,18.719999313354492,80.20999908447266,80.55999755859375,3.6059999465942383,0.13500000536441803
2010-03-05,17.420000076293945,81.5,80.43000030517578,3.681999921798706,0.14499999582767487
2010-03-08,17.790000915527344,81.87000274658203,80.43000030517578,3.7079999446868896,0.14499999582767487
2010-03-09,17.920000076293945,81.48999786376953,80.58999633789062,3.7009999752044678,0.15000000596046448
2010-03-10,18.56999969482422,82.08999633789062,80.44999694824219,3.7200000286102295,0.14499999582767487
2010-03-11,18.059999465942383,82.11000061035156,80.31999969482422,3.7200000286102295,0.14499999582767487
2010-03-12,17.579999923706055,81.23999786376953,79.83000183105469,3.7100000381469727,0.14000000059604645
2010-03-15,18.0,79.80000305175781,80.25,3.7039999961853027,0.14499999582767487
2010-03-16,17.690000534057617,81.69999694824219,79.75,3.6530001163482666,0.1550000011920929
2010-03-17,16.90999984741211,82.93000030517578,79.63999938964844,3.6419999599456787,0.15000000596046448
2010-03-18,16.6200008392334,82.19999694824219,80.22000122070312,3.671999931335449,0.14499999582767487
2010-03-19,16.969999313354492,80.68000030517578,80.72000122070312,3.687000036239624,0.14499999582767487
2010-03-22,16.8700008392334,81.25,80.6500015258789,3.6630001068115234,0.14000000059604645
2010-03-23,16.350000381469727,81.91000366210938,80.9000015258789,3.680000066757202,0.12999999523162842
2010-03-24,17.549999237060547,80.61000061035156,81.83999633789062,3.8289999961853027,0.13500000536441803
2010-03-25,18.399999618530273,80.52999877929688,82.12000274658203,3.9010000228881836,0.12999999523162842
2010-03-26,17.770000457763672,80.0,81.68000030517578,3.8550000190734863,0.12999999523162842
2010-03-29,17.59000015258789,82.16999816894531,81.36000061035156,3.864000082015991,0.125
2010-03-30,17.1299991607666,82.37000274658203,81.47000122070312,3.868000030517578,0.15000000596046448
2010-03-31,17.59000015258789,83.76000213623047,81.06999969482422,3.8329999446868896,0.15000000596046448
2010-04-01,17.469999313354492,84.87000274658203,80.77999877929688,3.8589999675750732,0.15000000596046448
2010-04-02,17.469999313354492,84.87000274658203,80.77999877929688,3.8589999675750732,0.15000000596046448
2010-04-05,17.020000457763672,86.62000274658203,81.08999633789062,3.99399995803833,0.1599999964237213
2010-04-06,16.229999542236328,86.83999633789062,81.38999938964844,3.9679999351501465,0.16500000655651093
2010-04-07,16.6200008392334,85.87999725341797,81.44000244140625,3.86299991607666,0.1599999964237213
2010-04-08,16.479999542236328,85.38999938964844,81.52999877929688,3.8959999084472656,0.1550000011920929
2010-04-09,16.139999389648438,84.91999816894531,81.08999633789062,3.888000011444092,0.15000000596046448
2010-04-12,15.579999923706055,84.33999633789062,80.55999755859375,3.8459999561309814,0.13500000536441803
2010-04-13,16.200000762939453,84.05000305175781,80.51000213623047,3.811000108718872,0.15000000596046448
2010-04-14,15.59000015258789,85.83999633789062,80.19000244140625,3.8550000190734863,0.1550000011920929
2010-04-15,15.890000343322754,85.51000213623047,80.4800033569336,3.8480000495910645,0.15000000596046448
2010-04-16,18.360000610351562,83.23999786376953,80.81999969482422,3.7699999809265137,0.15000000596046448
2010-04-19,17.34000015258789,81.44999694824219,81.0,3.806999921798706,0.15000000596046448
2010-04-20,15.729999542236328,83.44999694824219,81.05000305175781,3.805000066757202,0.14499999582767487
2010-04-21,16.31999969482422,83.68000030517578,81.16000366210938,3.73799991607666,0.14499999582767487
2010-04-22,16.469999313354492,83.69999694824219,81.56999969482422,3.7720000743865967,0.15000000596046448
2010-04-23,16.6200008392334,85.12000274658203,81.3499984741211,3.816999912261963,0.1550000011920929
2010-04-26,17.469999313354492,84.19999694824219,81.4800033569336,3.815000057220459,0.15000000596046448
2010-04-27,22.809999465942383,82.44000244140625,82.1500015258789,3.690000057220459,0.14499999582767487
2010-04-28,21.079999923706055,83.22000122070312,82.37999725341797,3.7730000019073486,0.1550000011920929
2010-04-29,18.440000534057617,85.16999816894531,82.0,3.7279999256134033,0.1599999964237213
2010-04-30,22.049999237060547,86.1500015258789,81.87000274658203,3.6630001068115234,0.1550000011920929
2010-05-03,20.190000534057617,86.19000244140625,82.2699966430664,3.7049999237060547,0.1599999964237213
2010-05-04,23.84000015258789,82.73999786376953,83.30000305175781,3.61299991607666,0.1550000011920929
2010-05-05,24.90999984741211,79.97000122070312,84.08000183105469,3.549999952316284,0.14499999582767487
2010-05-06,32.79999923706055,77.11000061035156,84.88999938964844,3.3980000019073486,0.10000000149011612
2010-05-07,40.95000076293945,75.11000061035156,84.44999694824219,3.428999900817871,0.11999999731779099
2010-05-10,28.84000015258789,76.80000305175781,84.16000366210938,3.5390000343322754,0.14499999582767487
2010-05-11,28.31999969482422,76.37000274658203,84.47000122070312,3.5350000858306885,0.15000000596046448
2010-05-12,25.520000457763672,75.6500015258789,84.83000183105469,3.566999912261963,0.15000000596046448
2010-05-13,26.68000030517578,74.4000015258789,85.20999908447266,3.563999891281128,0.1550000011920929
2010-05-14,31.239999771118164,71.61000061035156,86.0999984741211,3.441999912261963,0.14499999582767487
2010-05-17,30.84000015258789,70.08000183105469,86.20999908447266,3.4719998836517334,0.15000000596046448
2010-05-18,33.54999923706055,69.41000366210938,87.16000366210938,3.375999927520752,0.16500000655651093
2010-05-19,35.31999969482422,69.87000274658203,86.38999938964844,3.3589999675750732,0.16500000655651093
2010-05-20,45.790000915527344,68.01000213623047,85.56999969482422,3.2639999389648438,0.1550000011920929
2010-05-21,40.099998474121094,70.04000091552734,85.37000274658203,3.200000047683716,0.15000000596046448
2010-05-24,38.31999969482422,70.20999908447266,86.20999908447266,3.2269999980926514,0.15000000596046448
2010-05-25,34.61000061035156,68.75,86.77999877929688,3.1579999923706055,0.1599999964237213
2010-05-26,35.02000045776367,71.51000213623047,87.12000274658203,3.2179999351501465,0.1599999964237213
2010-05-27,29.68000030517578,74.55000305175781,86.18000030517578,3.3380000591278076,0.1599999964237213
2010-05-28,32.06999969482422,73.97000122070312,86.4800033569336,3.3010001182556152,0.15000000596046448
2010-05-31,32.06999969482422,73.97000122070312,86.4800033569336,3.3010001182556152,0.15000000596046448
2010-06-01,35.540000915527344,72.58000183105469,86.63999938964844,3.2960000038146973,0.14499999582767487
2010-06-02,30.170000076293945,72.86000061035156,86.79000091552734,3.3340001106262207,0.14499999582767487
2010-06-03,29.459999084472656,74.61000061035156,87.13999938964844,3.378999948501587,0.12999999523162842
2010-06-04,35.47999954223633,71.51000213623047,88.2300033569336,3.194999933242798,0.11999999731779099
2010-06-07,36.56999969482422,71.44000244140625,88.4000015258789,3.184000015258789,0.10499999672174454
2010-06-08,33.70000076293945,71.98999786376953,88.38999938964844,3.1679999828338623,0.10999999940395355
2010-06-09,33.72999954223633,74.37999725341797,87.9000015258789,3.187000036239624,0.0949999988079071
2010-06-10,30.56999969482422,75.4800033569336,87.16999816894531,3.319000005722046,0.08500000089406967
2010-06-11,28.790000915527344,73.77999877929688,87.51000213623047,3.2160000801086426,0.07000000029802322
2010-06-14,28.579999923706055,75.12000274658203,86.51000213623047,3.2750000953674316,0.054999999701976776
2010-06-15,25.8700008392334,76.94000244140625,85.9800033569336,3.309999942779541,0.07999999821186066
2010-06-16,25.920000076293945,77.66999816894531,86.08000183105469,3.2820000648498535,0.09000000357627869
2010-06-17,25.049999237060547,76.79000091552734,85.69000244140625,3.190000057220459,0.09000000357627869
2010-06-18,23.950000762939453,77.18000030517578,85.69999694824219,3.2230000495910645,0.0949999988079071
2010-06-21,24.8799991607666,77.81999969482422,85.93000030517578,3.243000030517578,0.10499999672174454
2010-06-22,27.049999237060547,77.20999908447266,86.11000061035156,3.1659998893737793,0.125
2010-06-23,26.90999984741211,76.3499984741211,85.73999786376953,3.115000009536743,0.11999999731779099
2010-06-24,29.739999771118164,76.51000213623047,85.7300033569336,3.122999906539917,0.125
2010-06-25,28.530000686645508,78.86000061035156,85.30999755859375,3.11299991607666,0.125
2010-06-28,29.0,78.25,85.6500015258789,3.0320000648498535,0.13500000536441803
2010-06-29,34.130001068115234,75.94000244140625,86.02999877929688,2.9670000076293945,0.1599999964237213
2010-06-30,34.540000915527344,75.62999725341797,86.0199966430664,2.9509999752044678,0.17000000178813934
2010-07-01,32.86000061035156,72.94999694824219,84.72000122070312,2.927000045776367,0.16500000655651093
2010-07-02,30.1200008392334,72.13999938964844,84.43000030517578,2.9790000915527344,0.1599999964237213
2010-07-05,30.1200008392334,72.13999938964844,84.43000030517578,2.9790000915527344,0.1599999964237213
2010-07-06,29.649999618530273,71.9800033569336,84.08000183105469,2.931999921798706,0.1599999964237213
2010-07-07,26.84000015258789,74.06999969482422,83.81999969482422,2.9800000190734863,0.1550000011920929
2010-07-08,25.709999084472656,75.44000244140625,83.81999969482422,3.0199999809265137,0.14499999582767487
2010-07-09,24.979999542236328,76.08999633789062,83.94999694824219,3.055999994277954,0.14499999582767487
2010-07-12,24.43000030517578,74.94999694824219,84.19999694824219,3.0460000038146973,0.14000000059604645
2010-07-13,24.559999465942383,77.1500015258789,83.63999938964844,3.114000082015991,0.14499999582767487
2010-07-14,24.889999389648438,77.04000091552734,83.43000030517578,3.049999952316284,0.14499999582767487
2010-07-15,25.139999389648438,76.62000274658203,82.55999755859375,2.9779999256134033,0.14499999582767487
2010-07-16,26.25,76.01000213623047,82.48999786376953,2.938999891281128,0.14499999582767487
2010-07-19,25.969999313354492,76.54000091552734,82.51000213623047,2.9639999866485596,0.14499999582767487
2010-07-20,23.93000030517578,77.44000244140625,82.75,2.931999921798706,0.15000000596046448
2010-07-21,25.639999389648438,76.55999755859375,83.38999938964844,2.8919999599456787,0.15000000596046448
2010-07-22,24.6299991607666,79.30000305175781,82.5999984741211,2.931999921798706,0.14499999582767487
2010-07-23,23.469999313354492,78.9800033569336,82.45999908447266,2.99399995803833,0.14499999582767487
2010-07-26,22.729999542236328,78.9800033569336,82.08999633789062,2.99399995803833,0.14499999582767487
2010-07-27,23.190000534057617,77.5,82.18000030517578,3.046999931335449,0.15000000596046448
2010-07-28,24.25,76.98999786376953,82.18000030517578,3.000999927520752,0.14499999582767487
2010-07-29,24.1299991607666,78.36000061035156,81.63999938964844,2.999000072479248,0.14499999582767487
2010-07-30,23.5,78.94999694824219,81.54000091552734,2.9070000648498535,0.14000000059604645
2010-08-02,22.010000228881836,81.33999633789062,80.94000244140625,2.9630000591278076,0.14000000059604645
2010-08-03,22.6299991607666,82.55000305175781,80.5999984741211,2.9140000343322754,0.15000000596046448
2010-08-04,22.209999084472656,82.47000122070312,80.88999938964844,2.9519999027252197,0.14499999582767487
2010-08-05,22.100000381469727,82.01000213623047,80.81999969482422,2.9149999618530273,0.14000000059604645
2010-08-06,21.739999771118164,80.69999694824219,80.41000366210938,2.8239998817443848,0.14000000059604645
2010-08-09,22.139999389648438,81.4800033569336,80.70999908447266,2.822000026702881,0.14000000059604645
2010-08-10,22.3700008392334,80.25,80.80000305175781,2.7809998989105225,0.14499999582767487
2010-08-11,25.389999389648438,78.0199966430664,82.29000091552734,2.684999942779541,0.14499999582767487
2010-08-12,25.729999542236328,75.73999786376953,82.63999938964844,2.734999895095825,0.15000000596046448
2010-08-13,26.239999771118164,75.38999938964844,82.94999694824219,2.687999963760376,0.14499999582767487
2010-08-16,26.100000381469727,75.23999786376953,82.52999877929688,2.575000047683716,0.15000000596046448
2010-08-17,24.329999923706055,75.7699966430664,82.2300033569336,2.6449999809265137,0.1550000011920929
2010-08-18,24.59000015258789,75.41999816894531,82.22000122070312,2.6410000324249268,0.15000000596046448
2010-08-19,26.440000534057617,74.43000030517578,82.44999694824219,2.5789999961853027,0.14499999582767487
2010-08-20,25.489999771118164,73.45999908447266,83.05999755859375,2.611999988555908,0.14499999582767487
2010-08-23,25.65999984741211,73.0999984741211,83.12000274658203,2.6070001125335693,0.15000000596046448
2010-08-24,27.459999084472656,71.62999725341797,83.1500015258789,2.499000072479248,0.1550000011920929
2010-08-25,26.700000762939453,72.5199966430664,83.26000213623047,2.5380001068115234,0.15000000596046448
2010-08-26,27.3700008392334,73.36000061035156,82.93000030517578,2.499000072479248,0.14499999582767487
2010-08-27,24.450000762939453,75.16999816894531,82.91999816894531,2.6519999504089355,0.14000000059604645
2010-08-30,27.209999084472656,74.69999694824219,83.16000366210938,2.5450000762939453,0.12999999523162842
2010-08-31,26.049999237060547,71.91999816894531,83.19999694824219,2.4769999980926514,0.13500000536441803
2010-09-01,23.889999389648438,73.91000366210938,82.5199966430664,2.5820000171661377,0.12999999523162842
2010-09-02,23.190000534057617,75.0199966430664,82.45999908447266,2.628000020980835,0.125
2010-09-03,21.309999465942383,74.5999984741211,83.0999984741211,2.7060000896453857,0.125
2010-09-06,21.309999465942383,74.5999984741211,83.0999984741211,2.7060000896453857,0.125
2010-09-07,23.799999237060547,74.08999633789062,82.81999969482422,2.6089999675750732,0.11999999731779099
2010-09-08,23.25,74.66999816894531,82.58999633789062,2.6540000438690186,0.12999999523162842
2010-09-09,22.809999465942383,74.25,82.66999816894531,2.760999917984009,0.13500000536441803
2010-09-10,21.989999771118164,76.44999694824219,82.69999694824219,2.7950000762939453,0.13500000536441803
2010-09-13,21.209999084472656,77.19000244140625,81.91000366210938,2.740999937057495,0.13500000536441803
2010-09-14,21.559999465942383,76.80000305175781,81.08000183105469,2.6659998893737793,0.14499999582767487
2010-09-15,22.100000381469727,76.0199966430664,81.48999786376953,2.7230000495910645,0.15000000596046448
2010-09-16,21.719999313354492,74.56999969482422,81.23999786376953,2.759000062942505,0.15000000596046448
2010-09-17,22.010000228881836,73.66000366210938,81.4000015258789,2.746000051498413,0.14499999582767487
2010-09-20,21.5,74.86000061035156,81.33999633789062,2.7060000896453857,0.15000000596046448
2010-09-21,22.350000381469727,73.5199966430664,80.44000244140625,2.5940001010894775,0.1550000011920929
2010-09-22,22.510000228881836,74.70999908447266,79.83000183105469,2.5480000972747803,0.1550000011920929
2010-09-23,23.8700008392334,75.18000030517578,80.01000213623047,2.555000066757202,0.15000000596046448
2010-09-24,21.709999084472656,76.48999786376953,79.38999938964844,2.611999988555908,0.14000000059604645
2010-09-27,22.540000915527344,76.5199966430664,79.33999633789062,2.5169999599456787,0.12999999523162842
2010-09-28,22.600000381469727,76.18000030517578,79.01000213623047,2.4560000896453857,0.15000000596046448
2010-09-29,23.25,77.86000061035156,78.69000244140625,2.50600004196167,0.1550000011920929
2010-09-30,23.700000762939453,79.97000122070312,78.72000122070312,2.5169999599456787,0.1550000011920929
2010-10-01,22.5,81.58000183105469,78.08999633789062,2.5260000228881836,0.15000000596046448
2010-10-04,23.530000686645508,81.47000122070312,78.44999694824219,2.4790000915527344,0.14499999582767487
2010-10-05,21.760000228881836,82.81999969482422,77.75,2.4739999771118164,0.11500000208616257
2010-10-06,21.489999771118164,83.2300033569336,77.38999938964844,2.3989999294281006,0.11500000208616257
2010-10-07,21.559999465942383,81.66999816894531,77.38999938964844,2.3959999084472656,0.11500000208616257
2010-10-08,20.709999084472656,82.66000366210938,77.31999969482422,2.38100004196167,0.11500000208616257
2010-10-11,18.959999084472656,82.20999908447266,77.44000244140625,2.38100004196167,0.11500000208616257
2010-10-12,18.93000030517578,81.66999816894531,77.36000061035156,2.421999931335449,0.11500000208616257
2010-10-13,19.06999969482422,83.01000213623047,77.06999969482422,2.430999994277954,0.12999999523162842
2010-10-14,19.8799991607666,82.69000244140625,76.6500015258789,2.494999885559082,0.13500000536441803
2010-10-15,19.030000686645508,81.25,77.04000091552734,2.5759999752044678,0.13500000536441803
2010-10-18,19.09000015258789,83.08000183105469,76.93000030517578,2.490999937057495,0.13500000536441803
2010-10-19,20.6299991607666,79.48999786376953,78.18000030517578,2.4749999046325684,0.13500000536441803
2010-10-20,19.790000915527344,81.7699966430664,77.16999816894531,2.4700000286102295,0.13500000536441803
2010-10-21,19.270000457763672,80.55999755859375,77.41999816894531,2.5309998989105225,0.11999999731779099
2010-10-22,18.780000686645508,81.69000244140625,77.47000122070312,2.562999963760376,0.11999999731779099
2010-10-25,19.850000381469727,82.5199966430664,77.0999984741211,2.553999900817871,0.11500000208616257
2010-10-26,20.219999313354492,82.55000305175781,77.70999908447266,2.635999917984009,0.12999999523162842
2010-10-27,20.709999084472656,81.94000244140625,78.1500015258789,2.7119998931884766,0.12999999523162842
2010-10-28,20.8799991607666,82.18000030517578,77.30999755859375,2.6610000133514404,0.125
2010-10-29,21.200000762939453,81.43000030517578,77.2699966430664,2.611999988555908,0.10999999940395355
2010-11-01,21.829999923706055,82.94999694824219,77.30000305175781,2.628000020980835,0.10499999672174454
2010-11-02,21.56999969482422,83.9000015258789,76.72000122070312,2.5940001010894775,0.125
2010-11-03,19.559999465942383,84.69000244140625,76.4800033569336,2.61899995803833,0.11999999731779099
2010-11-04,18.520000457763672,86.48999786376953,75.87999725341797,2.4839999675750732,0.11500000208616257
2010-11-05,18.260000228881836,86.8499984741211,76.55000305175781,2.5360000133514404,0.11999999731779099
2010-11-08,18.290000915527344,87.05999755859375,77.02999877929688,2.562999963760376,0.10999999940395355
2010-11-09,19.079999923706055,86.72000122070312,77.44000244140625,2.6589999198913574,0.125
2010-11-10,18.469999313354492,87.80999755859375,77.62999725341797,2.6480000019073486,0.125
2010-11-11,18.639999389648438,87.80999755859375,78.22000122070312,2.6480000019073486,0.125
2010-11-12,20.610000610351562,84.87999725341797,78.08000183105469,2.75600004196167,0.125
2010-11-15,20.200000762939453,84.86000061035156,78.5199966430664,2.9110000133514404,0.12999999523162842
2010-11-16,22.579999923706055,82.33999633789062,79.20999908447266,2.8469998836517334,0.13500000536441803
2010-11-17,21.760000228881836,80.44000244140625,79.08000183105469,2.864000082015991,0.13500000536441803
2010-11-18,18.75,81.8499984741211,78.62000274658203,2.9019999504089355,0.13500000536441803
2010-11-19,18.040000915527344,81.51000213623047,78.5,2.875,0.12999999523162842
2010-11-22,18.3700008392334,81.73999786376953,78.68000030517578,2.812999963760376,0.125
2010-11-23,20.6299991607666,81.25,79.68000030517578,2.76200008392334,0.14000000059604645
2010-11-24,19.559999465942383,83.86000061035156,79.87000274658203,2.9140000343322754,0.15000000596046448
2010-11-25,19.559999465942383,83.86000061035156,79.87000274658203,2.9140000343322754,0.15000000596046448
2010-11-26,22.219999313354492,83.76000213623047,80.36000061035156,2.864000082015991,0.1550000011920929
2010-11-29,21.530000686645508,85.7300033569336,80.83999633789062,2.822000026702881,0.1550000011920929
2010-11-30,23.540000915527344,84.11000061035156,81.19999694824219,2.796999931335449,0.1599999964237213
2010-12-01,21.360000610351562,86.75,80.70999908447266,2.9639999866485596,0.1550000011920929
2010-12-02,19.389999389648438,88.0,80.30000305175781,3.0,0.14499999582767487
2010-12-03,18.010000228881836,89.19000244140625,79.37999725341797,3.0169999599456787,0.12999999523162842
2010-12-06,18.020000457763672,89.37999725341797,79.56999969482422,2.940999984741211,0.125
2010-12-07,17.989999771118164,88.69000244140625,79.86000061035156,3.1649999618530273,0.14000000059604645
2010-12-08,17.739999771118164,88.27999877929688,80.0,3.2360000610351562,0.13500000536441803
2010-12-09,17.25,88.37000274658203,80.06999969482422,3.2230000495910645,0.13500000536441803
2010-12-10,17.610000610351562,87.79000091552734,80.06999969482422,3.2960000038146973,0.11500000208616257
2010-12-13,17.549999237060547,88.61000061035156,79.27999877929688,3.2829999923706055,0.11999999731779099
2010-12-14,17.610000610351562,88.27999877929688,79.37000274658203,3.4549999237060547,0.13500000536441803
2010-12-15,17.940000534057617,88.62000274658203,80.26000213623047,3.5199999809265137,0.13500000536441803
2010-12-16,17.389999389648438,87.69999694824219,80.18000030517578,3.4769999980926514,0.125
2010-12-17,16.110000610351562,88.0199966430664,80.37000274658203,3.3299999237060547,0.10499999672174454
2010-12-20,16.40999984741211,88.80999755859375,80.62999725341797,3.3489999771118164,0.10000000149011612
2010-12-21,16.489999771118164,89.81999969482422,80.72000122070312,3.3259999752044678,0.12999999523162842
2010-12-22,15.449999809265137,90.4800033569336,80.7300033569336,3.3459999561309814,0.12999999523162842
2010-12-23,16.469999313354492,91.51000213623047,80.5,3.3929998874664307,0.12999999523162842
2010-12-24,16.469999313354492,91.51000213623047,80.5,3.3929998874664307,0.12999999523162842
2010-12-27,17.670000076293945,91.0,80.37000274658203,3.3510000705718994,0.11999999731779099
2010-12-28,17.520000457763672,91.48999786376953,80.36000061035156,3.4809999465942383,0.14000000059604645
2010-12-29,17.280000686645508,91.12000274658203,79.80000305175781,3.3410000801086426,0.125
2010-12-30,17.520000457763672,89.83999633789062,79.5199966430664,3.36899995803833,0.10999999940395355
2010-12-31,17.75,91.37999725341797,79.02999877929688,3.305000066757202,0.11500000208616257
2011-01-03,17.610000610351562,91.55000305175781,79.12999725341797,3.3420000076293945,0.11999999731779099
2011-01-04,17.3799991607666,89.37999725341797,79.44000244140625,3.3459999561309814,0.13500000536441803
2011-01-05,17.020000457763672,90.30000305175781,80.26000213623047,3.4830000400543213,0.13500000536441803
2011-01-06,17.399999618530273,88.37999725341797,80.79000091552734,3.4189999103546143,0.14000000059604645
2011-01-07,17.139999389648438,88.02999877929688,81.01000213623047,3.328000068664551,0.13500000536441803
2011-01-10,17.540000915527344,89.25,80.87999725341797,3.303999900817871,0.13500000536441803
2011-01-11,16.889999389648438,91.11000061035156,80.8499984741211,3.3410000801086426,0.14499999582767487
2011-01-12,16.239999771118164,91.86000061035156,80.02999877929688,3.3550000190734863,0.14499999582767487
2011-01-13,16.389999389648438,91.4000015258789,79.19000244140625,3.3010001182556152,0.14000000059604645
2011-01-14,15.460000038146973,91.54000091552734,79.16000366210938,3.3329999446868896,0.14499999582767487
2011-01-17,15.460000038146973,91.54000091552734,79.16000366210938,3.3329999446868896,0.14499999582767487
2011-01-18,15.869999885559082,91.37999725341797,78.95999908447266,3.364000082015991,0.14499999582767487
2011-01-19,17.309999465942383,90.86000061035156,78.63999938964844,3.3369998931884766,0.1550000011920929
2011-01-20,17.989999771118164,88.86000061035156,78.81999969482422,3.4590001106262207,0.1550000011920929
2011-01-21,18.469999313354492,89.11000061035156,78.20999908447266,3.4159998893737793,0.15000000596046448
2011-01-24,17.649999618530273,87.87000274658203,78.05000305175781,3.4079999923706055,0.15000000596046448
2011-01-25,17.59000015258789,86.19000244140625,78.0,3.319000005722046,0.15000000596046448
2011-01-26,16.639999389648438,87.33000183105469,77.9000015258789,3.427999973297119,0.1550000011920929
2011-01-27,16.149999618530273,85.63999938964844,77.7300033569336,3.384999990463257,0.14000000059604645
2011-01-28,20.040000915527344,89.33999633789062,78.12999725341797,3.3289999961853027,0.13500000536441803
2011-01-31,19.530000686645508,92.19000244140625,77.73999786376953,3.378000020980835,0.14499999582767487
2011-02-01,17.6299991607666,90.7699966430664,77.06999969482422,3.443000078201294,0.15000000596046448
2011-02-02,17.299999237060547,90.86000061035156,77.16000366210938,3.489000082015991,0.15000000596046448
2011-02-03,16.690000534057617,90.54000091552734,77.75,3.5409998893737793,0.14499999582767487
2011-02-04,15.930000305175781,89.02999877929688,78.04000091552734,3.6519999504089355,0.14499999582767487
2011-02-07,16.280000686645508,87.4800033569336,78.02999877929688,3.6440000534057617,0.14000000059604645
2011-02-08,15.8100004196167,86.94000244140625,78.0,3.7249999046325684,0.14499999582767487
2011-02-09,15.869999885559082,86.70999908447266,77.63999938964844,3.6419999599456787,0.12999999523162842
2011-02-10,16.09000015258789,86.7300033569336,78.25,3.7079999446868896,0.10999999940395355
2011-02-11,15.6899995803833,85.58000183105469,78.45999908447266,3.6459999084472656,0.10999999940395355
2011-02-14,15.949999809265137,84.80999755859375,78.61000061035156,3.614000082015991,0.10999999940395355
2011-02-15,16.3700008392334,84.31999969482422,78.56999969482422,3.615999937057495,0.125
2011-02-16,16.719999313354492,84.98999786376953,78.22000122070312,3.621000051498413,0.10999999940395355
2011-02-17,16.59000015258789,86.36000061035156,78.0,3.5739998817443848,0.09000000357627869
2011-02-18,16.43000030517578,86.19999694824219,77.66000366210938,3.5889999866485596,0.09000000357627869
2011-02-21,16.43000030517578,86.19999694824219,77.66000366210938,3.5889999866485596,0.09000000357627869
2011-02-22,20.799999237060547,93.56999969482422,77.7699966430664,3.4609999656677246,0.10000000149011612
2011-02-23,22.1299991607666,98.0999984741211,77.41000366210938,3.486999988555908,0.11500000208616257
2011-02-24,21.31999969482422,97.27999877929688,77.05999755859375,3.437999963760376,0.11999999731779099
2011-02-25,19.219999313354492,97.87999725341797,77.27999877929688,3.424999952316284,0.125
2011-02-28,18.350000381469727,96.97000122070312,76.88999938964844,3.4140000343322754,0.13500000536441803
2011-03-01,21.010000228881836,99.62999725341797,77.05000305175781,3.4140000343322754,0.12999999523162842
2011-03-02,20.700000762939453,102.2300033569336,76.66999816894531,3.4639999866485596,0.11999999731779099
2011-03-03,18.600000381469727,101.91000366210938,76.4800033569336,3.572000026702881,0.125
2011-03-04,19.059999465942383,104.41999816894531,76.4000015258789,3.492000102996826,0.10999999940395355
2011-03-07,20.65999984741211,105.44000244140625,76.5,3.496999979019165,0.10000000149011612
2011-03-08,19.81999969482422,105.0199966430664,76.80000305175781,3.5439999103546143,0.10499999672174454
2011-03-09,20.219999313354492,104.37999725341797,76.72000122070312,3.4690001010894775,0.0949999988079071
2011-03-10,21.8799991607666,102.69999694824219,77.27999877929688,3.3929998874664307,0.06499999761581421
2011-03-11,20.079999923706055,101.16000366210938,76.77999877929688,3.3929998874664307,0.07000000029802322
2011-03-14,21.1299991607666,101.19000244140625,76.3499984741211,3.3469998836517334,0.07500000298023224
2011-03-15,24.31999969482422,97.18000030517578,76.33000183105469,3.322999954223633,0.0949999988079071
2011-03-16,29.399999618530273,97.9800033569336,76.68000030517578,3.2119998931884766,0.08500000089406967
2011-03-17,26.3700008392334,101.41999816894531,76.04000091552734,3.247999906539917,0.07000000029802322
2011-03-18,24.440000534057617,101.06999969482422,75.72000122070312,3.2769999504089355,0.06499999761581421
2011-03-21,20.610000610351562,102.33000183105469,75.4000015258789,3.322999954223633,0.07000000029802322
2011-03-22,20.209999084472656,104.0,75.43000030517578,3.3320000171661377,0.09000000357627869
2011-03-23,19.170000076293945,105.75,75.79000091552734,3.3480000495910645,0.08500000089406967
2011-03-24,18.0,105.5999984741211,75.66000366210938,3.4040000438690186,0.07999999821186066
2011-03-25,17.90999984741211,105.4000015258789,76.22000122070312,3.444000005722046,0.07999999821186066
2011-03-28,19.440000534057617,103.9800033569336,76.12999725341797,3.447999954223633,0.07999999821186066
2011-03-29,18.15999984741211,104.79000091552734,76.25,3.490999937057495,0.0949999988079071
2011-03-30,17.709999084472656,104.2699966430664,76.12000274658203,3.4549999237060547,0.0949999988079071
2011-03-31,17.739999771118164,106.72000122070312,75.86000061035156,3.4539999961853027,0.09000000357627869
2011-04-01,17.399999618530273,107.94000244140625,75.83000183105469,3.4509999752044678,0.054999999701976776
2011-04-04,17.5,108.47000122070312,75.91000366210938,3.430999994277954,0.03500000014901161
2011-04-05,17.25,108.33999633789062,75.87999725341797,3.486999988555908,0.06499999761581421
2011-04-06,16.899999618530273,108.83000183105469,75.51000213623047,3.5450000762939453,0.05000000074505806
2011-04-07,17.110000610351562,110.30000305175781,75.58999633789062,3.555000066757202,0.03500000014901161
2011-04-08,17.8700008392334,112.79000091552734,75.06999969482422,3.569999933242798,0.03500000014901161
2011-04-11,16.59000015258789,109.91999816894531,75.05999755859375,3.569999933242798,0.03500000014901161
2011-04-12,17.09000015258789,106.25,74.8499984741211,3.5,0.04500000178813934
2011-04-13,16.920000076293945,107.11000061035156,74.9800033569336,3.4660000801086426,0.05000000074505806
2011-04-14,16.270000457763672,108.11000061035156,74.68000030517578,3.484999895095825,0.06499999761581421
2011-04-15,15.319999694824219,109.66000366210938,74.83000183105469,3.4100000858306885,0.05999999865889549
2011-04-18,16.959999084472656,107.12000274658203,75.5,3.371000051498413,0.054999999701976776
2011-04-19,15.829999923706055,108.1500015258789,75.02999877929688,3.3559999465942383,0.054999999701976776
2011-04-20,15.069999694824219,111.44999694824219,74.37000274658203,3.4000000953674316,0.054999999701976776
2011-04-21,14.6899995803833,112.29000091552734,74.0,3.4000000953674316,0.04500000178813934
2011-04-22,14.6899995803833,112.29000091552734,74.0,3.4000000953674316,0.04500000178813934
2011-04-25,15.770000457763672,112.27999877929688,73.98999786376953,3.36299991607666,0.04500000178813934
2011-04-26,15.619999885559082,112.20999908447266,73.83999633789062,3.319999933242798,0.054999999701976776
2011-04-27,15.350000381469727,112.76000213623047,73.5199966430664,3.368000030517578,0.05000000074505806
2011-04-28,14.619999885559082,112.86000061035156,73.12000274658203,3.312000036239624,0.03500000014901161
2011-04-29,14.75,113.93000030517578,72.93000030517578,3.2960000038146973,0.03999999910593033
2011-05-02,15.989999771118164,113.5199966430664,72.94999694824219,3.2860000133514404,0.029999999329447746
2011-05-03,16.700000762939453,111.05000305175781,73.13999938964844,3.255000114440918,0.02500000037252903
2011-05-04,17.079999923706055,109.23999786376953,73.02999877929688,3.2230000495910645,0.019999999552965164
2011-05-05,18.200000762939453,99.80000305175781,74.19000244140625,3.1679999828338623,0.009999999776482582
2011-05-06,18.399999618530273,97.18000030517578,74.83999633789062,3.1570000648498535,0.004999999888241291
2011-05-09,17.15999984741211,102.55000305175781,74.73999786376953,3.1419999599456787,0.004999999888241291
2011-05-10,15.90999984741211,103.87999725341797,74.61000061035156,3.194999933242798,0.02500000037252903
2011-05-11,16.950000762939453,98.20999908447266,75.33000183105469,3.1570000648498535,0.019999999552965164
2011-05-12,16.030000686645508,98.97000122070312,75.23999786376953,3.2300000190734863,0.019999999552965164
2011-05-13,17.06999969482422,99.6500015258789,75.76000213623047,3.187000036239624,0.019999999552965164
2011-05-16,18.239999771118164,97.37000274658203,75.47000122070312,3.1489999294281006,0.019999999552965164
2011-05-17,17.549999237060547,96.91000366210938,75.4000015258789,3.121000051498413,0.03500000014901161
2011-05-18,16.229999542236328,100.0999984741211,75.47000122070312,3.1710000038146973,0.03999999910593033
2011-05-19,15.520000457763672,98.44000244140625,75.12000274658203,3.1710000038146973,0.03999999910593033
2011-05-20,17.43000030517578,99.48999786376953,75.43000030517578,3.1519999504089355,0.03999999910593033
2011-05-23,18.270000457763672,97.69999694824219,76.0999984741211,3.134000062942505,0.04500000178813934
2011-05-24,17.81999969482422,99.58999633789062,75.87999725341797,3.122999906539917,0.05000000074505806
2011-05-25,17.06999969482422,101.31999969482422,75.93000030517578,3.128999948501587,0.04500000178813934
2011-05-26,16.09000015258789,100.2300033569336,75.55000305175781,3.061000108718872,0.04500000178813934
2011-05-27,15.979999542236328,100.58999633789062,74.94999694824219,3.063999891281128,0.03500000014901161
2011-05-30,15.979999542236328,100.58999633789062,74.94999694824219,3.063999891281128,0.03500000014901161
2011-05-31,15.449999809265137,102.69999694824219,74.63999938964844,3.049999952316284,0.03999999910593033
2011-06-01,18.299999237060547,100.29000091552734,74.68000030517578,2.9660000801086426,0.03999999910593033
2011-06-02,18.09000015258789,100.4000015258789,74.33000183105469,3.0299999713897705,0.03500000014901161
2011-06-03,17.950000762939453,100.22000122070312,73.77999877929688,2.996999979019165,0.029999999329447746
2011-06-06,18.489999771118164,99.01000213623047,73.94999694824219,3.002000093460083,0.029999999329447746
2011-06-07,18.06999969482422,99.08999633789062,73.5199966430664,3.010999917984009,0.03999999910593033
2011-06-08,18.790000915527344,100.73999786376953,73.93000030517578,2.9619998931884766,0.03500000014901161
2011-06-09,17.770000457763672,101.93000030517578,74.19000244140625,2.997999906539917,0.03999999910593033
2011-06-10,18.860000610351562,99.29000091552734,74.79000091552734,2.9709999561309814,0.03500000014901161
2011-06-13,19.610000610351562,97.30000305175781,74.51000213623047,2.990999937057495,0.03999999910593033
2011-06-14,18.260000228881836,99.37000274658203,74.33000183105469,3.0989999771118164,0.05000000074505806
2011-06-15,21.31999969482422,94.80999755859375,75.5999984741211,2.9730000495910645,0.04500000178813934
2011-06-16,22.729999542236328,94.94999694824219,75.75,2.9089999198913574,0.03500000014901161
2011-06-17,21.850000381469727,93.01000213623047,74.98999786376953,2.944000005722046,0.02500000037252903
2011-06-20,19.989999771118164,93.26000213623047,75.02999877929688,2.9630000591278076,0.014999999664723873
2011-06-21,18.860000610351562,93.4000015258789,74.54000091552734,2.984999895095825,0.019999999552965164
2011-06-22,18.520000457763672,95.41000366210938,74.77999877929688,2.993000030517578,0.009999999776482582
2011-06-23,19.290000915527344,91.0199966430664,75.44999694824219,2.9089999198913574,0.004999999888241291
2011-06-24,21.100000381469727,91.16000366210938,75.66999816894531,2.871000051498413,0.009999999776482582
2011-06-27,20.559999465942383,90.61000061035156,75.38999938964844,2.927000045776367,0.014999999664723873
2011-06-28,19.170000076293945,92.88999938964844,75.05999755859375,3.0450000762939453,0.02500000037252903
2011-06-29,17.270000457763672,94.7699966430664,74.69000244140625,3.1080000400543213,0.019999999552965164
2011-06-30,16.520000457763672,95.41999816894531,74.30000305175781,3.1579999923706055,0.014999999664723873
2011-07-01,15.869999885559082,94.94000244140625,74.3499984741211,3.197000026702881,0.009999999776482582
2011-07-04,15.869999885559082,94.94000244140625,74.3499984741211,3.197000026702881,0.009999999776482582
2011-07-05,16.059999465942383,96.88999938964844,74.69000244140625,3.135999917984009,0.009999999776482582
2011-07-06,16.34000015258789,96.6500015258789,75.12000274658203,3.0950000286102295,0.004999999888241291
2011-07-07,15.949999809265137,98.66999816894531,74.95999908447266,3.1489999294281006,0.019999999552965164
2011-07-08,15.949999809265137,96.19999694824219,75.18000030517578,3.0160000324249268,0.019999999552965164
2011-07-11,18.389999389648438,95.1500015258789,75.98999786376953,2.9170000553131104,0.014999999664723873
2011-07-12,19.8700008392334,97.43000030517578,75.80999755859375,2.9079999923706055,0.029999999329447746
2011-07-13,19.90999984741211,98.05000305175781,75.20999908447266,2.8910000324249268,0.004999999888241291
2011-07-14,20.799999237060547,95.69000244140625,75.25,2.944000005722046,0.004999999888241291
2011-07-15,19.530000686645508,97.23999786376953,75.12999725341797,2.9079999923706055,0.004999999888241291
2011-07-18,20.950000762939453,95.93000030517578,75.4800033569336,2.9089999198913574,0.004999999888241291
2011-07-19,19.209999084472656,97.5,75.22000122070312,2.8910000324249268,0.02500000037252903
2011-07-20,19.09000015258789,98.13999938964844,74.79000091552734,2.933000087738037,0.019999999552965164
2011-07-21,17.559999465942383,99.12999725341797,74.0199966430664,3.009999990463257,0.03500000014901161
2011-07-22,17.520000457763672,99.87000274658203,74.19999694824219,2.9639999866485596,0.029999999329447746
2011-07-25,19.350000381469727,99.19999694824219,74.05999755859375,3.003999948501587,0.03500000014901161
2011-07-26,20.229999542236328,99.58999633789062,73.47000122070312,2.9509999752044678,0.06499999761581421
2011-07-27,22.979999542236328,97.4000015258789,74.08999633789062,2.9800000190734863,0.07000000029802322
2011-07-28,23.739999771118164,97.44000244140625,74.22000122070312,2.9509999752044678,0.06499999761581421
2011-07-29,25.25,95.69999694824219,73.9000015258789,2.805000066757202,0.09000000357627869
2011-08-01,23.65999984741211,94.88999938964844,74.26000213623047,2.740000009536743,0.07500000298023224
2011-08-02,24.790000915527344,93.79000091552734,74.51000213623047,2.624000072479248,0.05000000074505806
2011-08-03,23.3799991607666,91.93000030517578,74.04000091552734,2.5989999771118164,0.009999999776482582
2011-08-04,31.65999984741211,86.62999725341797,75.12000274658203,2.4579999446868896,0.009999999776482582
2011-08-05,32.0,86.87999725341797,74.5999984741211,2.558000087738037,0.009999999776482582
2011-08-08,48.0,81.30999755859375,74.79000091552734,2.3389999866485596,0.014999999664723873
2011-08-09,35.060001373291016,79.30000305175781,74.61000061035156,2.181999921798706,0.029999999329447746
2011-08-10,42.9900016784668,82.88999938964844,74.63999938964844,2.13700008392334,0.014999999664723873
2011-08-11,39.0,85.72000122070312,74.68000030517578,2.3359999656677246,0.009999999776482582
2011-08-12,36.36000061035156,85.37999725341797,74.61000061035156,2.236999988555908,0.004999999888241291
2011-08-15,31.8700008392334,87.87999725341797,73.83999633789062,2.2850000858306885,0.004999999888241291
2011-08-16,32.849998474121094,86.6500015258789,74.01000213623047,2.2139999866485596,0.019999999552965164
2011-08-17,31.579999923706055,87.58000183105469,73.66999816894531,2.1649999618530273,0.004999999888241291
2011-08-18,42.66999816894531,82.37999725341797,74.23999786376953,2.0829999446868896,0.009999999776482582
2011-08-19,43.04999923706055,82.26000213623047,73.98999786376953,2.071000099182129,0.009999999776482582
2011-08-22,42.439998626708984,84.12000274658203,74.06999969482422,2.0880000591278076,0.004999999888241291
2011-08-23,36.27000045776367,85.44000244140625,73.87000274658203,2.13700008392334,0.004999999888241291
2011-08-24,35.900001525878906,85.16000366210938,74.01000213623047,2.259999990463257,0.009999999776482582
2011-08-25,39.7599983215332,85.30000305175781,74.27999877929688,2.2219998836517334,0.009999999776482582
2011-08-26,35.59000015258789,85.37000274658203,73.80999755859375,2.187999963760376,0.009999999776482582
2011-08-29,32.279998779296875,87.2699966430664,73.72000122070312,2.2709999084472656,0.004999999888241291
2011-08-30,32.88999938964844,88.9000015258789,73.94000244140625,2.1760001182556152,0.014999999664723873
2011-08-31,31.6200008392334,88.80999755859375,74.12999725341797,2.2179999351501465,0.014999999664723873
2011-09-01,31.81999969482422,88.93000030517578,74.4800033569336,2.1459999084472656,0.009999999776482582
2011-09-02,33.91999816894531,86.44999694824219,74.75,1.996000051498413,0.014999999664723873
2011-09-05,33.91999816894531,86.44999694824219,74.75,1.996000051498413,0.014999999664723873
2011-09-06,37.0,86.0199966430664,75.91999816894531,1.9789999723434448,0.014999999664723873
2011-09-07,33.380001068115234,89.33999633789062,75.45999908447266,2.0360000133514404,0.014999999664723873
2011-09-08,34.31999969482422,89.05000305175781,76.23999786376953,1.9859999418258667,0.009999999776482582
2011-09-09,38.52000045776367,87.23999786376953,77.19000244140625,1.9149999618530273,0.004999999888241291
2011-09-12,38.59000015258789,88.19000244140625,77.56999969482422,1.9299999475479126,0.004999999888241291
2011-09-13,36.90999984741211,90.20999908447266,76.91000366210938,1.99399995803833,0.004999999888241291
2011-09-14,34.599998474121094,88.91000366210938,76.83000183105469,2.010999917984009,0.004999999888241291
2011-09-15,31.969999313354492,89.4000015258789,76.23999786376953,2.0850000381469727,0.004999999888241291
2011-09-16,30.979999542236328,87.95999908447266,76.58000183105469,2.0759999752044678,0.004999999888241291
2011-09-19,32.72999954223633,85.69999694824219,77.38999938964844,1.940000057220459,0.004999999888241291
2011-09-20,32.86000061035156,86.88999938964844,77.02999877929688,1.9470000267028809,0.004999999888241291
2011-09-21,37.31999969482422,85.91999816894531,77.33999633789062,1.875,0.004999999888241291
2011-09-22,41.349998474121094,80.51000213623047,78.37999725341797,1.715000033378601,0.004999999888241291
2011-09-23,41.25,79.8499984741211,78.30000305175781,1.8079999685287476,0.004999999888241291
2011-09-26,39.02000045776367,80.23999786376953,78.36000061035156,1.9040000438690186,0.004999999888241291
2011-09-27,37.709999084472656,84.44999694824219,77.51000213623047,2.0160000324249268,0.009999999776482582
2011-09-28,41.08000183105469,81.20999908447266,77.8499984741211,2.002000093460083,0.009999999776482582
2011-09-29,38.84000015258789,82.13999938964844,77.91999816894531,1.9570000171661377,0.009999999776482582
2011-09-30,42.959999084472656,79.19999694824219,78.55000305175781,1.9240000247955322,0.009999999776482582
2011-10-03,45.45000076293945,77.61000061035156,79.44999694824219,1.784999966621399,0.019999999552965164
2011-10-04,40.81999969482422,75.66999816894531,79.5999984741211,1.781000018119812,0.004999999888241291
2011-10-05,37.810001373291016,79.68000030517578,78.91000366210938,1.9049999713897705,0.004999999888241291
2011-10-06,36.27000045776367,82.58999633789062,78.52999877929688,1.9859999418258667,0.004999999888241291
2011-10-07,36.20000076293945,82.9800033569336,78.72000122070312,2.068000078201294,0.004999999888241291
2011-10-10,33.02000045776367,85.41000366210938,77.5999984741211,2.0759999752044678,0.004999999888241291
2011-10-11,32.86000061035156,85.80999755859375,77.58000183105469,2.1600000858306885,0.004999999888241291
2011-10-12,31.260000228881836,85.56999969482422,76.98999786376953,2.2260000705718994,0.014999999664723873
2011-10-13,30.700000762939453,84.2300033569336,76.98999786376953,2.1689999103546143,0.014999999664723873
2011-10-14,28.239999771118164,86.80000305175781,76.62000274658203,2.2320001125335693,0.014999999664723873
2011-10-17,33.38999938964844,86.37999725341797,77.13999938964844,2.1549999713897705,0.019999999552965164
2011-10-18,31.559999465942383,88.33999633789062,77.12999725341797,2.1510000228881836,0.02500000037252903
2011-10-19,34.439998626708984,86.11000061035156,77.11000061035156,2.1589999198913574,0.019999999552965164
2011-10-20,34.779998779296875,85.30000305175781,76.97000122070312,2.180000066757202,0.014999999664723873
2011-10-21,31.31999969482422,87.4000015258789,76.30000305175781,2.203000068664551,0.014999999664723873
2011-10-24,29.260000228881836,91.2699966430664,76.0199966430664,2.2339999675750732,0.004999999888241291
2011-10-25,32.220001220703125,93.16999816894531,76.25,2.128000020980835,0.014999999664723873
2011-10-26,29.860000610351562,90.19999694824219,76.19999694824219,2.203000068664551,0.014999999664723873
2011-10-27,25.459999084472656,93.95999908447266,74.87000274658203,2.3949999809265137,0.009999999776482582
2011-10-28,24.530000686645508,93.31999969482422,75.08999633789062,2.305999994277954,0.009999999776482582
2011-10-31,29.959999084472656,93.19000244140625,76.16999816894531,2.174999952316284,0.004999999888241291
2011-11-01,34.77000045776367,92.19000244140625,77.26000213623047,2.000999927520752,0.004999999888241291
2011-11-02,32.7400016784668,92.51000213623047,77.01000213623047,2.00600004196167,0.004999999888241291
2011-11-03,30.5,94.06999969482422,76.66999816894531,2.065999984741211,0.004999999888241291
2011-11-04,30.15999984741211,94.26000213623047,76.91000366210938,2.049999952316284,0.004999999888241291
2011-11-07,29.850000381469727,95.5199966430664,76.95999908447266,1.99399995803833,0.004999999888241291
2011-11-08,27.479999542236328,96.80000305175781,76.66999816894531,2.065000057220459,0.004999999888241291
2011-11-09,36.15999984741211,95.73999786376953,77.93000030517578,1.9550000429153442,0.004999999888241291
2011-11-10,32.810001373291016,97.77999877929688,77.63999938964844,2.055999994277954,0.004999999888241291
2011-11-11,30.040000915527344,98.98999786376953,76.94000244140625,2.055999994277954,0.004999999888241291
2011-11-14,31.1299991607666,98.13999938964844,77.55999755859375,2.0429999828338623,0.004999999888241291
2011-11-15,31.219999313354492,99.37000274658203,77.87999725341797,2.056999921798706,0.009999999776482582
2011-11-16,33.5099983215332,102.58999633789062,78.16000366210938,2.0239999294281006,0.004999999888241291
2011-11-17,34.5099983215332,98.81999969482422,78.29000091552734,1.9579999446868896,0.004999999888241291
2011-11-18,32.0,97.41000366210938,78.0199966430664,2.01200008392334,0.004999999888241291
2011-11-21,32.90999984741211,96.91999816894531,78.30000305175781,1.9620000123977661,0.004999999888241291
2011-11-22,31.969999313354492,98.01000213623047,78.2300033569336,1.9390000104904175,0.014999999664723873
2011-11-23,33.97999954223633,96.16999816894531,79.0,1.878999948501587,0.014999999664723873
2011-11-24,33.97999954223633,96.16999816894531,79.0,1.878999948501587,0.014999999664723873
2011-11-25,34.470001220703125,96.7699966430664,79.61000061035156,1.9670000076293945,0.004999999888241291
2011-11-28,32.130001068115234,98.20999908447266,79.29000091552734,1.9579999446868896,0.009999999776482582
2011-11-29,30.639999389648438,99.79000091552734,79.0,1.996000051498413,0.014999999664723873
2011-11-30,27.799999237060547,100.36000061035156,78.38999938964844,2.068000078201294,0.014999999664723873
2011-12-01,27.40999984741211,100.19999694824219,78.31999969482422,2.117000102996826,0.014999999664723873
2011-12-02,27.520000457763672,100.95999908447266,78.62999725341797,2.0420000553131104,0.014999999664723873
2011-12-05,27.84000015258789,100.98999786376953,78.61000061035156,2.053999900817871,0.014999999664723873
2011-12-06,28.1299991607666,101.27999877929688,78.51000213623047,2.0929999351501465,0.004999999888241291
2011-12-07,28.670000076293945,100.48999786376953,78.4800033569336,2.0169999599456787,0.004999999888241291
2011-12-08,30.59000015258789,98.33999633789062,78.80999755859375,1.972000002861023,0.004999999888241291
2011-12-09,26.3799991607666,99.41000366210938,78.62999725341797,2.052000045776367,0.004999999888241291
2011-12-12,25.670000076293945,97.7699966430664,79.56999969482422,2.009000062942505,0.004999999888241291
2011-12-13,25.40999984741211,100.13999938964844,80.25,1.9620000123977661,0.004999999888241291
2011-12-14,26.040000915527344,94.94999694824219,80.52999877929688,1.9010000228881836,0.004999999888241291
2011-12-15,25.110000610351562,93.87000274658203,80.23999786376953,1.9129999876022339,0.004999999888241291
2011-12-16,24.290000915527344,93.52999877929688,80.25,1.8539999723434448,0.004999999888241291
2011-12-19,24.920000076293945,93.87999725341797,80.25,1.812999963760376,0.004999999888241291
2011-12-20,23.219999313354492,97.22000122070312,79.87999725341797,1.9249999523162842,0.004999999888241291
2011-12-21,21.43000030517578,98.66999816894531,80.0199966430664,1.9670000076293945,0.004999999888241291
2011-12-22,21.15999984741211,99.52999877929688,79.91999816894531,1.9509999752044678,0.004999999888241291
2011-12-23,20.729999542236328,99.68000030517578,80.01000213623047,2.0299999713897705,0.004999999888241291
2011-12-26,20.729999542236328,99.68000030517578,80.01000213623047,2.0299999713897705,0.004999999888241291
2011-12-27,21.90999984741211,101.33999633789062,79.79000091552734,2.009000062942505,0.004999999888241291
2011-12-28,23.520000457763672,99.36000061035156,80.48999786376953,1.9079999923706055,0.004999999888241291
2011-12-29,22.649999618530273,99.6500015258789,80.4800033569336,1.8969999551773071,0.004999999888241291
2011-12-30,23.399999618530273,98.83000183105469,80.16999816894531,1.871000051498413,0.004999999888241291
2012-01-02,23.399999618530273,98.83000183105469,80.16999816894531,1.871000051498413,0.004999999888241291
2012-01-03,22.969999313354492,102.95999908447266,79.61000061035156,1.9600000381469727,0.004999999888241291
2012-01-04,22.219999313354492,103.22000122070312,80.08999633789062,1.9950000047683716,0.009999999776482582
2012-01-05,21.479999542236328,101.80999755859375,80.94000244140625,1.9930000305175781,0.009999999776482582
2012-01-06,20.6299991607666,101.55999755859375,81.23999786376953,1.9609999656677246,0.014999999664723873
2012-01-09,21.06999969482422,101.30999755859375,81.05000305175781,1.9600000381469727,0.004999999888241291
2012-01-10,20.690000534057617,102.23999786376953,80.80000305175781,1.972000002861023,0.009999999776482582
2012-01-11,21.049999237060547,100.87000274658203,81.3499984741211,1.9040000438690186,0.014999999664723873
2012-01-12,20.469999313354492,99.0999984741211,80.7699966430664,1.9329999685287476,0.019999999552965164
2012-01-13,20.90999984741211,98.69999694824219,81.43000030517578,1.8530000448226929,0.019999999552965164
2012-01-16,20.90999984741211,98.69999694824219,81.43000030517578,1.8530000448226929,0.019999999552965164
2012-01-17,22.200000762939453,100.70999908447266,81.18000030517578,1.850000023841858,0.019999999552965164
2012-01-18,20.889999389648438,100.58999633789062,80.5999984741211,1.8969999551773071,0.02500000037252903
2012-01-19,19.8700008392334,100.38999938964844,80.20999908447266,1.972000002861023,0.03999999910593033
2012-01-20,18.280000686645508,98.45999908447266,80.22000122070312,2.0280001163482666,0.03999999910593033
2012-01-23,18.670000076293945,99.58000183105469,79.69000244140625,2.066999912261963,0.03500000014901161
2012-01-24,18.90999984741211,98.94999694824219,79.86000061035156,2.063999891281128,0.03500000014901161
2012-01-25,18.309999465942383,99.4000015258789,79.56999969482422,2.006999969482422,0.03500000014901161
2012-01-26,18.56999969482422,99.69999694824219,79.41000366210938,1.930999994277954,0.04500000178813934
2012-01-27,18.530000686645508,99.55999755859375,78.9000015258789,1.8980000019073486,0.05000000074505806
2012-01-30,19.399999618530273,98.77999877929688,79.16000366210938,1.8370000123977661,0.04500000178813934
2012-01-31,19.440000534057617,98.4800033569336,79.27999877929688,1.7990000247955322,0.054999999701976776
2012-02-01,18.549999237060547,97.61000061035156,78.91999816894531,1.8459999561309814,0.054999999701976776
2012-02-02,17.979999542236328,96.36000061035156,78.97000122070312,1.8250000476837158,0.07500000298023224
2012-02-03,17.100000381469727,97.83999633789062,78.94000244140625,1.9490000009536743,0.07000000029802322
2012-02-06,17.760000228881836,96.91000366210938,79.08999633789062,1.9010000228881836,0.06499999761581421
2012-02-07,17.649999618530273,98.41000366210938,78.56999969482422,1.965999960899353,0.07999999821186066
2012-02-08,18.15999984741211,98.70999908447266,78.63999938964844,1.975000023841858,0.07500000298023224
2012-02-09,18.6299991607666,99.83999633789062,78.55999755859375,2.046999931335449,0.08500000089406967
2012-02-10,20.790000915527344,98.66999816894531,79.11000061035156,1.968999981880188,0.07999999821186066
2012-02-13,19.040000915527344,100.91000366210938,78.94000244140625,1.9900000095367432,0.0949999988079071
2012-02-14,19.540000915527344,100.73999786376953,79.58000183105469,1.9240000247955322,0.10999999940395355
2012-02-15,21.139999389648438,101.80000305175781,79.66999816894531,1.930999994277954,0.10499999672174454
2012-02-16,19.219999313354492,102.30999755859375,79.33999633789062,1.9930000305175781,0.0949999988079071
2012-02-17,17.780000686645508,103.23999786376953,79.33000183105469,2.009999990463257,0.07500000298023224
2012-02-20,17.780000686645508,103.23999786376953,79.33000183105469,2.009999990463257,0.07500000298023224
2012-02-21,18.190000534057617,105.83999633789062,79.04000091552734,2.0450000762939453,0.07000000029802322
2012-02-22,18.190000534057617,106.27999877929688,79.20999908447266,2.005000114440918,0.07999999821186066
2012-02-23,16.799999237060547,107.83000183105469,78.80999755859375,1.9839999675750732,0.08500000089406967
2012-02-24,17.309999465942383,109.7699966430664,78.3499984741211,1.9769999980926514,0.09000000357627869
2012-02-27,18.190000534057617,108.55999755859375,78.55999755859375,1.9220000505447388,0.10000000149011612
2012-02-28,17.959999084472656,106.55000305175781,78.2699966430664,1.9290000200271606,0.0949999988079071
2012-02-29,18.43000030517578,107.06999969482422,78.7300033569336,1.9769999980926514,0.07500000298023224
2012-03-01,17.260000228881836,108.83999633789062,78.77999877929688,2.0369999408721924,0.07000000029802322
2012-03-02,17.290000915527344,106.69999694824219,79.4000015258789,1.9859999418258667,0.05999999865889549
2012-03-05,18.049999237060547,106.72000122070312,79.31999969482422,2.005000114440918,0.05999999865889549
2012-03-06,20.8700008392334,104.69999694824219,79.86000061035156,1.944000005722046,0.07000000029802322
2012-03-07,19.06999969482422,106.16000366210938,79.70999908447266,1.972000002861023,0.07500000298023224
2012-03-08,17.950000762939453,106.58000183105469,79.16000366210938,2.0139999389648438,0.07500000298023224
2012-03-09,17.110000610351562,107.4000015258789,80.04000091552734,2.0380001068115234,0.07999999821186066
2012-03-12,15.640000343322754,106.33999633789062,79.87000274658203,2.0309998989105225,0.07500000298023224
2012-03-13,14.800000190734863,106.70999908447266,80.19000244140625,2.1070001125335693,0.07999999821186066
2012-03-14,15.3100004196167,105.43000030517578,80.55999755859375,2.2739999294281006,0.07999999821186066
2012-03-15,15.420000076293945,105.11000061035156,80.1500015258789,2.2809998989105225,0.07500000298023224
2012-03-16,14.470000267028809,107.05999755859375,79.77999877929688,2.2980000972747803,0.07999999821186066
2012-03-19,15.039999961853027,108.08999633789062,79.44999694824219,2.378999948501587,0.07500000298023224
2012-03-20,15.579999923706055,105.61000061035156,79.58999633789062,2.371999979019165,0.0949999988079071
2012-03-21,15.130000114440918,107.2699966430664,79.62999725341797,2.2939999103546143,0.08500000089406967
2012-03-22,15.569999694824219,105.3499984741211,79.73999786376953,2.2750000953674316,0.07000000029802322
2012-03-23,14.819999694824219,106.87000274658203,79.33999633789062,2.236999988555908,0.07000000029802322
2012-03-26,14.260000228881836,107.02999877929688,78.93000030517578,2.24399995803833,0.07000000029802322
2012-03-27,15.59000015258789,107.33000183105469,79.04000091552734,2.187000036239624,0.07999999821186066
2012-03-28,15.470000267028809,105.41000366210938,79.16000366210938,2.196000099182129,0.07500000298023224
2012-03-29,15.479999542236328,102.77999877929688,79.18000030517578,2.1589999198913574,0.054999999701976776
2012-03-30,15.5,103.0199966430664,78.93000030517578,2.2160000801086426,0.06499999761581421
2012-04-02,15.640000343322754,105.2300033569336,78.81999969482422,2.193000078201294,0.05999999865889549
2012-04-03,15.65999984741211,104.01000213623047,79.4800033569336,2.2839999198913574,0.07500000298023224
2012-04-04,16.440000534057617,101.47000122070312,79.76000213623047,2.243000030517578,0.07000000029802322
2012-04-05,16.700000762939453,103.30999755859375,80.06999969482422,2.174999952316284,0.07000000029802322
2012-04-06,16.700000762939453,103.30999755859375,80.06999969482422,2.174999952316284,0.07000000029802322
2012-04-09,18.809999465942383,102.45999908447266,79.7300033569336,2.0369999408721924,0.07500000298023224
2012-04-10,20.389999389648438,101.0199966430664,79.88999938964844,1.9880000352859497,0.08500000089406967
2012-04-11,20.020000457763672,102.69999694824219,79.77999877929688,2.0280001163482666,0.08500000089406967
2012-04-12,17.200000762939453,103.63999938964844,79.27999877929688,2.0490000247955322,0.08500000089406967
2012-04-13,19.549999237060547,102.83000183105469,79.87999725341797,1.9980000257492065,0.07999999821186066
2012-04-16,19.549999237060547,102.93000030517578,79.55000305175781,1.9739999771118164,0.07500000298023224
2012-04-17,18.459999084472656,104.19999694824219,79.47000122070312,2.009000062942505,0.07500000298023224
2012-04-18,18.639999389648438,102.66999816894531,79.52999877929688,1.9819999933242798,0.06499999761581421
2012-04-19,18.360000610351562,102.2699966430664,79.55999755859375,1.9520000219345093,0.06499999761581421
2012-04-20,17.440000534057617,103.05000305175781,79.18000030517578,1.9700000286102295,0.06499999761581421
2012-04-23,18.969999313354492,103.11000061035156,79.41999816894531,1.9329999685287476,0.07000000029802322
2012-04-24,18.100000381469727,103.55000305175781,79.22000122070312,1.9609999656677246,0.07999999821186066
2012-04-25,16.81999969482422,104.12000274658203,79.01000213623047,1.9839999675750732,0.08500000089406967
2012-04-26,16.239999771118164,104.55000305175781,78.91000366210938,1.9589999914169312,0.08500000089406967
2012-04-27,16.31999969482422,104.93000030517578,78.69999694824219,1.9329999685287476,0.08500000089406967
2012-04-30,17.149999618530273,104.87000274658203,78.79000091552734,1.9149999618530273,0.09000000357627869
2012-05-01,16.600000381469727,106.16000366210938,78.86000061035156,1.9559999704360962,0.08500000089406967
2012-05-02,16.8799991607666,105.22000122070312,79.12999725341797,1.9220000505447388,0.07999999821186066
2012-05-03,17.559999465942383,102.54000091552734,79.22000122070312,1.9240000247955322,0.07500000298023224
2012-05-04,19.15999984741211,98.48999786376953,79.47000122070312,1.8799999952316284,0.07000000029802322
2012-05-07,18.940000534057617,97.94000244140625,79.5999984741211,1.8769999742507935,0.07500000298023224
2012-05-08,19.049999237060547,97.01000213623047,79.7300033569336,1.8370000123977661,0.09000000357627869
2012-05-09,20.079999923706055,96.80999755859375,80.08000183105469,1.8350000381469727,0.09000000357627869
2012-05-10,18.829999923706055,97.08000183105469,80.11000061035156,1.8839999437332153,0.09000000357627869
2012-05-11,19.889999389648438,96.12999725341797,80.27999877929688,1.840999960899353,0.09000000357627869
2012-05-14,21.8700008392334,94.77999877929688,80.5999984741211,1.7879999876022339,0.08500000089406967
2012-05-15,21.969999313354492,93.9800033569336,81.22000122070312,1.7769999504089355,0.09000000357627869
2012-05-16,22.270000457763672,92.80999755859375,81.37000274658203,1.7649999856948853,0.0949999988079071
2012-05-17,24.489999771118164,92.55999755859375,81.37999725341797,1.7020000219345093,0.09000000357627869
2012-05-18,25.100000381469727,91.4800033569336,81.29000091552734,1.7020000219345093,0.07500000298023224
2012-05-21,22.010000228881836,92.56999969482422,81.08000183105469,1.7350000143051147,0.05999999865889549
2012-05-22,22.479999542236328,91.66000366210938,81.66999816894531,1.7929999828338623,0.08500000089406967
2012-05-23,22.329999923706055,89.9000015258789,82.08999633789062,1.7209999561309814,0.07999999821186066
2012-05-24,21.540000915527344,90.66000366210938,82.29000091552734,1.7589999437332153,0.09000000357627869
2012-05-25,21.760000228881836,90.86000061035156,82.4000015258789,1.7450000047683716,0.07999999821186066
2012-05-28,21.760000228881836,90.86000061035156,82.4000015258789,1.7450000047683716,0.07999999821186066
2012-05-29,21.030000686645508,90.76000213623047,82.44000244140625,1.7309999465942383,0.07500000298023224
2012-05-30,24.139999389648438,87.81999969482422,83.01000213623047,1.625,0.06499999761581421
2012-05-31,24.059999465942383,86.52999877929688,83.04000091552734,1.5809999704360962,0.05999999865889549
2012-06-01,26.65999984741211,83.2300033569336,82.88999938964844,1.4670000076293945,0.06499999761581421
2012-06-04,26.1200008392334,83.9800033569336,82.55000305175781,1.5269999504089355,0.06499999761581421
2012-06-05,24.68000030517578,84.29000091552734,82.80000305175781,1.555999994277954,0.07999999821186066
2012-06-06,22.15999984741211,85.0199966430664,82.31999969482422,1.6510000228881836,0.07999999821186066
2012-06-07,21.719999313354492,84.81999969482422,82.05000305175781,1.6540000438690186,0.07999999821186066
2012-06-08,21.229999542236328,84.0999984741211,82.51000213623047,1.6369999647140503,0.07999999821186066
2012-06-11,23.559999465942383,82.69999694824219,82.51000213623047,1.600000023841858,0.07500000298023224
2012-06-12,22.09000015258789,83.31999969482422,82.41000366210938,1.6610000133514404,0.09000000357627869
2012-06-13,24.270000457763672,82.62000274658203,82.05000305175781,1.5989999771118164,0.09000000357627869
2012-06-14,21.68000030517578,83.91000366210938,81.9000015258789,1.6109999418258667,0.0949999988079071
2012-06-15,21.110000610351562,84.02999877929688,81.58999633789062,1.5870000123977661,0.08500000089406967
2012-06-18,18.31999969482422,83.2699966430664,81.94000244140625,1.5839999914169312,0.07500000298023224
2012-06-19,18.3799991607666,84.02999877929688,81.37000274658203,1.6200000047683716,0.09000000357627869
2012-06-20,17.239999771118164,81.80000305175781,81.48999786376953,1.6419999599456787,0.07999999821186066
2012-06-21,20.079999923706055,78.19999694824219,82.31999969482422,1.6180000305175781,0.07500000298023224
2012-06-22,18.110000610351562,79.76000213623047,82.22000122070312,1.6720000505447388,0.07500000298023224
2012-06-25,20.3799991607666,79.20999908447266,82.45999908447266,1.6080000400543213,0.07500000298023224
2012-06-26,19.719999313354492,79.36000061035156,82.37000274658203,1.628000020980835,0.0949999988079071
2012-06-27,19.450000762939453,80.20999908447266,82.55999755859375,1.621000051498413,0.07999999821186066
2012-06-28,19.709999084472656,77.69000244140625,82.66999816894531,1.5770000219345093,0.07500000298023224
2012-06-29,17.079999923706055,84.95999908447266,81.6500015258789,1.659000039100647,0.07999999821186066
2012-07-02,16.799999237060547,83.75,81.87000274658203,1.5800000429153442,0.07000000029802322
2012-07-03,16.65999984741211,87.66000366210938,81.77999877929688,1.63100004196167,0.07500000298023224
2012-07-04,16.65999984741211,87.66000366210938,81.77999877929688,1.63100004196167,0.07500000298023224
2012-07-05,17.5,87.22000122070312,82.80999755859375,1.597000002861023,0.07500000298023224
2012-07-06,17.100000381469727,84.44999694824219,83.29000091552734,1.5440000295639038,0.07000000029802322
2012-07-09,17.979999542236328,85.98999786376953,83.16000366210938,1.5130000114440918,0.07000000029802322
2012-07-10,18.719999313354492,83.91000366210938,83.36000061035156,1.4980000257492065,0.09000000357627869
2012-07-11,17.950000762939453,85.80999755859375,83.56999969482422,1.4980000257492065,0.09000000357627869
2012-07-12,18.329999923706055,86.08000183105469,83.6500015258789,1.4789999723434448,0.0949999988079071
2012-07-13,16.739999771118164,87.0999984741211,83.30000305175781,1.4989999532699585,0.09000000357627869
2012-07-16,17.110000610351562,88.43000030517578,83.08999633789062,1.4639999866485596,0.08500000089406967
2012-07-17,16.479999542236328,89.22000122070312,83.02999877929688,1.5010000467300415,0.0949999988079071
2012-07-18,16.15999984741211,89.87000274658203,82.94999694824219,1.4789999723434448,0.08500000089406967
2012-07-19,15.449999809265137,92.66000366210938,82.9000015258789,1.5149999856948853,0.07999999821186066
2012-07-20,16.270000457763672,91.44000244140625,83.47000122070312,1.4600000381469727,0.08500000089406967
2012-07-23,18.6200008392334,88.13999938964844,83.70999908447266,1.434999942779541,0.09000000357627869
2012-07-24,20.469999313354492,88.5,84.01000213623047,1.4040000438690186,0.0949999988079071
2012-07-25,19.34000015258789,88.97000122070312,83.5199966430664,1.406000018119812,0.0949999988079071
2012-07-26,17.530000686645508,89.38999938964844,82.80999755859375,1.4279999732971191,0.10000000149011612
2012-07-27,16.700000762939453,90.12999725341797,82.70999908447266,1.5549999475479126,0.10000000149011612
2012-07-30,18.030000686645508,89.77999877929688,82.79000091552734,1.503999948501587,0.09000000357627869
2012-07-31,18.93000030517578,88.05999755859375,82.63999938964844,1.4919999837875366,0.10000000149011612
2012-08-01,18.959999084472656,88.91000366210938,83.05999755859375,1.5390000343322754,0.09000000357627869
2012-08-02,17.56999969482422,87.12999725341797,83.33000183105469,1.4780000448226929,0.08500000089406967
2012-08-03,15.640000343322754,91.4000015258789,82.37999725341797,1.5770000219345093,0.07500000298023224
2012-08-06,15.949999809265137,92.19999694824219,82.2699966430664,1.5579999685287476,0.07500000298023224
2012-08-07,15.989999771118164,93.66999816894531,82.20999908447266,1.628000020980835,0.10000000149011612
2012-08-08,15.319999694824219,93.3499984741211,82.38999938964844,1.6399999856948853,0.10499999672174454
2012-08-09,15.279999732971191,93.36000061035156,82.63999938964844,1.687999963760376,0.10999999940395355
2012-08-10,14.739999771118164,92.87000274658203,82.55000305175781,1.6490000486373901,0.0949999988079071
2012-08-13,13.699999809265137,92.7300033569336,82.44000244140625,1.6540000438690186,0.0949999988079071
2012-08-14,14.850000381469727,93.43000030517578,82.4800033569336,1.7259999513626099,0.10499999672174454
2012-08-15,14.630000114440918,94.33000183105469,82.6500015258789,1.8049999475479126,0.07999999821186066
2012-08-16,14.289999961853027,95.5999984741211,82.36000061035156,1.8359999656677246,0.07500000298023224
2012-08-17,13.449999809265137,96.01000213623047,82.5999984741211,1.815999984741211,0.07999999821186066
2012-08-20,14.020000457763672,95.97000122070312,82.45999908447266,1.8140000104904175,0.08500000089406967
2012-08-21,15.020000457763672,96.68000030517578,81.91000366210938,1.8049999475479126,0.10499999672174454
2012-08-22,15.109999656677246,97.26000213623047,81.48999786376953,1.718999981880188,0.10000000149011612
2012-08-23,15.960000038146973,96.2699966430664,81.36000061035156,1.6660000085830688,0.0949999988079071
2012-08-24,15.180000305175781,96.1500015258789,81.58999633789062,1.6779999732971191,0.09000000357627869
2012-08-27,16.350000381469727,95.47000122070312,81.66000366210938,1.6490000486373901,0.0949999988079071
2012-08-28,16.489999771118164,96.33000183105469,81.37000274658203,1.6299999952316284,0.10000000149011612
2012-08-29,17.059999465942383,95.48999786376953,81.55000305175781,1.6540000438690186,0.0949999988079071
2012-08-30,17.829999923706055,94.62000274658203,81.68000030517578,1.6200000047683716,0.09000000357627869
2012-08-31,17.469999313354492,96.47000122070312,81.25,1.562000036239624,0.08500000089406967
2012-09-03,17.469999313354492,96.47000122070312,81.25,1.562000036239624,0.08500000089406967
2012-09-04,17.979999542236328,95.30000305175781,81.31999969482422,1.5809999704360962,0.09000000357627869
2012-09-05,17.739999771118164,95.36000061035156,81.23999786376953,1.593999981880188,0.10000000149011612
2012-09-06,15.600000381469727,95.52999877929688,81.08000183105469,1.6729999780654907,0.10000000149011612
2012-09-07,14.380000114440918,96.41999816894531,80.25,1.6610000133514404,0.10000000149011612
2012-09-10,16.280000686645508,96.54000091552734,80.36000061035156,1.6829999685287476,0.0949999988079071
2012-09-11,16.40999984741211,97.16999816894531,79.86000061035156,1.6950000524520874,0.10000000149011612
2012-09-12,15.800000190734863,97.01000213623047,79.73999786376953,1.7649999856948853,0.0949999988079071
2012-09-13,14.050000190734863,98.30999755859375,79.26000213623047,1.75600004196167,0.0949999988079071
2012-09-14,14.510000228881836,99.0,78.8499984741211,1.8700000047683716,0.0949999988079071
2012-09-17,14.59000015258789,96.62000274658203,79.01000213623047,1.8380000591278076,0.09000000357627869
2012-09-18,14.180000305175781,95.29000091552734,79.25,1.812000036239624,0.10000000149011612
2012-09-19,13.880000114440918,91.9800033569336,79.05999755859375,1.781999945640564,0.10499999672174454
2012-09-20,14.069999694824219,91.87000274658203,79.41000366210938,1.7769999504089355,0.10499999672174454
2012-09-21,13.979999542236328,92.88999938964844,79.33000183105469,1.7599999904632568,0.10000000149011612
2012-09-24,14.149999618530273,91.93000030517578,79.5199966430664,1.718000054359436,0.0949999988079071
2012-09-25,15.430000305175781,91.37000274658203,79.55000305175781,1.6820000410079956,0.10499999672174454
2012-09-26,16.809999465942383,89.9800033569336,79.88999938964844,1.6180000305175781,0.10000000149011612
2012-09-27,14.84000015258789,91.8499984741211,79.55000305175781,1.6399999856948853,0.08500000089406967
2012-09-28,15.729999542236328,92.19000244140625,79.94000244140625,1.6369999647140503,0.09000000357627869
2012-10-01,16.31999969482422,92.4800033569336,79.81999969482422,1.625,0.07999999821186066
2012-10-02,15.710000038146973,91.88999938964844,79.73999786376953,1.6150000095367432,0.09000000357627869
2012-10-03,15.430000305175781,88.13999938964844,79.97000122070312,1.6230000257492065,0.08500000089406967
2012-10-04,14.550000190734863,91.70999908447266,79.3499984741211,1.6649999618530273,0.0949999988079071
2012-10-05,14.329999923706055,89.87999725341797,79.33999633789062,1.7319999933242798,0.10000000149011612
2012-10-08,15.109999656677246,89.33000183105469,79.54000091552734,1.746000051498413,0.0949999988079071
2012-10-09,16.3700008392334,92.38999938964844,79.94999694824219,1.7200000286102295,0.0949999988079071
2012-10-10,16.290000915527344,91.25,79.91999816894531,1.690999984741211,0.0949999988079071
2012-10-11,15.59000015258789,92.06999969482422,79.77999877929688,1.6749999523162842,0.0949999988079071
2012-10-12,16.139999389648438,91.86000061035156,79.69000244140625,1.6629999876022339,0.10000000149011612
2012-10-15,15.270000457763672,91.8499984741211,79.73999786376953,1.6629999876022339,0.0949999988079071
2012-10-16,15.220000267028809,92.08999633789062,79.37000274658203,1.7200000286102295,0.10000000149011612
2012-10-17,15.069999694824219,92.12000274658203,79.0199966430664,1.8109999895095825,0.10499999672174454
2012-10-18,15.029999732971191,92.0999984741211,79.37000274658203,1.8259999752044678,0.0949999988079071
2012-10-19,17.059999465942383,90.05000305175781,79.63999938964844,1.7680000066757202,0.09000000357627869
2012-10-22,16.6200008392334,88.7300033569336,79.6500015258789,1.7979999780654907,0.09000000357627869
2012-10-23,18.829999923706055,86.66999816894531,79.9800033569336,1.7640000581741333,0.10000000149011612
2012-10-24,18.329999923706055,85.7300033569336,79.97000122070312,1.774999976158142,0.10499999672174454
2012-10-25,18.1200008392334,86.05000305175781,80.04000091552734,1.8279999494552612,0.10999999940395355
2012-10-26,17.809999465942383,86.27999877929688,80.06999969482422,1.75,0.10499999672174454
2012-10-29,17.809999465942383,86.27999877929688,80.06999969482422,1.75,0.10499999672174454
2012-10-30,17.809999465942383,86.27999877929688,80.06999969482422,1.75,0.10499999672174454
2012-10-31,18.600000381469727,86.23999786376953,79.91999816894531,1.6859999895095825,0.10499999672174454
2012-11-01,16.690000534057617,87.08999633789062,80.05000305175781,1.715000033378601,0.09000000357627869
2012-11-02,17.59000015258789,84.86000061035156,80.58999633789062,1.7259999513626099,0.09000000357627869
2012-11-05,18.420000076293945,85.6500015258789,80.75,1.684000015258789,0.09000000357627869
2012-11-06,17.579999923706055,88.70999908447266,80.61000061035156,1.7419999837875366,0.10000000149011612
2012-11-07,19.079999923706055,84.44000244140625,80.76000213623047,1.6319999694824219,0.09000000357627869
2012-11-08,18.489999771118164,85.08999633789062,80.79000091552734,1.6319999694824219,0.08500000089406967
2012-11-09,18.610000610351562,86.06999969482422,81.02999877929688,1.6130000352859497,0.09000000357627869
2012-11-12,16.68000030517578,85.56999969482422,81.04000091552734,1.6109999418258667,0.08699999749660492
2012-11-13,16.649999618530273,85.37999725341797,81.08000183105469,1.5889999866485596,0.08500000089406967
2012-11-14,17.920000076293945,86.31999969482422,81.05999755859375,1.5889999866485596,0.0949999988079071
2012-11-15,17.989999771118164,85.44999694824219,81.08000183105469,1.5889999866485596,0.07500000298023224
2012-11-16,16.40999984741211,86.66999816894531,81.26000213623047,1.5740000009536743,0.07500000298023224
2012-11-19,15.239999771118164,89.27999877929688,80.87000274658203,1.6109999418258667,0.07500000298023224
2012-11-20,15.079999923706055,86.75,80.95999908447266,1.656000018119812,0.08500000089406967
2012-11-21,15.3100004196167,87.37999725341797,80.93000030517578,1.687000036239624,0.09000000357627869
2012-11-22,15.3100004196167,87.37999725341797,80.93000030517578,1.687000036239624,0.09000000357627869
2012-11-23,15.140000343322754,88.27999877929688,80.19000244140625,1.6929999589920044,0.09000000357627869
2012-11-26,15.5,87.73999786376953,80.25,1.6640000343322754,0.09000000357627869
2012-11-27,15.920000076293945,87.18000030517578,80.4000015258789,1.6449999809265137,0.0949999988079071
2012-11-28,15.510000228881836,86.48999786376953,80.33999633789062,1.6169999837875366,0.09200000017881393
2012-11-29,15.0600004196167,88.06999969482422,80.19999694824219,1.6200000047683716,0.07999999821186066
2012-11-30,15.869999885559082,88.91000366210938,80.1500015258789,1.6059999465942383,0.07500000298023224
2012-12-03,16.639999389648438,89.08999633789062,79.87999725341797,1.628000020980835,0.07699999958276749
2012-12-04,17.1200008392334,88.5,79.63999938964844,1.6080000400543213,0.09000000357627869
2012-12-05,16.459999084472656,87.87999725341797,79.7699966430664,1.590999960899353,0.09000000357627869
2012-12-06,16.579999923706055,86.26000213623047,80.26000213623047,1.5809999704360962,0.09000000357627869
2012-12-07,15.899999618530273,85.93000030517578,80.41999816894531,1.6269999742507935,0.07999999821186066
2012-12-10,16.049999237060547,85.55999755859375,80.33000183105469,1.6160000562667847,0.07500000298023224
2012-12-11,15.569999694824219,85.79000091552734,80.05999755859375,1.6490000486373901,0.07500000298023224
2012-12-12,15.949999809265137,86.7699966430664,79.88999938964844,1.6970000267028809,0.05999999865889549
2012-12-13,16.559999465942383,85.88999938964844,79.93000030517578,1.7280000448226929,0.052000001072883606
2012-12-14,17.0,86.7300033569336,79.5999984741211,1.7079999446868896,0.02500000037252903
2012-12-17,16.34000015258789,87.19999694824219,79.56999969482422,1.7630000114440918,0.02199999988079071
2012-12-18,15.569999694824219,87.93000030517578,79.36000061035156,1.8270000219345093,0.054999999701976776
2012-12-19,17.360000610351562,89.51000213623047,79.25,1.7999999523162842,0.04500000178813934
2012-12-20,17.670000076293945,90.12999725341797,79.26000213623047,1.7999999523162842,0.05000000074505806
2012-12-21,17.84000015258789,88.66000366210938,79.62000274658203,1.753999948501587,0.05000000074505806
2012-12-24,17.84000015258789,88.61000061035156,79.63999938964844,1.7740000486373901,0.05000000074505806
2012-12-25,17.84000015258789,88.61000061035156,79.63999938964844,1.7740000486373901,0.05000000074505806
2012-12-26,19.479999542236328,90.9800033569336,79.62000274658203,1.7580000162124634,0.054999999701976776
2012-12-27,19.469999313354492,90.87000274658203,79.62000274658203,1.715000033378601,0.07000000029802322
2012-12-28,22.719999313354492,90.80000305175781,79.68000030517578,1.7109999656677246,0.009999999776482582
2012-12-31,18.020000457763672,91.81999969482422,79.7699966430664,1.75600004196167,0.03500000014901161
2013-01-01,18.020000457763672,91.81999969482422,79.7699966430664,1.75600004196167,0.03500000014901161
2013-01-02,14.680000305175781,93.12000274658203,79.8499984741211,1.8389999866485596,0.054999999701976776
2013-01-03,14.5600004196167,92.91999816894531,80.43000030517578,1.8990000486373901,0.06499999761581421
2013-01-04,13.829999923706055,93.08999633789062,80.5,1.9149999618530273,0.06499999761581421
2013-01-07,13.789999961853027,93.19000244140625,80.26000213623047,1.902999997138977,0.057999998331069946
2013-01-08,13.619999885559082,93.1500015258789,80.3499984741211,1.871000051498413,0.05999999865889549
2013-01-09,13.8100004196167,93.0999984741211,80.55999755859375,1.8519999980926514,0.054999999701976776
2013-01-10,13.489999771118164,93.81999969482422,79.73999786376953,1.8940000534057617,0.054999999701976776
2013-01-11,13.359999656677246,93.55999755859375,79.55999755859375,1.875,0.06300000101327896
2013-01-14,13.520000457763672,94.13999938964844,79.48999786376953,1.8569999933242798,0.05999999865889549
2013-01-15,13.550000190734863,93.27999877929688,79.77999877929688,1.8309999704360962,0.07999999821186066
2013-01-16,13.420000076293945,94.23999786376953,79.80000305175781,1.8240000009536743,0.07199999690055847
2013-01-17,13.569999694824219,95.48999786376953,79.6500015258789,1.875,0.07000000029802322
2013-01-18,12.460000038146973,95.55999755859375,80.05000305175781,1.843000054359436,0.07000000029802322
2013-01-21,12.460000038146973,95.55999755859375,80.05000305175781,1.843000054359436,0.07000000029802322
2013-01-22,12.430000305175781,96.23999786376953,79.87000274658203,1.8350000381469727,0.05999999865889549
2013-01-23,12.460000038146973,95.2300033569336,79.91999816894531,1.8329999446868896,0.07000000029802322
2013-01-24,12.6899995803833,95.94999694824219,79.94999694824219,1.843999981880188,0.07500000298023224
2013-01-25,12.890000343322754,95.87999725341797,79.75,1.9470000267028809,0.07000000029802322
2013-01-28,13.569999694824219,96.44000244140625,79.77999877929688,1.9739999771118164,0.05999999865889549
2013-01-29,13.3100004196167,97.56999969482422,79.55999755859375,1.9880000352859497,0.06300000101327896
2013-01-30,14.319999694824219,97.94000244140625,79.27999877929688,2.00600004196167,0.05999999865889549
2013-01-31,14.279999732971191,97.48999786376953,79.20999908447266,1.9850000143051147,0.06499999761581421
2013-02-01,12.899999618530273,97.7699966430664,79.12999725341797,2.009999990463257,0.05999999865889549
2013-02-04,14.670000076293945,96.16999816894531,79.55000305175781,1.9730000495910645,0.054999999701976776
2013-02-05,13.720000267028809,96.63999938964844,79.48999786376953,2.0160000324249268,0.07000000029802322
2013-02-06,13.40999984741211,96.62000274658203,79.72000122070312,1.968000054359436,0.06499999761581421
2013-02-07,13.5,95.83000183105469,80.19000244140625,1.9509999752044678,0.06499999761581421
2013-02-08,13.020000457763672,95.72000122070312,80.25,1.9539999961853027,0.06499999761581421
2013-02-11,12.9399995803833,97.02999877929688,80.30999755859375,1.9459999799728394,0.06499999761581421
2013-02-12,12.640000343322754,97.51000213623047,80.11000061035156,1.9819999933242798,0.08299999684095383
2013-02-13,12.979999542236328,97.01000213623047,80.08999633789062,2.0190000534057617,0.08500000089406967
2013-02-14,12.65999984741211,97.30999755859375,80.45999908447266,2.0,0.0949999988079071
2013-02-15,12.460000038146973,95.86000061035156,80.58000183105469,2.006999969482422,0.0949999988079071
2013-02-18,12.460000038146973,95.86000061035156,80.58000183105469,2.006999969482422,0.0949999988079071
2013-02-19,12.3100004196167,96.66000366210938,80.47000122070312,2.0260000228881836,0.10000000149011612
2013-02-20,14.680000305175781,94.45999908447266,81.08999633789062,2.0209999084472656,0.11500000208616257
2013-02-21,15.220000267028809,92.83999633789062,81.45999908447266,1.9759999513626099,0.11999999731779099
2013-02-22,14.170000076293945,93.12999725341797,81.4800033569336,1.9670000076293945,0.11999999731779099
2013-02-25,18.989999771118164,93.11000061035156,81.66999816894531,1.8949999809265137,0.11500000208616257
2013-02-26,16.8700008392334,92.62999725341797,81.87000274658203,1.878999948501587,0.10999999940395355
2013-02-27,14.729999542236328,92.76000213623047,81.5999984741211,1.902999997138977,0.10000000149011612
2013-02-28,15.510000228881836,92.05000305175781,81.9800033569336,1.8880000114440918,0.10000000149011612
2013-03-01,15.359999656677246,90.68000030517578,82.30999755859375,1.8530000448226929,0.10000000149011612
2013-03-04,14.010000228881836,90.12000274658203,82.22000122070312,1.8769999742507935,0.08500000089406967
2013-03-05,13.479999542236328,90.81999969482422,82.08999633789062,1.8940000534057617,0.08500000089406967
2013-03-06,13.529999732971191,90.43000030517578,82.45999908447266,1.937999963760376,0.09200000017881393
2013-03-07,13.0600004196167,91.55999755859375,82.08000183105469,1.9910000562667847,0.09000000357627869
2013-03-08,12.59000015258789,91.94999694824219,82.69999694824219,2.055999994277954,0.08699999749660492
2013-03-11,11.5600004196167,92.05999755859375,82.56999969482422,2.055999994277954,0.08699999749660492
2013-03-12,12.270000457763672,92.54000091552734,82.58000183105469,2.0230000019073486,0.09200000017881393
2013-03-13,11.829999923706055,92.5199966430664,82.88999938964844,2.0209999084472656,0.08500000089406967
2013-03-14,11.300000190734863,93.02999877929688,82.61000061035156,2.0329999923706055,0.09000000357627869
2013-03-15,11.300000190734863,93.44999694824219,82.26000213623047,1.996000051498413,0.08299999684095383
2013-03-18,13.359999656677246,93.73999786376953,82.69000244140625,1.9559999704360962,0.07199999690055847
2013-03-19,14.390000343322754,92.16000366210938,82.98999786376953,1.9079999923706055,0.07000000029802322
2013-03-20,12.670000076293945,92.95999908447266,82.77999877929688,1.937000036239624,0.06300000101327896
2013-03-21,13.989999771118164,92.44999694824219,82.80000305175781,1.9320000410079956,0.05999999865889549
2013-03-22,13.569999694824219,93.70999908447266,82.52999877929688,1.9149999618530273,0.06499999761581421
2013-03-25,13.739999771118164,94.80999755859375,82.87000274658203,1.9149999618530273,0.057999998331069946
2013-03-26,12.770000457763672,96.33999633789062,82.87999725341797,1.906000018119812,0.07199999690055847
2013-03-27,13.149999618530273,96.58000183105469,83.20999908447266,1.8509999513626099,0.07999999821186066
2013-03-28,12.699999809265137,97.2300033569336,82.98999786376953,1.8519999980926514,0.06499999761581421
2013-03-29,12.699999809265137,97.2300033569336,82.98999786376953,1.8519999980926514,0.06499999761581421
2013-04-01,13.579999923706055,97.06999969482422,82.7300033569336,1.840000033378601,0.06499999761581421
2013-04-02,12.779999732971191,97.19000244140625,82.94000244140625,1.8609999418258667,0.06800000369548798
2013-04-03,14.210000038146973,94.44999694824219,82.72000122070312,1.812000036239624,0.054999999701976776
2013-04-04,13.890000343322754,93.26000213623047,82.68000030517578,1.7589999437332153,0.06499999761581421
2013-04-05,13.920000076293945,92.69999694824219,82.5,1.694000005722046,0.05999999865889549
2013-04-08,13.1899995803833,93.36000061035156,82.75,1.7319999933242798,0.054999999701976776
2013-04-09,12.84000015258789,94.19999694824219,82.30999755859375,1.746999979019165,0.06300000101327896
2013-04-10,12.359999656677246,94.63999938964844,82.52999877929688,1.8049999475479126,0.06499999761581421
2013-04-11,12.239999771118164,93.51000213623047,82.25,1.7910000085830688,0.06300000101327896
2013-04-12,12.0600004196167,91.29000091552734,82.30999755859375,1.7209999561309814,0.054999999701976776
2013-04-15,17.270000457763672,88.70999908447266,82.41999816894531,1.7020000219345093,0.054999999701976776
2013-04-16,13.960000038146973,88.72000122070312,81.75,1.718999981880188,0.052000001072883606
2013-04-17,16.510000228881836,86.68000030517578,82.66000366210938,1.7039999961853027,0.05000000074505806
2013-04-18,17.559999465942383,87.7300033569336,82.55000305175781,1.684999942779541,0.05000000074505806
2013-04-19,14.970000267028809,88.01000213623047,82.70999908447266,1.7029999494552612,0.04500000178813934
2013-04-22,14.390000343322754,88.76000213623047,82.68000030517578,1.6979999542236328,0.04500000178813934
2013-04-23,13.479999542236328,89.18000030517578,83.02999877929688,1.6979999542236328,0.04500000178813934
2013-04-24,13.609999656677246,91.43000030517578,82.93000030517578,1.6979999542236328,0.04800000041723251
2013-04-25,13.619999885559082,93.63999938964844,82.73999786376953,1.7109999656677246,0.05000000074505806
2013-04-26,13.609999656677246,93.0,82.4800033569336,1.6629999876022339,0.04500000178813934
2013-04-29,13.710000038146973,94.5,82.1500015258789,1.6679999828338623,0.04500000178813934
2013-04-30,13.520000457763672,93.45999908447266,81.7300033569336,1.6749999523162842,0.04500000178813934
2013-05-01,14.489999771118164,91.02999877929688,81.63999938964844,1.6390000581741333,0.05000000074505806
2013-05-02,13.59000015258789,93.98999786376953,82.20999908447266,1.63100004196167,0.05000000074505806
2013-05-03,12.850000381469727,95.61000061035156,82.0999984741211,1.7519999742507935,0.04500000178813934
2013-05-06,12.65999984741211,96.16000366210938,82.31999969482422,1.7710000276565552,0.029999999329447746
2013-05-07,12.829999923706055,95.62000274658203,82.30000305175781,1.7829999923706055,0.03500000014901161
2013-05-08,12.65999984741211,96.62000274658203,81.9000015258789,1.7599999904632568,0.03500000014901161
2013-05-09,13.130000114440918,96.38999938964844,82.79000091552734,1.812999963760376,0.03500000014901161
2013-05-10,12.59000015258789,96.04000091552734,83.13999938964844,1.899999976158142,0.03500000014901161
2013-05-13,12.550000190734863,95.16999816894531,83.26000213623047,1.9229999780654907,0.03500000014901161
2013-05-14,12.770000457763672,94.20999908447266,83.56999969482422,1.9520000219345093,0.03999999910593033
2013-05-15,12.8100004196167,94.30000305175781,83.83000183105469,1.9429999589920044,0.03700000047683716
2013-05-16,13.069999694824219,95.16000366210938,83.7699966430664,1.8650000095367432,0.02500000037252903
2013-05-17,12.449999809265137,96.0199966430664,84.27999877929688,1.9490000009536743,0.029999999329447746
2013-05-20,13.020000457763672,96.70999908447266,83.80999755859375,1.965000033378601,0.03500000014901161
2013-05-21,13.369999885559082,96.16000366210938,83.86000061035156,1.944000005722046,0.03999999910593033
2013-05-22,13.819999694824219,94.27999877929688,84.25,2.0260000228881836,0.03500000014901161
2013-05-23,14.069999694824219,94.25,83.80000305175781,2.0230000019073486,0.03999999910593033
2013-05-24,13.989999771118164,94.1500015258789,83.69999694824219,2.010999917984009,0.03700000047683716
2013-05-27,13.989999771118164,94.1500015258789,83.69999694824219,2.010999917984009,0.03700000047683716
2013-05-28,14.479999542236328,95.01000213623047,84.13999938964844,2.134999990463257,0.03500000014901161
2013-05-29,14.829999923706055,93.12999725341797,83.63999938964844,2.124000072479248,0.03999999910593033
2013-05-30,14.529999732971191,93.61000061035156,83.01000213623047,2.124000072479248,0.02500000037252903
2013-05-31,16.299999237060547,91.97000122070312,83.37999725341797,2.1640000343322754,0.029999999329447746
2013-06-03,16.280000686645508,93.44999694824219,82.68000030517578,2.134000062942505,0.029999999329447746
2013-06-04,16.270000457763672,93.30999755859375,82.7699966430664,2.13700008392334,0.03999999910593033
2013-06-05,17.5,93.73999786376953,82.56999969482422,2.0999999046325684,0.04500000178813934
2013-06-06,16.6299991607666,94.76000213623047,81.5199966430664,2.075000047683716,0.04500000178813934
2013-06-07,15.140000343322754,96.02999877929688,81.69000244140625,2.1610000133514404,0.03999999910593033
2013-06-10,15.4399995803833,95.7699966430664,81.6500015258789,2.2149999141693115,0.03999999910593033
2013-06-11,17.06999969482422,95.37999725341797,81.05999755859375,2.194999933242798,0.04500000178813934
2013-06-12,18.59000015258789,95.87999725341797,80.95999908447266,2.2300000190734863,0.03999999910593033
2013-06-13,16.40999984741211,96.69000244140625,80.62000274658203,2.1740000247955322,0.0430000014603138
2013-06-14,17.149999618530273,97.8499984741211,80.66999816894531,2.125999927520752,0.03999999910593033
2013-06-17,16.799999237060547,97.7699966430664,80.56999969482422,2.1710000038146973,0.03999999910593033
2013-06-18,16.610000610351562,98.44000244140625,80.62000274658203,2.181999921798706,0.04500000178813934
2013-06-19,16.639999389648438,98.23999786376953,81.43000030517578,2.311000108718872,0.03999999910593033
2013-06-20,20.489999771118164,95.4000015258789,81.83999633789062,2.4189999103546143,0.03999999910593033
2013-06-21,18.899999618530273,93.69000244140625,82.31999969482422,2.5139999389648438,0.03999999910593033
2013-06-24,20.110000610351562,95.18000030517578,82.43000030517578,2.5480000972747803,0.03999999910593033
2013-06-25,18.469999313354492,95.31999969482422,82.58000183105469,2.5889999866485596,0.057999998331069946
2013-06-26,17.209999084472656,95.5,82.94999694824219,2.5390000343322754,0.054999999701976776
2013-06-27,16.860000610351562,97.05000305175781,82.91000366210938,2.4830000400543213,0.04500000178813934
2013-06-28,16.860000610351562,96.55999755859375,83.16999816894531,2.4779999256134033,0.029999999329447746
2013-07-01,16.3700008392334,97.98999786376953,82.9800033569336,2.490000009536743,0.009999999776482582
2013-07-02,16.440000534057617,99.5999984741211,83.54000091552734,2.4690001010894775,0.03500000014901161
2013-07-03,16.200000762939453,101.23999786376953,83.2300033569336,2.500999927520752,0.03500000014901161
2013-07-04,16.200000762939453,101.23999786376953,83.2300033569336,2.500999927520752,0.03500000014901161
2013-07-05,14.890000343322754,103.22000122070312,84.41999816894531,2.7149999141693115,0.03500000014901161
2013-07-08,14.779999732971191,103.13999938964844,84.19999694824219,2.6449999809265137,0.03500000014901161
2013-07-09,14.350000381469727,103.52999877929688,84.58000183105469,2.630000114440918,0.03500000014901161
2013-07-10,14.210000038146973,106.5199966430664,84.04000091552734,2.680000066757202,0.029999999329447746
2013-07-11,14.010000228881836,104.91000366210938,82.75,2.5739998817443848,0.029999999329447746
2013-07-12,13.84000015258789,105.94999694824219,82.98999786376953,2.6010000705718994,0.029999999329447746
2013-07-15,13.789999961853027,106.31999969482422,83.04000091552734,2.555999994277954,0.019999999552965164
2013-07-16,14.420000076293945,106.0,82.43000030517578,2.5320000648498535,0.03500000014901161
2013-07-17,13.779999732971191,106.4800033569336,82.70999908447266,2.490999937057495,0.02500000037252903
2013-07-18,13.770000457763672,108.04000091552734,82.81999969482422,2.5339999198913574,0.02199999988079071
2013-07-19,12.539999961853027,108.05000305175781,82.58000183105469,2.490999937057495,0.019999999552965164
2013-07-22,12.289999961853027,106.91000366210938,82.22000122070312,2.48799991607666,0.004999999888241291
2013-07-23,12.65999984741211,107.2300033569336,82.01000213623047,2.5160000324249268,0.019999999552965164
2013-07-24,13.180000305175781,105.38999938964844,82.30000305175781,2.5880000591278076,0.019999999552965164
2013-07-25,12.970000267028809,105.48999786376953,81.97000122070312,2.6070001125335693,0.014999999664723873
2013-07-26,12.720000267028809,104.69999694824219,81.62000274658203,2.561000108718872,0.014999999664723873
2013-07-29,13.390000343322754,104.55000305175781,81.66000366210938,2.5850000381469727,0.019999999552965164
2013-07-30,13.390000343322754,103.08000183105469,81.83000183105469,2.6029999256134033,0.029999999329447746
2013-07-31,13.449999809265137,105.02999877929688,81.44999694824219,2.5929999351501465,0.029999999329447746
2013-08-01,12.9399995803833,107.88999938964844,82.33999633789062,2.7230000495910645,0.03500000014901161
2013-08-02,11.979999542236328,106.94000244140625,81.91000366210938,2.6019999980926514,0.029999999329447746
2013-08-05,11.84000015258789,106.55999755859375,81.87999725341797,2.640000104904175,0.03500000014901161
2013-08-06,12.720000267028809,105.30000305175781,81.5999984741211,2.6419999599456787,0.03999999910593033
2013-08-07,12.979999542236328,104.37000274658203,81.29000091552734,2.5999999046325684,0.03999999910593033
2013-08-08,12.729999542236328,103.4000015258789,81.01000213623047,2.5869998931884766,0.04500000178813934
2013-08-09,13.40999984741211,105.97000122070312,81.12999725341797,2.5799999237060547,0.04800000041723251
2013-08-12,12.8100004196167,106.11000061035156,81.33000183105469,2.6050000190734863,0.04800000041723251
2013-08-13,12.3100004196167,106.83000183105469,81.7300033569336,2.7149999141693115,0.052000001072883606
2013-08-14,13.039999961853027,106.8499984741211,81.69999694824219,2.7119998931884766,0.05000000074505806
2013-08-15,14.729999542236328,107.33000183105469,81.12999725341797,2.755000114440918,0.04500000178813934
2013-08-16,14.369999885559082,107.45999908447266,81.26000213623047,2.8289999961853027,0.03999999910593033
2013-08-19,15.100000381469727,107.0999984741211,81.2300033569336,2.884000062942505,0.03999999910593033
2013-08-20,14.90999984741211,104.97000122070312,80.91000366210938,2.813999891281128,0.04500000178813934
2013-08-21,15.9399995803833,103.8499984741211,81.31999969482422,2.8550000190734863,0.032999999821186066
2013-08-22,14.760000228881836,105.02999877929688,81.48999786376953,2.9010000228881836,0.019999999552965164
2013-08-23,13.979999542236328,106.41999816894531,81.33999633789062,2.818000078201294,0.02199999988079071
2013-08-26,14.989999771118164,105.91999816894531,81.37000274658203,2.805000066757202,0.013000000268220901
2013-08-27,16.770000457763672,109.01000213623047,81.16999816894531,2.7209999561309814,0.032999999821186066
2013-08-28,16.489999771118164,110.0999984741211,81.41999816894531,2.7820000648498535,0.029999999329447746
2013-08-29,16.809999465942383,108.80000305175781,81.94999694824219,2.750999927520752,0.019999999552965164
2013-08-30,17.010000228881836,107.6500015258789,82.08999633789062,2.749000072479248,0.019999999552965164
2013-09-02,17.010000228881836,107.6500015258789,82.08999633789062,2.749000072479248,0.019999999552965164
2013-09-03,16.610000610351562,108.54000091552734,82.36000061035156,2.8480000495910645,0.014999999664723873
2013-09-04,15.880000114440918,107.2300033569336,82.16999816894531,2.8970000743865967,0.014999999664723873
2013-09-05,15.770000457763672,108.37000274658203,82.62999725341797,2.9790000915527344,0.014999999664723873
2013-09-06,15.850000381469727,110.52999877929688,82.1500015258789,2.937999963760376,0.014999999664723873
2013-09-09,15.630000114440918,109.5199966430664,81.79000091552734,2.8970000743865967,0.009999999776482582
2013-09-10,14.529999732971191,107.38999938964844,81.81999969482422,2.9590001106262207,0.014999999664723873
2013-09-11,13.819999694824219,107.55999755859375,81.5199966430664,2.9200000762939453,0.014999999664723873
2013-09-12,14.289999961853027,108.5999984741211,81.48999786376953,2.9070000648498535,0.009999999776482582
2013-09-13,14.15999984741211,108.20999908447266,81.44999694824219,2.8980000019073486,0.009999999776482582
2013-09-16,14.380000114440918,106.58999633789062,81.25,2.874000072479248,0.003000000026077032
2013-09-17,14.529999732971191,105.41999816894531,81.16999816894531,2.8529999256134033,0.004999999888241291
2013-09-18,13.59000015258789,108.06999969482422,80.23999786376953,2.7079999446868896,0.004999999888241291
2013-09-19,13.15999984741211,106.38999938964844,80.36000061035156,2.747999906539917,0.004999999888241291
2013-09-20,13.119999885559082,104.68000030517578,80.44000244140625,2.7320001125335693,0.004999999888241291
2013-09-23,14.3100004196167,103.58999633789062,80.44999694824219,2.7139999866485596,0.004999999888241291
2013-09-24,14.079999923706055,103.12999725341797,80.55999755859375,2.6530001163482666,0.014999999664723873
2013-09-25,14.010000228881836,102.66000366210938,80.33000183105469,2.614000082015991,0.014999999664723873
2013-09-26,14.0600004196167,103.02999877929688,80.5199966430664,2.6429998874664307,0.003000000026077032
2013-09-27,15.460000038146973,102.87000274658203,80.2699966430664,2.61899995803833,0.004999999888241291
2013-09-30,16.600000381469727,102.33000183105469,80.22000122070312,2.615000009536743,0.004999999888241291
2013-10-01,15.539999961853027,102.04000091552734,80.0999984741211,2.6459999084472656,0.013000000268220901
2013-10-02,16.600000381469727,104.0999984741211,79.87999725341797,2.625999927520752,0.009999999776482582
2013-10-03,17.670000076293945,103.30999755859375,79.7699966430664,2.6059999465942383,0.019999999552965164
2013-10-04,16.739999771118164,103.83999633789062,80.12000274658203,2.6519999504089355,0.017999999225139618
2013-10-07,19.40999984741211,103.02999877929688,79.94000244140625,2.634000062942505,0.017999999225139618
2013-10-08,20.34000015258789,103.48999786376953,80.05999755859375,2.635999917984009,0.04500000178813934
2013-10-09,19.600000381469727,101.61000061035156,80.37000274658203,2.6500000953674316,0.03700000047683716
2013-10-10,16.479999542236328,103.01000213623047,80.41999816894531,2.684999942779541,0.03999999910593033
2013-10-11,15.720000267028809,102.0199966430664,80.36000061035156,2.681999921798706,0.06300000101327896
2013-10-14,16.06999969482422,102.41000366210938,80.26000213623047,2.690999984741211,0.057999998331069946
2013-10-15,18.65999984741211,101.20999908447266,80.4800033569336,2.7200000286102295,0.09200000017881393
2013-10-16,14.710000038146973,102.29000091552734,80.5,2.6710000038146973,0.09200000017881393
2013-10-17,13.479999542236328,100.66999816894531,79.6500015258789,2.5869998931884766,0.03700000047683716
2013-10-18,13.039999961853027,100.80999755859375,79.63999938964844,2.5889999866485596,0.02500000037252903
2013-10-21,13.15999984741211,99.22000122070312,79.68000030517578,2.6089999675750732,0.02500000037252903
2013-10-22,13.329999923706055,97.80000305175781,79.23999786376953,2.51200008392334,0.032999999821186066
2013-10-23,13.420000076293945,96.86000061035156,79.26000213623047,2.484999895095825,0.029999999329447746
2013-10-24,13.199999809265137,97.11000061035156,79.19000244140625,2.5220000743865967,0.029999999329447746
2013-10-25,13.09000015258789,97.8499984741211,79.18000030517578,2.503000020980835,0.029999999329447746
2013-10-28,13.3100004196167,98.68000030517578,79.25,2.51200008392334,0.019999999552965164
2013-10-29,13.40999984741211,98.19999694824219,79.62999725341797,2.506999969482422,0.03999999910593033
2013-10-30,13.649999618530273,96.7699966430664,79.75,2.5269999504089355,0.03500000014901161
2013-10-31,13.75,96.37999725341797,80.19999694824219,2.5420000553131104,0.032999999821186066
2013-11-01,13.279999732971191,94.61000061035156,80.7300033569336,2.619999885559082,0.032999999821186066
2013-11-04,12.930000305175781,94.62000274658203,80.55000305175781,2.6019999980926514,0.032999999821186066
2013-11-05,13.270000457763672,93.37000274658203,80.70999908447266,2.6619999408721924,0.04500000178813934
2013-11-06,12.670000076293945,94.80000305175781,80.4800033569336,2.640000104904175,0.04500000178813934
2013-11-07,13.90999984741211,94.19999694824219,80.81999969482422,2.61299991607666,0.04800000041723251
2013-11-08,12.899999618530273,94.5999984741211,81.20999908447266,2.746000051498413,0.052000001072883606
2013-11-11,12.529999732971191,95.13999938964844,81.08999633789062,2.750999927520752,0.052000001072883606
2013-11-12,12.819999694824219,93.04000091552734,81.19000244140625,2.7679998874664307,0.057999998331069946
2013-11-13,12.520000457763672,93.87999725341797,80.93000030517578,2.7249999046325684,0.07000000029802322
2013-11-14,12.369999885559082,93.76000213623047,80.9800033569336,2.7019999027252197,0.06800000369548798
2013-11-15,12.1899995803833,93.83999633789062,80.83999633789062,2.7090001106262207,0.07000000029802322
2013-11-18,13.100000381469727,93.02999877929688,80.83000183105469,2.677999973297119,0.06499999761581421
2013-11-19,13.390000343322754,93.33999633789062,80.69999694824219,2.7119998931884766,0.07999999821186066
2013-11-20,13.399999618530273,93.33000183105469,81.11000061035156,2.7920000553131104,0.07699999958276749
2013-11-21,12.65999984741211,95.44000244140625,81.05000305175781,2.7839999198913574,0.07000000029802322
2013-11-22,12.260000228881836,94.83999633789062,80.70999908447266,2.752000093460083,0.06499999761581421
2013-11-25,12.789999961853027,94.08999633789062,80.91999816894531,2.740999937057495,0.05999999865889549
2013-11-26,12.8100004196167,93.68000030517578,80.61000061035156,2.696000099182129,0.06800000369548798
2013-11-27,12.979999542236328,92.30000305175781,80.73999786376953,2.7360000610351562,0.06300000101327896
2013-11-28,12.979999542236328,92.30000305175781,80.73999786376953,2.7360000610351562,0.06300000101327896
2013-11-29,13.699999809265137,92.72000122070312,80.68000030517578,2.740999937057495,0.054999999701976776
2013-12-02,14.229999542236328,93.81999969482422,80.91000366210938,2.8010001182556152,0.05000000074505806
2013-12-03,14.550000190734863,96.04000091552734,80.62000274658203,2.7750000953674316,0.03500000014901161
2013-12-04,14.699999809265137,97.19999694824219,80.62999725341797,2.8410000801086426,0.052000001072883606
2013-12-05,15.079999923706055,97.37999725341797,80.2699966430664,2.861999988555908,0.04800000041723251
2013-12-06,13.789999961853027,97.6500015258789,80.2699966430664,2.882999897003174,0.052000001072883606
2013-12-09,13.489999771118164,97.33999633789062,80.12999725341797,2.8570001125335693,0.052000001072883606
2013-12-10,13.90999984741211,98.51000213623047,79.97000122070312,2.796999931335449,0.07000000029802322
2013-12-11,15.420000076293945,97.44000244140625,79.88999938964844,2.8440001010894775,0.06800000369548798
2013-12-12,15.539999961853027,97.5,80.19999694824219,2.877000093460083,0.06300000101327896
2013-12-13,15.760000228881836,96.5999984741211,80.20999908447266,2.868000030517578,0.05999999865889549
2013-12-16,16.030000686645508,97.4800033569336,80.06999969482422,2.877000093460083,0.057999998331069946
2013-12-17,16.209999084472656,97.22000122070312,80.05999755859375,2.8429999351501465,0.06300000101327896
2013-12-18,13.800000190734863,97.80000305175781,80.11000061035156,2.884999990463257,0.05999999865889549
2013-12-19,14.149999618530273,98.7699966430664,80.62999725341797,2.924999952316284,0.057999998331069946
2013-12-20,13.789999961853027,99.31999969482422,80.58000183105469,2.88700008392334,0.054999999701976776
2013-12-23,13.039999961853027,98.91000366210938,80.44999694824219,2.928999900817871,0.057999998331069946
2013-12-24,12.479999542236328,99.22000122070312,80.52999877929688,2.9830000400543213,0.06800000369548798
2013-12-25,12.479999542236328,99.22000122070312,80.52999877929688,2.9830000400543213,0.06800000369548798
2013-12-26,12.329999923706055,99.55000305175781,80.4800033569336,2.990000009536743,0.05999999865889549
2013-12-27,12.460000038146973,100.31999969482422,80.38999938964844,3.00600004196167,0.057999998331069946
2013-12-30,13.5600004196167,99.29000091552734,80.0,2.9760000705718994,0.054999999701976776
2013-12-31,13.720000267028809,98.41999816894531,80.04000091552734,3.0260000228881836,0.06300000101327896
2014-01-01,13.720000267028809,98.41999816894531,80.04000091552734,3.0260000228881836,0.06300000101327896
2014-01-02,14.229999542236328,95.44000244140625,80.62999725341797,2.984999895095825,0.057999998331069946
2014-01-03,13.760000228881836,93.95999908447266,80.79000091552734,2.994999885559082,0.057999998331069946
2014-01-06,13.550000190734863,93.43000030517578,80.6500015258789,2.9609999656677246,0.04500000178813934
2014-01-07,12.920000076293945,93.66999816894531,80.83000183105469,2.937000036239624,0.0430000014603138
2014-01-08,12.869999885559082,92.33000183105469,81.04000091552734,2.993000030517578,0.03999999910593033
2014-01-09,12.890000343322754,91.66000366210938,81.01000213623047,2.9630000591278076,0.032999999821186066
2014-01-10,12.140000343322754,92.72000122070312,80.66000366210938,2.859999895095825,0.032999999821186066
2014-01-13,13.279999732971191,91.80000305175781,80.51000213623047,2.8269999027252197,0.029999999329447746
2014-01-14,12.279999732971191,92.58999633789062,80.61000061035156,2.86899995803833,0.032999999821186066
2014-01-15,12.279999732971191,94.16999816894531,81.0,2.884000062942505,0.03500000014901161
2014-01-16,12.529999732971191,93.95999908447266,80.9000015258789,2.8429999351501465,0.029999999329447746
2014-01-17,12.4399995803833,94.37000274658203,81.26000213623047,2.8269999027252197,0.029999999329447746
2014-01-20,12.4399995803833,94.37000274658203,81.26000213623047,2.8269999027252197,0.029999999329447746
2014-01-21,12.869999885559082,94.98999786376953,81.0999984741211,2.825000047683716,0.02800000086426735
2014-01-22,12.84000015258789,96.7300033569336,81.16999816894531,2.859999895095825,0.029999999329447746
2014-01-23,13.770000457763672,97.31999969482422,80.44000244140625,2.7730000019073486,0.029999999329447746
2014-01-24,18.139999389648438,96.63999938964844,80.45999908447266,2.734999895095825,0.032999999821186066
2014-01-27,17.420000076293945,95.72000122070312,80.5,2.7660000324249268,0.04800000041723251
2014-01-28,15.800000190734863,97.41000366210938,80.56999969482422,2.746000051498413,0.04500000178813934
2014-01-29,17.350000381469727,97.36000061035156,80.51000213623047,2.674999952316284,0.03999999910593033
2014-01-30,17.290000915527344,98.2300033569336,81.08999633789062,2.693000078201294,0.014999999664723873
2014-01-31,18.40999984741211,97.48999786376953,81.2699966430664,2.6679999828338623,0.009999999776482582
2014-02-03,21.440000534057617,96.43000030517578,81.01000213623047,2.5810000896453857,0.019999999552965164
2014-02-04,19.110000610351562,97.19000244140625,81.12000274658203,2.624000072479248,0.054999999701976776
2014-02-05,19.950000762939453,97.37999725341797,81.02999877929688,2.6670000553131104,0.054999999701976776
2014-02-06,17.229999542236328,97.83999633789062,80.88999938964844,2.7019999027252197,0.05999999865889549
2014-02-07,15.289999961853027,99.87999725341797,80.69000244140625,2.674999952316284,0.07199999690055847
2014-02-10,15.260000228881836,100.05999755859375,80.66999816894531,2.677999973297119,0.054999999701976776
2014-02-11,14.510000228881836,99.94000244140625,80.62999725341797,2.7190001010894775,0.04500000178813934
2014-02-12,14.300000190734863,100.37000274658203,80.68000030517578,2.763000011444092,0.0430000014603138
2014-02-13,14.140000343322754,100.3499984741211,80.29000091552734,2.7360000610351562,0.02500000037252903
2014-02-14,13.569999694824219,100.30000305175781,80.12999725341797,2.746000051498413,0.009999999776482582
2014-02-17,13.569999694824219,100.30000305175781,80.12999725341797,2.746000051498413,0.009999999776482582
2014-02-18,13.869999885559082,102.43000030517578,80.01000213623047,2.7109999656677246,0.014999999664723873
2014-02-19,15.5,103.30999755859375,80.16999816894531,2.7339999675750732,0.04500000178813934
2014-02-20,14.789999961853027,102.91999816894531,80.29000091552734,2.753999948501587,0.03999999910593033
2014-02-21,14.680000305175781,102.19999694824219,80.23999786376953,2.7339999675750732,0.03500000014901161
2014-02-24,14.229999542236328,102.81999969482422,80.20999908447266,2.75,0.032999999821186066
2014-02-25,13.670000076293945,101.83000183105469,80.1500015258789,2.7009999752044678,0.03999999910593033
2014-02-26,14.350000381469727,102.58999633789062,80.41000366210938,2.6730000972747803,0.03999999910593033
2014-02-27,14.039999961853027,102.4000015258789,80.29000091552734,2.6419999599456787,0.03500000014901161
2014-02-28,14.0,102.58999633789062,79.77999877929688,2.6579999923706055,0.0430000014603138
2014-03-03,16.0,104.91999816894531,80.06999969482422,2.6070001125335693,0.0430000014603138
2014-03-04,14.100000381469727,103.33000183105469,80.16000366210938,2.690999984741211,0.04800000041723251
2014-03-05,13.890000343322754,101.44999694824219,80.11000061035156,2.697999954223633,0.05000000074505806
2014-03-06,14.210000038146973,101.55999755859375,79.68000030517578,2.736999988555908,0.04500000178813934
2014-03-07,14.109999656677246,102.58000183105469,79.72000122070312,2.7899999618530273,0.04500000178813934
2014-03-10,14.199999809265137,101.12000274658203,79.75,2.7839999198913574,0.03999999910593033
2014-03-11,14.800000190734863,100.02999877929688,79.7699966430664,2.7660000324249268,0.04500000178813934
2014-03-12,14.470000267028809,97.98999786376953,79.61000061035156,2.7260000705718994,0.03999999910593033
2014-03-13,16.219999313354492,98.19999694824219,79.62000274658203,2.6530001163482666,0.03999999910593033
2014-03-14,17.81999969482422,98.88999938964844,79.44000244140625,2.6449999809265137,0.03999999910593033
2014-03-17,15.640000343322754,98.08000183105469,79.38999938964844,2.6989998817443848,0.0430000014603138
2014-03-18,14.520000457763672,99.69999694824219,79.41000366210938,2.680999994277954,0.05000000074505806
2014-03-19,15.119999885559082,100.37000274658203,79.98999786376953,2.7720000743865967,0.05000000074505806
2014-03-20,14.520000457763672,99.43000030517578,80.20999908447266,2.7750000953674316,0.052000001072883606
2014-03-21,15.0,99.45999908447266,80.11000061035156,2.75,0.04500000178813934
2014-03-24,15.09000015258789,99.5999984741211,79.93000030517578,2.7330000400543213,0.0430000014603138
2014-03-25,14.020000457763672,99.19000244140625,79.94000244140625,2.734999895095825,0.04500000178813934
2014-03-26,14.930000305175781,100.26000213623047,79.9800033569336,2.7009999752044678,0.03700000047683716
2014-03-27,14.619999885559082,101.27999877929688,80.11000061035156,2.671999931335449,0.032999999821186066
2014-03-28,14.40999984741211,101.66999816894531,80.18000030517578,2.7119998931884766,0.032999999821186066
2014-03-31,13.880000114440918,101.58000183105469,80.0999984741211,2.7230000495910645,0.02800000086426735
2014-04-01,13.100000381469727,99.73999786376953,80.08000183105469,2.759000062942505,0.029999999329447746
2014-04-02,13.09000015258789,99.62000274658203,80.22000122070312,2.802999973297119,0.017999999225139618
2014-04-03,13.369999885559082,100.29000091552734,80.47000122070312,2.7899999618530273,0.014999999664723873
2014-04-04,13.960000038146973,101.13999938964844,80.41999816894531,2.7260000705718994,0.019999999552965164
2014-04-07,15.569999694824219,100.44000244140625,80.22000122070312,2.694999933242798,0.019999999552965164
2014-04-08,14.890000343322754,102.55999755859375,79.75,2.680999994277954,0.02500000037252903
2014-04-09,13.819999694824219,103.5999984741211,79.4800033569336,2.684000015258789,0.02800000086426735
2014-04-10,15.890000343322754,103.4000015258789,79.37999725341797,2.628000020980835,0.02800000086426735
2014-04-11,17.030000686645508,103.73999786376953,79.44999694824219,2.61899995803833,0.029999999329447746
2014-04-14,16.110000610351562,104.05000305175781,79.7300033569336,2.6389999389648438,0.029999999329447746
2014-04-15,15.609999656677246,103.75,79.80000305175781,2.628000020980835,0.029999999329447746
2014-04-16,14.180000305175781,103.76000213623047,79.81999969482422,2.63700008392334,0.02500000037252903
2014-04-17,13.359999656677246,104.30000305175781,79.83000183105469,2.7209999561309814,0.02500000037252903
2014-04-18,13.359999656677246,104.30000305175781,79.83000183105469,2.7209999561309814,0.02500000037252903
2014-04-21,13.25,104.37000274658203,79.94999694824219,2.7209999561309814,0.02500000037252903
2014-04-22,13.1899995803833,102.12999725341797,79.91000366210938,2.7260000705718994,0.02500000037252903
2014-04-23,13.270000457763672,101.44000244140625,79.86000061035156,2.686000108718872,0.014999999664723873
2014-04-24,13.319999694824219,101.94000244140625,79.80000305175781,2.687999963760376,0.007000000216066837
2014-04-25,14.0600004196167,100.5999984741211,79.7699966430664,2.6659998893737793,0.007000000216066837
2014-04-28,13.970000267028809,100.83999633789062,79.68000030517578,2.677000045776367,0.003000000026077032
2014-04-29,13.710000038146973,101.27999877929688,79.80999755859375,2.694999933242798,0.014999999664723873
2014-04-30,13.40999984741211,99.73999786376953,79.48999786376953,2.6480000019073486,0.019999999552965164
2014-05-01,13.25,99.41999816894531,79.52999877929688,2.6059999465942383,0.017999999225139618
2014-05-02,12.90999984741211,99.76000213623047,79.5199966430664,2.5910000801086426,0.014999999664723873
2014-05-05,13.289999961853027,99.4800033569336,79.48999786376953,2.6110000610351562,0.014999999664723873
2014-05-06,13.800000190734863,99.5,79.13999938964844,2.5950000286102295,0.019999999552965164
2014-05-07,13.399999618530273,100.7699966430664,79.22000122070312,2.5899999141693115,0.019999999552965164
2014-05-08,13.430000305175781,100.26000213623047,79.43000030517578,2.6019999980926514,0.02199999988079071
2014-05-09,12.920000076293945,99.98999786376953,79.9000015258789,2.622999906539917,0.02199999988079071
2014-05-12,12.229999542236328,100.58999633789062,79.9000015258789,2.6559998989105225,0.019999999552965164
2014-05-13,12.130000114440918,101.69999694824219,80.13999938964844,2.618000030517578,0.019999999552965164
2014-05-14,12.170000076293945,102.37000274658203,80.06999969482422,2.5429999828338623,0.019999999552965164
2014-05-15,13.170000076293945,101.5,80.0,2.502000093460083,0.017999999225139618
2014-05-16,12.4399995803833,102.0199966430664,80.04000091552734,2.5179998874664307,0.014999999664723873
2014-05-19,12.420000076293945,102.61000061035156,79.98999786376953,2.5360000133514404,0.017999999225139618
2014-05-20,12.960000038146973,102.44000244140625,80.04000091552734,2.509000062942505,0.02500000037252903
2014-05-21,11.90999984741211,104.06999969482422,80.0999984741211,2.5369999408721924,0.02500000037252903
2014-05-22,12.029999732971191,103.73999786376953,80.25,2.555000066757202,0.02800000086426735
2014-05-23,11.359999656677246,104.3499984741211,80.38999938964844,2.5360000133514404,0.02800000086426735
2014-05-26,11.359999656677246,104.3499984741211,80.38999938964844,2.5360000133514404,0.02800000086426735
2014-05-27,11.510000228881836,104.11000061035156,80.3499984741211,2.5179998874664307,0.02800000086426735
2014-05-28,11.680000305175781,102.72000122070312,80.56999969482422,2.437999963760376,0.02800000086426735
2014-05-29,11.569999694824219,103.58000183105469,80.48999786376953,2.447000026702881,0.029999999329447746
2014-05-30,11.399999618530273,102.70999908447266,80.37000274658203,2.4570000171661377,0.029999999329447746
2014-06-02,11.579999923706055,102.47000122070312,80.63999938964844,2.5339999198913574,0.02500000037252903
2014-06-03,11.869999885559082,102.66000366210938,80.55000305175781,2.5929999351501465,0.029999999329447746
2014-06-04,12.079999923706055,102.63999938964844,80.66999816894531,2.6059999465942383,0.029999999329447746
2014-06-05,11.680000305175781,102.4800033569336,80.37000274658203,2.5840001106262207,0.029999999329447746
2014-06-06,10.729999542236328,102.66000366210938,80.41000366210938,2.5969998836517334,0.02800000086426735
2014-06-09,11.149999618530273,104.41000366210938,80.6500015258789,2.61299991607666,0.029999999329447746
2014-06-10,10.989999771118164,104.3499984741211,80.81999969482422,2.634999990463257,0.03500000014901161
2014-06-11,11.600000381469727,104.4000015258789,80.79000091552734,2.640000104904175,0.032999999821186066
2014-06-12,12.5600004196167,106.52999877929688,80.58000183105469,2.5859999656677246,0.032999999821186066
2014-06-13,12.180000305175781,106.91000366210938,80.58000183105469,2.6040000915527344,0.029999999329447746
2014-06-16,12.649999618530273,106.9000015258789,80.47000122070312,2.5969998836517334,0.02500000037252903
2014-06-17,12.0600004196167,106.36000061035156,80.62999725341797,2.6549999713897705,0.032999999821186066
2014-06-18,10.609999656677246,105.97000122070312,80.58000183105469,2.61299991607666,0.017999999225139618
2014-06-19,10.619999885559082,106.43000030517578,80.31999969482422,2.621999979019165,0.009999999776482582
2014-06-20,10.850000381469727,107.26000213623047,80.37000274658203,2.624000072479248,0.009999999776482582
2014-06-23,10.979999542236328,106.16999816894531,80.26000213623047,2.622999906539917,0.004999999888241291
2014-06-24,12.130000114440918,106.02999877929688,80.33000183105469,2.5859999656677246,0.02199999988079071
2014-06-25,11.59000015258789,106.5,80.22000122070312,2.559000015258789,0.019999999552965164
2014-06-26,11.630000114440918,105.83999633789062,80.2300033569336,2.5250000953674316,0.02500000037252903
2014-06-27,11.260000228881836,105.73999786376953,80.04000091552734,2.5320000648498535,0.017999999225139618
2014-06-30,11.569999694824219,105.37000274658203,79.77999877929688,2.5160000324249268,0.019999999552965164
2014-07-01,11.149999618530273,105.33999633789062,79.81999969482422,2.562999963760376,0.02500000037252903
2014-07-02,10.819999694824219,104.4800033569336,79.95999908447266,2.628000020980835,0.007000000216066837
2014-07-03,10.319999694824219,104.05999755859375,80.20999908447266,2.6480000019073486,0.003000000026077032
2014-07-04,10.319999694824219,104.05999755859375,80.20999908447266,2.6480000019073486,0.003000000026077032
2014-07-07,11.329999923706055,103.52999877929688,80.22000122070312,2.617000102996826,0.007000000216066837
2014-07-08,11.979999542236328,103.4000015258789,80.18000030517578,2.565000057220459,0.02500000037252903
2014-07-09,11.649999618530273,102.29000091552734,79.98999786376953,2.546999931335449,0.014999999664723873
2014-07-10,12.59000015258789,102.93000030517578,80.12999725341797,2.5320000648498535,0.014999999664723873
2014-07-11,12.079999923706055,100.83000183105469,80.19000244140625,2.5199999809265137,0.014999999664723873
2014-07-14,11.819999694824219,100.91000366210938,80.19000244140625,2.5490000247955322,0.014999999664723873
2014-07-15,11.960000038146973,99.95999908447266,80.38999938964844,2.5490000247955322,0.019999999552965164
2014-07-16,11.0,101.19999694824219,80.55999755859375,2.5380001068115234,0.017999999225139618
2014-07-17,14.539999961853027,103.19000244140625,80.5199966430664,2.4749999046325684,0.007000000216066837
2014-07-18,12.0600004196167,103.12999725341797,80.5199966430664,2.4839999675750732,0.009999999776482582
2014-07-21,12.8100004196167,104.58999633789062,80.55999755859375,2.4739999771118164,0.013000000268220901
2014-07-22,12.239999771118164,104.41999816894531,80.77999877929688,2.4660000801086426,0.019999999552965164
2014-07-23,11.520000457763672,103.12000274658203,80.80999755859375,2.4639999866485596,0.019999999552965164
2014-07-24,11.84000015258789,102.06999969482422,80.87000274658203,2.509000062942505,0.019999999552965164
2014-07-25,12.6899995803833,102.08999633789062,81.02999877929688,2.4690001010894775,0.019999999552965164
2014-07-28,12.5600004196167,101.66999816894531,81.02999877929688,2.490999937057495,0.02500000037252903
2014-07-29,13.279999732971191,100.97000122070312,81.20999908447266,2.4619998931884766,0.02800000086426735
2014-07-30,13.329999923706055,100.2699966430664,81.41999816894531,2.553999900817871,0.02800000086426735
2014-07-31,16.950000762939453,98.16999816894531,81.45999908447266,2.555999994277954,0.017999999225139618
2014-08-01,17.030000686645508,97.87999725341797,81.30000305175781,2.505000114440918,0.017999999225139618
2014-08-04,15.119999885559082,98.29000091552734,81.33000183105469,2.490999937057495,0.014999999664723873
2014-08-05,16.8700008392334,97.37999725341797,81.5199966430664,2.4830000400543213,0.02500000037252903
2014-08-06,16.3700008392334,96.91999816894531,81.44000244140625,2.4739999771118164,0.019999999552965164
2014-08-07,16.65999984741211,97.33999633789062,81.5199966430664,2.4240000247955322,0.019999999552965164
2014-08-08,15.770000457763672,97.6500015258789,81.38999938964844,2.4149999618530273,0.019999999552965164
2014-08-11,14.229999542236328,98.08000183105469,81.47000122070312,2.4200000762939453,0.02500000037252903
2014-08-12,14.130000114440918,97.37000274658203,81.5,2.441999912261963,0.02500000037252903
2014-08-13,12.899999618530273,97.58999633789062,81.5999984741211,2.4130001068115234,0.029999999329447746
2014-08-14,12.420000076293945,95.58000183105469,81.58999633789062,2.4000000953674316,0.02800000086426735
2014-08-15,13.149999618530273,97.3499984741211,81.41999816894531,2.3450000286102295,0.02199999988079071
2014-08-18,12.319999694824219,96.41000366210938,81.58000183105469,2.38700008392334,0.02199999988079071
2014-08-19,12.210000038146973,94.4800033569336,81.87999725341797,2.4049999713897705,0.02500000037252903
2014-08-20,11.779999732971191,96.06999969482422,82.25,2.4260001182556152,0.02500000037252903
2014-08-21,11.760000228881836,93.95999908447266,82.1500015258789,2.4070000648498535,0.014999999664723873
2014-08-22,11.470000267028809,93.6500015258789,82.33999633789062,2.4030001163482666,0.014999999664723873
2014-08-25,11.699999809265137,93.3499984741211,82.55000305175781,2.38700008392334,0.014999999664723873
2014-08-26,11.630000114440918,93.86000061035156,82.6500015258789,2.3910000324249268,0.02500000037252903
2014-08-27,11.779999732971191,93.87999725341797,82.43000030517578,2.3610000610351562,0.02500000037252903
2014-08-28,12.050000190734863,94.55000305175781,82.4800033569336,2.3340001106262207,0.02199999988079071
2014-08-29,12.09000015258789,95.95999908447266,82.75,2.3429999351501465,0.017999999225139618
2014-09-01,12.09000015258789,95.95999908447266,82.75,2.3429999351501465,0.017999999225139618
2014-09-02,12.25,92.87999725341797,82.98999786376953,2.4189999103546143,0.019999999552965164
2014-09-03,12.359999656677246,95.54000091552734,82.87000274658203,2.4100000858306885,0.019999999552965164
2014-09-04,12.640000343322754,94.44999694824219,83.81999969482422,2.447999954223633,0.019999999552965164
2014-09-05,12.09000015258789,93.29000091552734,83.76000213623047,2.4609999656677246,0.019999999552965164
2014-09-08,12.65999984741211,92.66000366210938,84.2300033569336,2.4690001010894775,0.019999999552965164
2014-09-09,13.5,92.75,84.27999877929688,2.5,0.014999999664723873
2014-09-10,12.880000114440918,91.66999816894531,84.25,2.5339999198913574,0.014999999664723873
2014-09-11,12.800000190734863,92.83000183105469,84.30000305175781,2.5309998989105225,0.009999999776482582
2014-09-12,13.3100004196167,92.2699966430664,84.23999786376953,2.614000082015991,0.009999999776482582
2014-09-15,14.119999885559082,92.91999816894531,84.26000213623047,2.5910000801086426,0.009999999776482582
2014-09-16,12.729999542236328,94.87999725341797,84.06999969482422,2.5889999866485596,0.014999999664723873
2014-09-17,12.649999618530273,94.41999816894531,84.69999694824219,2.5999999046325684,0.013000000268220901
2014-09-18,12.029999732971191,93.06999969482422,84.31999969482422,2.628999948501587,0.009999999776482582
2014-09-19,12.109999656677246,92.41000366210938,84.80000305175781,2.5869998931884766,0.007000000216066837
2014-09-22,13.6899995803833,91.5199966430664,84.66999816894531,2.565999984741211,0.003000000026077032
2014-09-23,14.930000305175781,91.55999755859375,84.66000366210938,2.5350000858306885,0.007000000216066837
2014-09-24,13.270000457763672,92.80000305175781,85.05000305175781,2.569000005722046,0.007000000216066837
2014-09-25,15.640000343322754,92.52999877929688,85.19999694824219,2.510999917984009,0.004999999888241291
2014-09-26,14.850000381469727,93.54000091552734,85.63999938964844,2.5350000858306885,0.004999999888241291
2014-09-29,15.979999542236328,94.56999969482422,85.58999633789062,2.490999937057495,0.004999999888241291
2014-09-30,16.309999465942383,91.16000366210938,85.94000244140625,2.507999897003174,0.013000000268220901
2014-10-01,16.709999084472656,90.7300033569336,85.97000122070312,2.4030001163482666,0.013000000268220901
2014-10-02,16.15999984741211,91.01000213623047,85.5999984741211,2.437999963760376,0.009999999776482582
2014-10-03,14.550000190734863,89.73999786376953,86.69000244140625,2.447000026702881,0.009999999776482582
2014-10-06,15.460000038146973,90.33999633789062,85.70999908447266,2.424999952316284,0.009999999776482582
2014-10-07,17.200000762939453,88.8499984741211,85.66999816894531,2.3499999046325684,0.009999999776482582
2014-10-08,15.109999656677246,87.30999755859375,85.30000305175781,2.3299999237060547,0.004999999888241291
2014-10-09,18.760000228881836,85.7699966430664,85.5199966430664,2.3269999027252197,0.004999999888241291
2014-10-10,21.239999771118164,85.81999969482422,85.91000366210938,2.306999921798706,0.004999999888241291
2014-10-13,24.639999389648438,85.73999786376953,85.43000030517578,2.2860000133514404,0.004999999888241291
2014-10-14,22.790000915527344,81.83999633789062,85.81999969482422,2.2060000896453857,0.004999999888241291
2014-10-15,25.270000457763672,81.77999877929688,85.1500015258789,2.0899999141693115,0.009999999776482582
2014-10-16,25.200000762939453,82.69999694824219,85.0,2.1530001163482666,0.019999999552965164
2014-10-17,21.989999771118164,82.75,85.19000244140625,2.1989998817443848,0.02199999988079071
2014-10-20,18.56999969482422,82.70999908447266,84.94999694824219,2.180999994277954,0.019999999552965164
2014-10-21,16.079999923706055,82.80999755859375,85.30999755859375,2.2079999446868896,0.017999999225139618
2014-10-22,17.8700008392334,80.5199966430664,85.73999786376953,2.2290000915527344,0.014999999664723873
2014-10-23,16.530000686645508,82.08999633789062,85.83999633789062,2.2750000953674316,0.014999999664723873
2014-10-24,16.110000610351562,81.01000213623047,85.7300033569336,2.2730000019073486,0.004999999888241291
2014-10-27,16.040000915527344,81.0,85.5,2.256999969482422,0.004999999888241291
2014-10-28,14.390000343322754,81.41999816894531,85.41000366210938,2.2839999198913574,0.014999999664723873
2014-10-29,15.149999618530273,82.19999694824219,85.94999694824219,2.322999954223633,0.014999999664723873
2014-10-30,14.520000457763672,81.12000274658203,86.1500015258789,2.305000066757202,0.003000000026077032
2014-10-31,14.029999732971191,80.54000091552734,86.87999725341797,2.3350000381469727,0.003000000026077032
2014-11-03,14.729999542236328,78.77999877929688,87.30999755859375,2.3480000495910645,0.003000000026077032
2014-11-04,14.890000343322754,77.19000244140625,86.9800033569336,2.3420000076293945,0.02199999988079071
2014-11-05,14.170000076293945,78.68000030517578,87.44000244140625,2.3499999046325684,0.019999999552965164
2014-11-06,13.670000076293945,77.91000366210938,88.01000213623047,2.375,0.017999999225139618
2014-11-07,13.119999885559082,78.6500015258789,87.63999938964844,2.312000036239624,0.017999999225139618
2014-11-10,12.670000076293945,77.4000015258789,87.80999755859375,2.3589999675750732,0.014999999664723873
2014-11-11,12.920000076293945,77.94000244140625,87.52999877929688,2.359999895095825,0.014999999664723873
2014-11-12,13.020000457763672,77.18000030517578,87.81999969482422,2.3589999675750732,0.013000000268220901
2014-11-13,13.789999961853027,74.20999908447266,87.66999816894531,2.3469998836517334,0.004999999888241291
2014-11-14,13.3100004196167,75.81999969482422,87.52999877929688,2.319999933242798,0.003000000026077032
2014-11-17,13.989999771118164,75.63999938964844,87.93000030517578,2.3399999141693115,0.009999999776482582
2014-11-18,13.859999656677246,74.61000061035156,87.58000183105469,2.322000026702881,0.014999999664723873
2014-11-19,13.960000038146973,74.58000183105469,87.6500015258789,2.3510000705718994,0.014999999664723873
2014-11-20,13.579999923706055,75.58000183105469,87.58999633789062,2.3350000381469727,0.014999999664723873
2014-11-21,12.899999618530273,76.51000213623047,88.30999755859375,2.315000057220459,0.003000000026077032
2014-11-24,12.619999885559082,75.77999877929688,88.1500015258789,2.309999942779541,0.004999999888241291
2014-11-25,12.25,74.08999633789062,87.91999816894531,2.259999990463257,0.017999999225139618
2014-11-26,12.069999694824219,73.69000244140625,87.61000061035156,2.2339999675750732,0.009999999776482582
2014-11-27,12.069999694824219,73.69000244140625,87.61000061035156,2.2339999675750732,0.009999999776482582
2014-11-28,13.329999923706055,66.1500015258789,88.36000061035156,2.194000005722046,0.004999999888241291
2014-12-01,14.15999984741211,69.0,87.94999694824219,2.2179999351501465,0.007000000216066837
2014-12-02,12.850000381469727,66.87999725341797,88.6500015258789,2.2850000858306885,0.014999999664723873
2014-12-03,12.5,67.37999725341797,88.95999908447266,2.2869999408721924,0.004999999888241291
2014-12-04,12.380000114440918,66.80999755859375,88.69999694824219,2.256999969482422,0.013000000268220901
2014-12-05,11.890000343322754,65.83999633789062,89.33000183105469,2.306999921798706,0.009999999776482582
2014-12-08,14.210000038146973,63.04999923706055,89.04000091552734,2.256999969482422,0.004999999888241291
2014-12-09,15.350000381469727,63.81999969482422,88.69000244140625,2.2200000286102295,0.02800000086426735
2014-12-10,18.530000686645508,60.939998626708984,88.2699966430664,2.1689999103546143,0.02500000037252903
2014-12-11,20.079999923706055,59.95000076293945,88.66000366210938,2.177999973297119,0.02199999988079071
2014-12-12,21.079999923706055,57.810001373291016,88.36000061035156,2.1029999256134033,0.014999999664723873
2014-12-15,20.420000076293945,55.90999984741211,88.45999908447266,2.115999937057495,0.009999999776482582
2014-12-16,23.56999969482422,55.93000030517578,88.12999725341797,2.071000099182129,0.029999999329447746
2014-12-17,19.440000534057617,56.470001220703125,89.12999725341797,2.1480000019073486,0.019999999552965164
2014-12-18,16.809999465942383,54.11000061035156,89.23999786376953,2.2039999961853027,0.032999999821186066
2014-12-19,16.489999771118164,56.52000045776367,89.5999984741211,2.1760001182556152,0.02500000037252903
2014-12-22,15.25,55.2599983215332,89.7699966430664,2.1619999408721924,0.014999999664723873
2014-12-23,14.800000190734863,57.119998931884766,90.05999755859375,2.256999969482422,0.019999999552965164
2014-12-24,14.369999885559082,55.84000015258789,89.97000122070312,2.2639999389648438,0.019999999552965164
2014-12-25,14.369999885559082,55.84000015258789,89.97000122070312,2.2639999389648438,0.019999999552965164
2014-12-26,14.5,54.72999954223633,90.02999877929688,2.25,0.009999999776482582
2014-12-29,15.0600004196167,53.61000061035156,90.19000244140625,2.2070000171661377,0.003000000026077032
2014-12-30,15.920000076293945,54.119998931884766,89.98999786376953,2.190000057220459,0.019999999552965164
2014-12-31,19.200000762939453,53.27000045776367,90.2699966430664,2.1700000762939453,0.03700000047683716
2015-01-01,19.200000762939453,53.27000045776367,90.2699966430664,2.1700000762939453,0.03700000047683716
2015-01-02,17.790000915527344,52.689998626708984,91.08000183105469,2.122999906539917,0.014999999664723873
2015-01-05,19.920000076293945,50.040000915527344,91.37999725341797,2.0390000343322754,0.003000000026077032
2015-01-06,21.1200008392334,47.93000030517578,91.5,1.9630000591278076,0.019999999552965164
2015-01-07,19.309999465942383,48.650001525878906,91.88999938964844,1.9539999961853027,0.019999999552965164
2015-01-08,17.010000228881836,48.790000915527344,92.37000274658203,2.0160000324249268,0.017999999225139618
2015-01-09,17.549999237060547,48.36000061035156,91.94000244140625,1.9709999561309814,0.014999999664723873
2015-01-12,19.600000381469727,46.06999969482422,91.9800033569336,1.9119999408721924,0.013000000268220901
2015-01-13,20.559999465942383,45.88999938964844,92.30999755859375,1.8899999856948853,0.023000000044703484
2015-01-14,21.479999542236328,48.47999954223633,92.16000366210938,1.8370000123977661,0.02500000037252903
2015-01-15,22.389999389648438,46.25,92.3499984741211,1.774999976158142,0.023000000044703484
2015-01-16,20.950000762939453,48.689998626708984,92.5199966430664,1.815000057220459,0.017999999225139618
2015-01-19,20.950000762939453,48.689998626708984,92.5199966430664,1.815000057220459,0.017999999225139618
2015-01-20,19.889999389648438,46.38999938964844,93.05000305175781,1.8070000410079956,0.00800000037997961
2015-01-21,18.850000381469727,47.779998779296875,92.9000015258789,1.8530000448226929,0.019999999552965164
2015-01-22,16.399999618530273,46.310001373291016,94.23999786376953,1.8960000276565552,0.014999999664723873
2015-01-23,16.65999984741211,45.59000015258789,95.0,1.8170000314712524,0.013000000268220901
2015-01-26,15.520000457763672,45.150001525878906,94.80000305175781,1.8279999494552612,0.004999999888241291
2015-01-27,17.219999313354492,46.22999954223633,94.0199966430664,1.8250000476837158,0.017999999225139618
2015-01-28,20.440000534057617,44.45000076293945,94.47000122070312,1.7239999771118164,0.014999999664723873
2015-01-29,18.760000228881836,44.529998779296875,94.77999877929688,1.7510000467300415,0.009999999776482582
2015-01-30,20.969999313354492,48.2400016784668,94.80000305175781,1.6749999523162842,0.004999999888241291
2015-02-02,19.43000030517578,49.56999969482422,94.5,1.6729999780654907,0.004999999888241291
2015-02-03,17.329999923706055,53.04999923706055,93.5999984741211,1.7799999713897705,0.014999999664723873
2015-02-04,18.329999923706055,48.45000076293945,93.98999786376953,1.7970000505447388,0.004999999888241291
2015-02-05,16.850000381469727,50.47999954223633,94.69999694824219,1.815000057220459,0.00800000037997961
2015-02-06,17.290000915527344,51.689998626708984,94.69999694824219,1.937999963760376,0.014999999664723873
2015-02-09,18.549999237060547,52.86000061035156,94.44999694824219,1.9479999542236328,0.003000000026077032
2015-02-10,17.229999542236328,50.02000045776367,94.76000213623047,1.9910000562667847,0.004999999888241291
2015-02-11,16.959999084472656,48.84000015258789,94.98999786376953,1.9880000352859497,0.004999999888241291
2015-02-12,15.34000015258789,51.209999084472656,94.08999633789062,1.9859999418258667,0.00800000037997961
2015-02-13,14.6899995803833,52.779998779296875,94.19999694824219,2.0209999084472656,0.004999999888241291
2015-02-16,14.6899995803833,52.779998779296875,94.19999694824219,2.0209999084472656,0.004999999888241291
2015-02-17,15.800000190734863,53.529998779296875,94.05999755859375,2.1449999809265137,0.00800000037997961
2015-02-18,15.449999809265137,52.13999938964844,94.19999694824219,2.065999984741211,0.013000000268220901
2015-02-19,15.289999961853027,51.15999984741211,94.4000015258789,2.11299991607666,0.013000000268220901
2015-02-20,14.300000190734863,50.34000015258789,94.25,2.132999897003174,0.009999999776482582
2015-02-23,14.5600004196167,49.45000076293945,94.56999969482422,2.059000015258789,0.014999999664723873
2015-02-24,13.6899995803833,49.279998779296875,94.48999786376953,1.9880000352859497,0.017999999225139618
2015-02-25,13.84000015258789,50.9900016784668,94.20999908447266,1.968999981880188,0.014999999664723873
2015-02-26,13.90999984741211,48.16999816894531,95.29000091552734,2.0160000324249268,0.013000000268220901
2015-02-27,13.34000015258789,49.7599983215332,95.25,2.002000093460083,0.00800000037997961
2015-03-02,13.039999961853027,49.59000015258789,95.45999908447266,2.0840001106262207,0.004999999888241291
2015-03-03,13.859999656677246,50.52000045776367,95.37999725341797,2.121999979019165,0.013000000268220901
2015-03-04,14.229999542236328,51.529998779296875,95.97000122070312,2.122999906539917,0.009999999776482582
2015-03-05,14.039999961853027,50.7599983215332,96.37999725341797,2.111999988555908,0.003000000026077032
2015-03-06,15.199999809265137,49.61000061035156,97.62000274658203,2.240000009536743,0.004999999888241291
2015-03-09,15.0600004196167,50.0,97.58999633789062,2.194999933242798,0.004999999888241291
2015-03-10,16.690000534057617,48.290000915527344,98.62000274658203,2.125999927520752,0.009999999776482582
2015-03-11,16.8700008392334,48.16999816894531,99.80000305175781,2.1089999675750732,0.013000000268220901
2015-03-12,15.420000076293945,47.04999923706055,99.1500015258789,2.0959999561309814,0.017999999225139618
2015-03-13,16.0,44.84000015258789,100.33000183105469,2.111999988555908,0.023000000044703484
2015-03-16,15.609999656677246,43.880001068115234,99.5999984741211,2.0980000495910645,0.029999999329447746
2015-03-17,15.65999984741211,43.459999084472656,99.58999633789062,2.058000087738037,0.04800000041723251
2015-03-18,13.970000267028809,44.65999984741211,98.55000305175781,1.9509999752044678,0.03799999877810478
2015-03-19,14.069999694824219,43.959999084472656,99.0999984741211,1.9769999980926514,0.009999999776482582
2015-03-20,13.020000457763672,45.720001220703125,97.91000366210938,1.9299999475479126,0.003000000026077032
2015-03-23,13.40999984741211,47.45000076293945,97.02999877929688,1.9149999618530273,0.003000000026077032
2015-03-24,13.619999885559082,47.5099983215332,97.19000244140625,1.878000020980835,0.014999999664723873
2015-03-25,15.4399995803833,49.209999084472656,96.9800033569336,1.9199999570846558,0.017999999225139618
2015-03-26,15.800000190734863,51.43000030517578,97.44000244140625,2.006999969482422,0.02800000086426735
2015-03-27,15.069999694824219,48.869998931884766,97.29000091552734,1.9479999542236328,0.029999999329447746
2015-03-30,14.510000228881836,48.68000030517578,97.9800033569336,1.9630000591278076,0.023000000044703484
2015-03-31,15.289999961853027,47.599998474121094,98.36000061035156,1.934000015258789,0.02500000037252903
2015-04-01,15.109999656677246,50.09000015258789,98.19000244140625,1.8680000305175781,0.032999999821186066
2015-04-02,14.670000076293945,49.13999938964844,97.44000244140625,1.9040000438690186,0.009999999776482582
2015-04-03,14.670000076293945,49.13999938964844,97.44000244140625,1.9040000438690186,0.009999999776482582
2015-04-06,14.739999771118164,52.13999938964844,97.11000061035156,1.9040000438690186,0.003000000026077032
2015-04-07,14.779999732971191,53.97999954223633,97.83000183105469,1.8930000066757202,0.014999999664723873
2015-04-08,13.979999542236328,50.41999816894531,98.06999969482422,1.8949999809265137,0.017999999225139618
2015-04-09,13.09000015258789,50.790000915527344,99.16000366210938,1.9579999446868896,0.019999999552965164
2015-04-10,12.579999923706055,51.63999938964844,99.38999938964844,1.9509999752044678,0.014999999664723873
2015-04-13,13.9399995803833,51.90999984741211,99.48999786376953,1.9390000104904175,0.004999999888241291
2015-04-14,13.670000076293945,53.290000915527344,98.76000213623047,1.9040000438690186,0.009999999776482582
2015-04-15,12.84000015258789,56.38999938964844,98.33000183105469,1.899999976158142,0.014999999664723873
2015-04-16,12.600000381469727,56.709999084472656,97.41999816894531,1.878000020980835,0.009999999776482582
2015-04-17,13.890000343322754,55.7400016784668,97.5199966430664,1.850000023841858,0.013000000268220901
2015-04-20,13.300000190734863,56.380001068115234,97.94000244140625,1.8949999809265137,0.013000000268220901
2015-04-21,13.25,55.2599983215332,97.9800033569336,1.9160000085830688,0.019999999552965164
2015-04-22,12.710000038146973,56.15999984741211,98.0199966430664,1.972000002861023,0.019999999552965164
2015-04-23,12.479999542236328,57.7400016784668,97.27999877929688,1.9470000267028809,0.019999999552965164
2015-04-24,12.289999961853027,57.150001525878906,96.91999816894531,1.9170000553131104,0.014999999664723873
2015-04-27,13.119999885559082,56.9900016784668,96.7699966430664,1.9240000247955322,0.013000000268220901
2015-04-28,12.40999984741211,57.060001373291016,96.08999633789062,1.9730000495910645,0.013000000268220901
2015-04-29,13.390000343322754,58.58000183105469,95.12000274658203,2.0350000858306885,0.003000000026077032
2015-04-30,14.550000190734863,59.630001068115234,94.5999984741211,2.0460000038146973,0.004999999888241291
2015-05-01,12.699999809265137,59.150001525878906,95.30000305175781,2.117000102996826,0.003000000026077032
2015-05-04,12.850000381469727,58.93000030517578,95.4800033569336,2.134999990463257,0.003000000026077032
2015-05-05,14.3100004196167,60.400001525878906,95.12999725341797,2.1760001182556152,0.00800000037997961
2015-05-06,15.149999618530273,60.93000030517578,94.12999725341797,2.240000009536743,0.009999999776482582
2015-05-07,15.130000114440918,58.939998626708984,94.62000274658203,2.184000015258789,0.004999999888241291
2015-05-08,12.859999656677246,59.38999938964844,94.79000091552734,2.1500000953674316,0.003000000026077032
2015-05-11,13.850000381469727,59.25,95.01000213623047,2.2739999294281006,0.004999999888241291
2015-05-12,13.859999656677246,60.75,94.52999877929688,2.259999990463257,0.013000000268220901
2015-05-13,13.760000228881836,60.5,93.62000274658203,2.2820000648498535,0.009999999776482582
2015-05-14,12.739999771118164,59.880001068115234,93.36000061035156,2.239000082015991,0.009999999776482582
2015-05-15,12.380000114440918,59.689998626708984,93.13999938964844,2.1410000324249268,0.009999999776482582
2015-05-18,12.729999542236328,59.43000030517578,94.19000244140625,2.2279999256134033,0.00800000037997961
2015-05-19,12.850000381469727,57.2599983215332,95.2699966430664,2.26200008392334,0.009999999776482582
2015-05-20,12.880000114440918,58.97999954223633,95.44999694824219,2.250999927520752,0.013000000268220901
2015-05-21,12.109999656677246,60.720001220703125,95.26000213623047,2.184999942779541,0.013000000268220901
2015-05-22,12.130000114440918,59.720001220703125,96.01000213623047,2.2149999141693115,0.009999999776482582
2015-05-25,12.130000114440918,59.720001220703125,96.01000213623047,2.2149999141693115,0.009999999776482582
2015-05-26,14.0600004196167,58.029998779296875,97.30000305175781,2.13700008392334,0.009999999776482582
2015-05-27,13.270000457763672,57.5099983215332,97.37000274658203,2.134999990463257,0.013000000268220901
2015-05-28,13.3100004196167,57.68000030517578,96.97000122070312,2.130000114440918,0.003000000026077032
2015-05-29,13.84000015258789,60.29999923706055,96.91000366210938,2.0950000286102295,0.003000000026077032
2015-06-01,13.970000267028809,60.20000076293945,97.38999938964844,2.191999912261963,0.00800000037997961
2015-06-02,14.239999771118164,61.2599983215332,95.83999633789062,2.2660000324249268,0.009999999776482582
2015-06-03,13.65999984741211,59.63999938964844,95.47000122070312,2.365999937057495,0.009999999776482582
2015-06-04,14.710000038146973,58.0,95.45999908447266,2.306999921798706,0.004999999888241291
2015-06-05,14.210000038146973,59.130001068115234,96.30999755859375,2.4019999504089355,0.009999999776482582
2015-06-08,15.289999961853027,58.13999938964844,95.30000305175781,2.38100004196167,0.009999999776482582
2015-06-09,14.470000267028809,60.13999938964844,95.16999816894531,2.4170000553131104,0.013000000268220901
2015-06-10,13.220000267028809,61.43000030517578,94.6500015258789,2.4779999256134033,0.013000000268220901
2015-06-11,12.850000381469727,60.77000045776367,94.9800033569336,2.382999897003174,0.00800000037997961
2015-06-12,13.779999732971191,59.959999084472656,94.97000122070312,2.384999990463257,0.004999999888241291
2015-06-15,15.390000343322754,59.52000045776367,94.80999755859375,2.3580000400543213,0.003000000026077032
2015-06-16,14.8100004196167,59.970001220703125,95.0,2.318000078201294,0.00800000037997961
2015-06-17,14.5,59.91999816894531,94.30000305175781,2.305999994277954,0.003000000026077032
2015-06-18,13.1899995803833,60.45000076293945,94.04000091552734,2.3510000705718994,0.003000000026077032
2015-06-19,13.960000038146973,59.61000061035156,94.08999633789062,2.2669999599456787,0.003000000026077032
2015-06-22,12.739999771118164,59.68000030517578,94.33000183105469,2.359999895095825,0.003000000026077032
2015-06-23,12.109999656677246,61.0099983215332,95.43000030517578,2.4089999198913574,0.00800000037997961
2015-06-24,13.260000228881836,60.27000045776367,95.26000213623047,2.371000051498413,0.004999999888241291
2015-06-25,14.010000228881836,59.70000076293945,95.19000244140625,2.3929998874664307,0.004999999888241291
2015-06-26,14.020000457763672,59.630001068115234,95.47000122070312,2.4760000705718994,0.004999999888241291
2015-06-29,18.850000381469727,58.33000183105469,94.79000091552734,2.3310000896453857,0.004999999888241291
2015-06-30,18.229999542236328,59.470001220703125,95.48999786376953,2.3350000381469727,0.009999999776482582
2015-07-01,16.09000015258789,56.959999084472656,96.30999755859375,2.4179999828338623,0.003000000026077032
2015-07-02,16.790000915527344,56.93000030517578,96.11000061035156,2.3929998874664307,0.003000000026077032
2015-07-03,16.790000915527344,56.93000030517578,96.11000061035156,2.3929998874664307,0.003000000026077032
2015-07-06,17.010000228881836,52.529998779296875,96.30000305175781,2.2780001163482666,0.004999999888241291
2015-07-07,16.09000015258789,52.33000183105469,96.87000274658203,2.2309999465942383,0.009999999776482582
2015-07-08,19.65999984741211,51.650001525878906,96.29000091552734,2.2060000896453857,0.009999999776482582
2015-07-09,19.969999313354492,52.779998779296875,96.61000061035156,2.3010001182556152,0.00800000037997961
2015-07-10,16.829999923706055,52.7400016784668,96.02999877929688,2.4170000553131104,0.00800000037997961
2015-07-13,13.899999618530273,52.20000076293945,96.86000061035156,2.430000066757202,0.00800000037997961
2015-07-14,13.369999885559082,53.040000915527344,96.63999938964844,2.3989999294281006,0.009999999776482582
2015-07-15,13.229999542236328,51.40999984741211,97.12999725341797,2.3499999046325684,0.013000000268220901
2015-07-16,12.109999656677246,50.90999984741211,97.66000366210938,2.3519999980926514,0.009999999776482582
2015-07-17,11.949999809265137,50.88999938964844,97.86000061035156,2.3489999771118164,0.013000000268220901
2015-07-20,12.25,50.150001525878906,98.02999877929688,2.371999979019165,0.023000000044703484
2015-07-21,12.220000267028809,50.36000061035156,97.33000183105469,2.3399999141693115,0.029999999329447746
2015-07-22,12.119999885559082,49.189998626708984,97.5999984741211,2.322000026702881,0.029999999329447746
2015-07-23,12.640000343322754,48.45000076293945,97.12000274658203,2.2769999504089355,0.029999999329447746
2015-07-24,13.739999771118164,48.13999938964844,97.23999786376953,2.2709999084472656,0.029999999329447746
2015-07-27,15.600000381469727,47.38999938964844,96.5,2.2279999256134033,0.02800000086426735
2015-07-28,13.4399995803833,47.97999954223633,96.7699966430664,2.25,0.0430000014603138
2015-07-29,12.5,48.790000915527344,96.9800033569336,2.2790000438690186,0.04500000178813934
2015-07-30,12.130000114440918,48.52000045776367,97.55999755859375,2.2679998874664307,0.05999999865889549
2015-07-31,12.119999885559082,47.119998931884766,97.37000274658203,2.2049999237060547,0.057999998331069946
2015-08-03,12.5600004196167,45.16999816894531,97.48999786376953,2.1500000953674316,0.06300000101327896
2015-08-04,13.0,45.7400016784668,97.93000030517578,2.2109999656677246,0.07500000298023224
2015-08-05,12.510000228881836,45.150001525878906,97.95999908447266,2.2679998874664307,0.07500000298023224
2015-08-06,13.770000457763672,44.65999984741211,97.83000183105469,2.2339999675750732,0.02800000086426735
2015-08-07,13.390000343322754,43.869998931884766,97.55999755859375,2.174999952316284,0.054999999701976776
2015-08-10,12.229999542236328,44.959999084472656,97.16000366210938,2.23799991607666,0.06499999761581421
2015-08-11,13.710000038146973,43.08000183105469,97.29000091552734,2.13700008392334,0.09799999743700027
2015-08-12,13.609999656677246,43.29999923706055,96.26000213623047,2.130000114440918,0.09000000357627869
2015-08-13,13.489999771118164,42.22999954223633,96.44999694824219,2.188999891281128,0.08299999684095383
2015-08-14,12.829999923706055,42.5,96.56999969482422,2.196000099182129,0.07999999821186066
2015-08-17,13.020000457763672,41.869998931884766,96.81999969482422,2.1500000953674316,0.05999999865889549
2015-08-18,13.789999961853027,42.619998931884766,96.97000122070312,2.196000099182129,0.08500000089406967
2015-08-19,15.25,40.79999923706055,96.45999908447266,2.128999948501587,0.03999999910593033
2015-08-20,19.139999389648438,41.13999938964844,95.75,2.0840001106262207,0.014999999664723873
2015-08-21,28.030000686645508,40.45000076293945,94.83000183105469,2.053999900817871,0.019999999552965164
2015-08-24,40.7400016784668,38.2400016784668,93.30999755859375,1.996999979019165,0.014999999664723873
2015-08-25,36.02000045776367,39.310001373291016,94.52999877929688,2.132999897003174,0.05299999937415123
2015-08-26,30.31999969482422,38.599998474121094,95.0999984741211,2.171999931335449,0.054999999701976776
2015-08-27,26.100000381469727,42.560001373291016,95.61000061035156,2.1679999828338623,0.05000000074505806
2015-08-28,26.049999237060547,45.220001220703125,96.11000061035156,2.186000108718872,0.05000000074505806
2015-08-31,28.43000030517578,49.20000076293945,95.94999694824219,2.200000047683716,0.003000000026077032
2015-09-01,31.399999618530273,45.40999984741211,95.44999694824219,2.171999931335449,0.03799999877810478
2015-09-02,26.09000015258789,46.25,95.83000183105469,2.193000078201294,0.02500000037252903
2015-09-03,25.610000610351562,46.75,96.41000366210938,2.1679999828338623,0.014999999664723873
2015-09-04,27.799999237060547,46.04999923706055,96.2300033569336,2.128000020980835,0.02500000037252903
2015-09-07,27.799999237060547,46.04999923706055,96.2300033569336,2.128000020980835,0.02500000037252903
2015-09-08,24.899999618530273,45.939998626708984,95.87999725341797,2.194000005722046,0.02500000037252903
2015-09-09,26.229999542236328,44.150001525878906,96.01000213623047,2.180999994277954,0.03500000014901161
2015-09-10,24.3700008392334,45.91999816894531,95.45999908447266,2.2219998836517334,0.014999999664723873
2015-09-11,23.200000762939453,44.630001068115234,95.19000244140625,2.183000087738037,0.023000000044703484
2015-09-14,24.25,44.0,95.25,2.180000066757202,0.02500000037252903
2015-09-15,22.540000915527344,44.59000015258789,95.61000061035156,2.2809998989105225,0.057999998331069946
2015-09-16,21.350000381469727,47.150001525878906,95.41999816894531,2.302999973297119,0.05299999937415123
2015-09-17,21.139999389648438,46.900001525878906,94.55000305175781,2.2170000076293945,0.003000000026077032
2015-09-18,22.280000686645508,44.68000030517578,94.86000061035156,2.130000114440918,0.009999999776482582
2015-09-21,20.139999389648438,46.68000030517578,95.88999938964844,2.2139999866485596,0.013000000268220901
2015-09-22,22.440000534057617,45.83000183105469,96.27999877929688,2.125,0.003000000026077032
2015-09-23,22.1299991607666,44.47999954223633,96.06999969482422,2.1440000534057617,0.003000000026077032
2015-09-24,23.469999313354492,44.90999984741211,95.98999786376953,2.119999885559082,0.004999999888241291
2015-09-25,23.6200008392334,45.70000076293945,96.2699966430664,2.1679999828338623,0.019999999552965164
2015-09-28,27.6299991607666,44.43000030517578,96.02999877929688,2.0950000286102295,0.013000000268220901
2015-09-29,26.829999923706055,45.22999954223633,95.88999938964844,2.053999900817871,0.003000000026077032
2015-09-30,24.5,45.09000015258789,96.3499984741211,2.059999942779541,0.004999999888241291
2015-10-01,22.549999237060547,44.7400016784668,96.19000244140625,2.0420000553131104,0.017999999225139618
2015-10-02,20.940000534057617,45.540000915527344,95.83000183105469,1.9889999628067017,0.00800000037997961
2015-10-05,19.540000915527344,46.2599983215332,96.11000061035156,2.055999994277954,0.00800000037997961
2015-10-06,19.399999618530273,48.529998779296875,95.45999908447266,2.0350000858306885,0.004999999888241291
2015-10-07,18.399999618530273,47.810001373291016,95.5,2.062000036239624,0.004999999888241291
2015-10-08,17.420000076293945,49.43000030517578,95.31999969482422,2.1080000400543213,0.003000000026077032
2015-10-09,17.079999923706055,49.630001068115234,94.80999755859375,2.0989999771118164,0.003000000026077032
2015-10-12,16.170000076293945,47.099998474121094,94.83999633789062,2.0899999141693115,0.009999999776482582
2015-10-13,17.670000076293945,46.65999984741211,94.76000213623047,2.055000066757202,0.004999999888241291
2015-10-14,18.030000686645508,46.63999938964844,93.93000030517578,1.9809999465942383,0.009999999776482582
2015-10-15,16.049999237060547,46.380001068115234,94.37000274658203,2.0230000019073486,0.004999999888241291
2015-10-16,15.050000190734863,47.2599983215332,94.54000091552734,2.0230000019073486,0.004999999888241291
2015-10-19,14.979999542236328,45.88999938964844,94.95999908447266,2.0280001163482666,0.004999999888241291
2015-10-20,15.75,45.54999923706055,94.8499984741211,2.071000099182129,0.009999999776482582
2015-10-21,16.700000762939453,45.20000076293945,95.05000305175781,2.0299999713897705,0.004999999888241291
2015-10-22,14.449999809265137,45.380001068115234,96.33999633789062,2.0250000953674316,0.004999999888241291
2015-10-23,14.460000038146973,44.599998474121094,97.06999969482422,2.0829999446868896,0.003000000026077032
2015-10-26,15.289999961853027,43.97999954223633,96.86000061035156,2.058000087738037,0.00800000037997961
2015-10-27,15.430000305175781,43.20000076293945,96.91000366210938,2.0280001163482666,0.009999999776482582
2015-10-28,14.329999923706055,45.939998626708984,97.77999877929688,2.0920000076293945,0.03500000014901161
2015-10-29,14.609999656677246,46.060001373291016,97.27999877929688,2.1730000972747803,0.05299999937415123
2015-10-30,15.069999694824219,46.59000015258789,96.94999694824219,2.1510000228881836,0.06800000369548798
2015-11-02,14.149999618530273,46.13999938964844,96.93000030517578,2.187000036239624,0.05299999937415123
2015-11-03,14.539999961853027,47.900001525878906,97.16000366210938,2.2200000286102295,0.057999998331069946
2015-11-04,15.510000228881836,46.31999969482422,97.94999694824219,2.2300000190734863,0.054999999701976776
2015-11-05,15.050000190734863,45.20000076293945,97.94000244140625,2.244999885559082,0.03999999910593033
2015-11-06,14.329999923706055,44.290000915527344,99.16000366210938,2.3329999446868896,0.0729999989271164
2015-11-09,16.520000457763672,43.869998931884766,98.9800033569336,2.3420000076293945,0.07500000298023224
2015-11-10,15.289999961853027,44.209999084472656,99.29000091552734,2.322000026702881,0.125
2015-11-11,16.059999465942383,42.93000030517578,99.01000213623047,2.3380000591278076,0.12300000339746475
2015-11-12,18.3700008392334,41.75,98.6500015258789,2.319000005722046,0.12300000339746475
2015-11-13,20.079999923706055,40.7400016784668,98.98999786376953,2.2799999713897705,0.11299999803304672
2015-11-16,18.15999984741211,41.7400016784668,99.44000244140625,2.2730000019073486,0.09799999743700027
2015-11-17,18.84000015258789,40.66999816894531,99.62999725341797,2.260999917984009,0.13500000536441803
2015-11-18,16.850000381469727,40.75,99.6500015258789,2.2690000534057617,0.12300000339746475
2015-11-19,16.989999771118164,40.540000915527344,98.98999786376953,2.247999906539917,0.08799999952316284
2015-11-20,15.470000267028809,40.38999938964844,99.56999969482422,2.26200008392334,0.09300000220537186
2015-11-23,15.619999885559082,41.75,99.80000305175781,2.25,0.10499999672174454
2015-11-24,15.930000305175781,42.869998931884766,99.52999877929688,2.243000030517578,0.15299999713897705
2015-11-25,15.1899995803833,43.040000915527344,99.80000305175781,2.2320001125335693,0.17499999701976776
2015-11-26,15.1899995803833,43.040000915527344,99.80000305175781,2.2320001125335693,0.17499999701976776
2015-11-27,15.119999885559082,41.709999084472656,100.0199966430664,2.2249999046325684,0.1599999964237213
2015-11-30,16.1299991607666,41.650001525878906,100.16999816894531,2.2179999351501465,0.17000000178813934
2015-12-01,14.670000076293945,41.849998474121094,99.80000305175781,2.1549999713897705,0.2029999941587448
2015-12-02,15.90999984741211,39.939998626708984,99.98999786376953,2.177999973297119,0.20000000298023224
2015-12-03,18.110000610351562,41.08000183105469,97.62000274658203,2.3299999237060547,0.1979999989271164
2015-12-04,14.8100004196167,39.970001220703125,98.3499984741211,2.2750000953674316,0.20499999821186066
2015-12-07,15.84000015258789,37.650001525878906,98.66000366210938,2.2249999046325684,0.23499999940395355
2015-12-08,17.600000381469727,37.5099983215332,98.47000122070312,2.23799991607666,0.2680000066757202
2015-12-09,19.610000610351562,37.15999984741211,97.3499984741211,2.2079999446868896,0.24500000476837158
2015-12-10,19.34000015258789,36.7599983215332,97.94000244140625,2.239000082015991,0.23000000417232513
2015-12-11,24.389999389648438,35.619998931884766,97.56999969482422,2.1389999389648438,0.21299999952316284
2015-12-14,22.729999542236328,36.310001373291016,97.5999984741211,2.2249999046325684,0.1979999989271164
2015-12-15,20.950000762939453,37.349998474121094,98.22000122070312,2.2679998874664307,0.25
2015-12-16,17.860000610351562,35.52000045776367,97.87000274658203,2.2869999408721924,0.23499999940395355
2015-12-17,18.940000534057617,34.95000076293945,99.2699966430664,2.23799991607666,0.21299999952316284
2015-12-18,20.700000762939453,34.72999954223633,98.69999694824219,2.1989998817443848,0.17499999701976776
2015-12-21,18.700000762939453,34.7400016784668,98.45999908447266,2.197000026702881,0.15299999713897705
2015-12-22,16.600000381469727,36.13999938964844,98.23999786376953,2.239000082015991,0.19300000369548798
2015-12-23,15.569999694824219,37.5,98.33999633789062,2.2639999389648438,0.1899999976158142
2015-12-24,15.739999771118164,38.099998474121094,97.9800033569336,2.243000030517578,0.18299999833106995
2015-12-25,15.739999771118164,38.099998474121094,97.9800033569336,2.243000030517578,0.18299999833106995
2015-12-28,16.90999984741211,36.810001373291016,97.91999816894531,2.2249999046325684,0.1899999976158142
2015-12-29,16.079999923706055,37.869998931884766,98.0999984741211,2.306999921798706,0.2150000035762787
2015-12-30,17.290000915527344,36.599998474121094,98.2699966430664,2.302999973297119,0.19499999284744263
2015-12-31,18.209999084472656,37.040000915527344,98.62999725341797,2.2690000534057617,0.14800000190734863
2016-01-01,18.209999084472656,37.040000915527344,98.62999725341797,2.2690000534057617,0.14800000190734863
2016-01-04,20.700000762939453,36.7599983215332,98.87000274658203,2.244999885559082,0.1550000011920929
2016-01-05,19.34000015258789,35.970001220703125,99.4000015258789,2.247999906539917,0.20499999821186066
2016-01-06,20.59000015258789,33.970001220703125,99.18000030517578,2.177000045776367,0.20499999821186066
2016-01-07,24.989999771118164,33.27000045776367,98.22000122070312,2.1530001163482666,0.1899999976158142
2016-01-08,27.010000228881836,33.15999984741211,98.54000091552734,2.130000114440918,0.1899999976158142
2016-01-11,24.299999237060547,31.40999984741211,98.7300033569336,2.1579999923706055,0.17499999701976776
2016-01-12,22.469999313354492,30.440000534057617,98.97000122070312,2.1019999980926514,0.20999999344348907
2016-01-13,25.219999313354492,30.479999542236328,98.93000030517578,2.065999984741211,0.2150000035762787
2016-01-14,23.950000762939453,31.200000762939453,99.08999633789062,2.0980000495910645,0.23999999463558197
2016-01-15,27.020000457763672,29.420000076293945,98.95999908447266,2.0329999923706055,0.22300000488758087
2016-01-18,27.020000457763672,29.420000076293945,99.12000274658203,2.0329999923706055,0.22300000488758087
2016-01-19,26.049999237060547,28.459999084472656,98.98999786376953,2.0350000858306885,0.23000000417232513
2016-01-20,27.59000015258789,26.549999237060547,99.08999633789062,1.9839999675750732,0.2529999911785126
2016-01-21,26.690000534057617,29.530000686645508,99.05999755859375,2.0190000534057617,0.27300000190734863
2016-01-22,22.34000015258789,32.189998626708984,99.56999969482422,2.0480000972747803,0.2879999876022339
2016-01-25,24.149999618530273,30.34000015258789,99.36000061035156,2.0220000743865967,0.2750000059604645
2016-01-26,22.5,31.450000762939453,99.36000061035156,1.99399995803833,0.30000001192092896
2016-01-27,23.110000610351562,32.29999923706055,98.9000015258789,2.000999927520752,0.30000001192092896
2016-01-28,22.420000076293945,33.220001220703125,98.51000213623047,1.9850000143051147,0.3179999887943268
2016-01-29,20.200000762939453,33.619998931884766,99.61000061035156,1.930999994277954,0.30000001192092896
2016-02-01,19.979999542236328,31.6200008392334,99.0,1.965999960899353,0.29499998688697815
2016-02-02,21.979999542236328,29.8799991607666,98.87000274658203,1.8639999628067017,0.33000001311302185
2016-02-03,21.649999618530273,32.279998779296875,97.29000091552734,1.88100004196167,0.3330000042915344
2016-02-04,21.84000015258789,31.719999313354492,96.47000122070312,1.8639999628067017,0.28299999237060547
2016-02-05,23.3799991607666,30.889999389648438,97.02999877929688,1.8480000495910645,0.27799999713897705
2016-02-08,26.0,29.690000534057617,96.56999969482422,1.7350000143051147,0.25999999046325684
2016-02-09,26.540000915527344,27.940000534057617,96.06999969482422,1.7289999723434448,0.30000001192092896
2016-02-10,26.290000915527344,27.450000762939453,95.88999938964844,1.7050000429153442,0.2980000078678131
2016-02-11,28.139999389648438,26.209999084472656,95.55999755859375,1.6440000534057617,0.27300000190734863
2016-02-12,25.399999618530273,29.440000534057617,95.9800033569336,1.7480000257492065,0.27000001072883606
2016-02-15,25.399999618530273,29.440000534057617,95.9800033569336,1.7480000257492065,0.27000001072883606
2016-02-16,24.110000610351562,29.040000915527344,96.87000274658203,1.777999997138977,0.27300000190734863
2016-02-17,22.309999465942383,30.65999984741211,96.79000091552734,1.819000005722046,0.2930000126361847
2016-02-18,21.639999389648438,30.770000457763672,96.94999694824219,1.7589999437332153,0.2879999876022339
2016-02-19,20.530000686645508,29.639999389648438,96.5999984741211,1.7480000257492065,0.28299999237060547
2016-02-22,19.3799991607666,31.479999542236328,97.37999725341797,1.7660000324249268,0.2930000126361847
2016-02-23,20.979999542236328,31.8700008392334,97.4800033569336,1.7450000047683716,0.3179999887943268
2016-02-24,20.719999313354492,32.150001525878906,97.45999908447266,1.7419999837875366,0.3149999976158142
2016-02-25,19.110000610351562,33.06999969482422,97.29000091552734,1.6970000267028809,0.3100000023841858
2016-02-26,19.809999465942383,32.779998779296875,98.1500015258789,1.7619999647140503,0.30300000309944153
2016-02-29,20.549999237060547,33.75,98.20999908447266,1.7400000095367432,0.30799999833106995
2016-03-01,17.700000762939453,34.400001525878906,98.3499984741211,1.8339999914169312,0.3199999928474426
2016-03-02,17.09000015258789,34.65999984741211,98.20999908447266,1.8480000495910645,0.30300000309944153
2016-03-03,16.700000762939453,34.56999969482422,97.56999969482422,1.8300000429153442,0.2630000114440918
2016-03-04,16.860000610351562,35.91999816894531,97.33999633789062,1.8830000162124634,0.26499998569488525
2016-03-07,17.350000381469727,37.900001525878906,97.06999969482422,1.9019999504089355,0.26499998569488525
2016-03-08,18.670000076293945,36.5,97.20999908447266,1.8320000171661377,0.3050000071525574
2016-03-09,18.34000015258789,38.290000915527344,97.16999816894531,1.8919999599456787,0.2879999876022339
2016-03-10,18.049999237060547,37.84000015258789,96.06999969482422,1.9290000200271606,0.30300000309944153
2016-03-11,16.5,38.5,96.16999816894531,1.9769999980926514,0.30799999833106995
2016-03-14,16.920000076293945,37.18000030517578,96.62000274658203,1.9630000591278076,0.30799999833106995
2016-03-15,16.84000015258789,36.34000015258789,96.62999725341797,1.9589999914169312,0.32499998807907104
2016-03-16,14.989999771118164,38.459999084472656,95.88999938964844,1.937999963760376,0.30000001192092896
2016-03-17,14.4399995803833,40.20000076293945,94.76000213623047,1.902999997138977,0.2750000059604645
2016-03-18,14.020000457763672,39.439998626708984,94.98999786376953,1.871000051498413,0.2800000011920929
2016-03-21,13.789999961853027,39.90999984741211,95.29000091552734,1.9229999780654907,0.2879999876022339
2016-03-22,14.170000076293945,41.45000076293945,95.6500015258789,1.934999942779541,0.29499998688697815
2016-03-23,14.9399995803833,39.790000915527344,96.05000305175781,1.875,0.2930000126361847
2016-03-24,14.739999771118164,39.459999084472656,96.13999938964844,1.899999976158142,0.2750000059604645
2016-03-25,14.739999771118164,39.459999084472656,96.13999938964844,1.899999976158142,0.2750000059604645
2016-03-28,15.239999771118164,39.38999938964844,95.94000244140625,1.8700000047683716,0.2549999952316284
2016-03-29,13.819999694824219,38.279998779296875,95.16000366210938,1.8140000104904175,0.22499999403953552
2016-03-30,13.5600004196167,38.31999969482422,94.83999633789062,1.8300000429153442,0.1850000023841858
2016-03-31,13.949999809265137,38.34000015258789,94.58999633789062,1.7860000133514404,0.19300000369548798
2016-04-01,13.100000381469727,36.790000915527344,94.62000274658203,1.7920000553131104,0.21799999475479126
2016-04-04,14.119999885559082,35.70000076293945,94.51000213623047,1.7790000438690186,0.18299999833106995
2016-04-05,15.420000076293945,35.88999938964844,94.62999725341797,1.7269999980926514,0.21799999475479126
2016-04-06,14.09000015258789,37.75,94.43000030517578,1.7549999952316284,0.2199999988079071
2016-04-07,16.15999984741211,37.2599983215332,94.4800033569336,1.690999984741211,0.2199999988079071
2016-04-08,15.359999656677246,39.720001220703125,94.23999786376953,1.7200000286102295,0.21799999475479126
2016-04-11,16.260000228881836,40.36000061035156,93.94999694824219,1.7239999771118164,0.20999999344348907
2016-04-12,14.850000381469727,42.16999816894531,93.95999908447266,1.781000018119812,0.23000000417232513
2016-04-13,13.84000015258789,41.7599983215332,94.73999786376953,1.7619999647140503,0.22300000488758087
2016-04-14,13.720000267028809,41.5,94.9000015258789,1.781000018119812,0.2150000035762787
2016-04-15,13.619999885559082,40.36000061035156,94.69999694824219,1.7519999742507935,0.20999999344348907
2016-04-18,13.350000381469727,39.779998779296875,94.48999786376953,1.7730000019073486,0.1979999989271164
2016-04-19,13.239999771118164,41.08000183105469,93.9800033569336,1.7829999923706055,0.2150000035762787
2016-04-20,13.279999732971191,42.630001068115234,94.48999786376953,1.8539999723434448,0.21799999475479126
2016-04-21,13.949999809265137,43.18000030517578,94.5999984741211,1.8700000047683716,0.22499999403953552
2016-04-22,13.220000267028809,43.72999954223633,95.12000274658203,1.8880000114440918,0.22499999403953552
2016-04-25,14.079999923706055,42.63999938964844,94.83999633789062,1.9019999504089355,0.23800000548362732
2016-04-26,13.960000038146973,44.040000915527344,94.56999969482422,1.930999994277954,0.24500000476837158
2016-04-27,13.770000457763672,45.33000183105469,94.38999938964844,1.8600000143051147,0.24500000476837158
2016-04-28,15.220000267028809,46.029998779296875,93.76000213623047,1.8380000591278076,0.20999999344348907
2016-04-29,15.699999809265137,45.91999816894531,93.08000183105469,1.819000005722046,0.19300000369548798
2016-05-02,14.680000305175781,44.779998779296875,92.62999725341797,1.8650000095367432,0.1850000023841858
2016-05-03,15.600000381469727,43.650001525878906,92.94000244140625,1.7999999523162842,0.2029999941587448
2016-05-04,16.049999237060547,43.779998779296875,93.18000030517578,1.784000039100647,0.1979999989271164
2016-05-05,15.90999984741211,44.31999969482422,93.77999877929688,1.746999979019165,0.18299999833106995
2016-05-06,14.720000267028809,44.65999984741211,93.88999938964844,1.7790000438690186,0.18000000715255737
2016-05-09,14.569999694824219,43.439998626708984,94.1500015258789,1.7599999904632568,0.2029999941587448
2016-05-10,13.630000114440918,44.65999984741211,94.29000091552734,1.7599999904632568,0.24300000071525574
2016-05-11,14.6899995803833,46.22999954223633,93.81999969482422,1.7369999885559082,0.24799999594688416
2016-05-12,14.40999984741211,46.70000076293945,94.13999938964844,1.7569999694824219,0.257999986410141
2016-05-13,15.039999961853027,46.209999084472656,94.61000061035156,1.7050000429153442,0.257999986410141
2016-05-16,14.680000305175781,47.720001220703125,94.56999969482422,1.753000020980835,0.257999986410141
2016-05-17,15.569999694824219,48.310001373291016,94.55000305175781,1.7589999437332153,0.2680000066757202
2016-05-18,15.949999809265137,48.189998626708984,95.08000183105469,1.8799999952316284,0.27000001072883606
2016-05-19,16.329999923706055,48.15999984741211,95.29000091552734,1.8450000286102295,0.28999999165534973
2016-05-20,15.199999809265137,47.75,95.30999755859375,1.8489999771118164,0.2980000078678131
2016-05-23,15.819999694824219,48.08000183105469,95.2300033569336,1.8380000591278076,0.31299999356269836
2016-05-24,14.420000076293945,48.619998931884766,95.56999969482422,1.8589999675750732,0.34299999475479126
2016-05-25,13.899999618530273,49.560001373291016,95.3499984741211,1.8700000047683716,0.3149999976158142
2016-05-26,13.430000305175781,49.47999954223633,95.16999816894531,1.8229999542236328,0.2750000059604645
2016-05-27,13.119999885559082,49.33000183105469,95.5199966430664,1.8509999513626099,0.2980000078678131
2016-05-30,13.119999885559082,49.33000183105469,95.5199966430664,1.8509999513626099,0.2980000078678131
2016-05-31,14.1899995803833,49.099998474121094,95.88999938964844,1.8339999914169312,0.28299999237060547
2016-06-01,14.199999809265137,49.0099983215332,95.45999908447266,1.8459999561309814,0.29499998688697815
2016-06-02,13.630000114440918,49.16999816894531,95.55999755859375,1.8109999895095825,0.27000001072883606
2016-06-03,13.470000267028809,48.619998931884766,94.02999877929688,1.7039999961853027,0.27000001072883606
2016-06-06,13.649999618530273,49.689998626708984,93.9000015258789,1.7230000495910645,0.25
2016-06-07,14.050000190734863,50.36000061035156,93.83000183105469,1.7130000591278076,0.26499998569488525
2016-06-08,14.079999923706055,51.22999954223633,93.58999633789062,1.7059999704360962,0.23499999940395355
2016-06-09,14.640000343322754,50.560001373291016,94.0999984741211,1.6799999475479126,0.23999999463558197
2016-06-10,17.030000686645508,49.06999969482422,94.5999984741211,1.6390000581741333,0.23999999463558197
2016-06-13,20.969999313354492,48.880001068115234,94.37000274658203,1.6160000562667847,0.24500000476837158
2016-06-14,20.5,48.4900016784668,94.93000030517578,1.6109999418258667,0.2630000114440918
2016-06-15,20.139999389648438,48.0099983215332,94.61000061035156,1.5959999561309814,0.2549999952316284
2016-06-16,19.3700008392334,46.209999084472656,94.56999969482422,1.5640000104904175,0.24500000476837158
2016-06-17,19.40999984741211,47.97999954223633,94.20999908447266,1.6180000305175781,0.24799999594688416
2016-06-20,18.3700008392334,49.369998931884766,93.61000061035156,1.6699999570846558,0.24799999594688416
2016-06-21,18.479999542236328,48.849998474121094,94.0199966430664,1.6970000267028809,0.26499998569488525
2016-06-22,21.170000076293945,49.130001068115234,93.72000122070312,1.684999942779541,0.2680000066757202
2016-06-23,17.25,50.11000061035156,93.52999877929688,1.7389999628067017,0.2750000059604645
2016-06-24,25.760000228881836,47.63999938964844,95.44999694824219,1.5789999961853027,0.23800000548362732
2016-06-27,23.850000381469727,46.33000183105469,96.54000091552734,1.4600000381469727,0.23499999940395355
2016-06-28,18.75,47.849998474121094,96.25,1.4609999656677246,0.25999999046325684
2016-06-29,16.639999389648438,49.880001068115234,95.7699966430664,1.4769999980926514,0.2549999952316284
2016-06-30,15.630000114440918,48.33000183105469,96.13999938964844,1.4880000352859497,0.24799999594688416
2016-07-01,14.770000457763672,48.9900016784668,95.6500015258789,1.4559999704360962,0.24300000071525574
2016-07-04,14.770000457763672,48.9900016784668,95.6500015258789,1.4559999704360962,0.24300000071525574
2016-07-05,15.579999923706055,46.599998474121094,96.16999816894531,1.3669999837875366,0.23800000548362732
2016-07-06,14.960000038146973,47.43000030517578,96.05999755859375,1.3849999904632568,0.2630000114440918
2016-07-07,14.760000228881836,45.13999938964844,96.33000183105469,1.3869999647140503,0.27000001072883606
2016-07-08,13.199999809265137,45.40999984741211,96.30000305175781,1.3660000562667847,0.27300000190734863
2016-07-11,13.539999961853027,44.7599983215332,96.56999969482422,1.434000015258789,0.2750000059604645
2016-07-12,13.550000190734863,46.79999923706055,96.44000244140625,1.5130000114440918,0.29499998688697815
2016-07-13,13.039999961853027,44.75,96.22000122070312,1.468000054359436,0.2980000078678131
2016-07-14,12.819999694824219,45.68000030517578,96.08000183105469,1.531000018119812,0.30300000309944153
2016-07-15,12.670000076293945,45.95000076293945,96.58000183105469,1.593999981880188,0.2980000078678131
2016-07-18,12.4399995803833,45.2400016784668,96.55999755859375,1.5870000123977661,0.2879999876022339
2016-07-19,11.970000267028809,44.650001525878906,97.05000305175781,1.5579999685287476,0.3100000023841858
2016-07-20,11.770000457763672,44.939998626708984,97.19999694824219,1.5800000429153442,0.3149999976158142
2016-07-21,12.739999771118164,44.75,97.0,1.565000057220459,0.30300000309944153
2016-07-22,12.020000457763672,44.189998626708984,97.47000122070312,1.5700000524520874,0.30300000309944153
2016-07-25,12.869999885559082,43.130001068115234,97.29000091552734,1.5709999799728394,0.2980000078678131
2016-07-26,13.050000190734863,42.91999816894531,97.16000366210938,1.562999963760376,0.30799999833106995
2016-07-27,12.829999923706055,41.91999816894531,97.05000305175781,1.5149999856948853,0.28299999237060547
2016-07-28,12.720000267028809,41.13999938964844,96.73999786376953,1.5110000371932983,0.2199999988079071
2016-07-29,11.869999885559082,41.599998474121094,95.52999877929688,1.4579999446868896,0.23999999463558197
2016-08-01,12.4399995803833,40.060001373291016,95.70999908447266,1.496000051498413,0.23800000548362732
2016-08-02,13.369999885559082,39.5099983215332,95.05999755859375,1.5369999408721924,0.2800000011920929
2016-08-03,12.859999656677246,40.83000183105469,95.55999755859375,1.5420000553131104,0.2680000066757202
2016-08-04,12.420000076293945,41.93000030517578,95.76000213623047,1.503000020980835,0.24799999594688416
2016-08-05,11.390000343322754,41.79999923706055,96.19000244140625,1.5820000171661377,0.25
2016-08-08,11.5,43.02000045776367,96.4000015258789,1.5829999446868896,0.25
2016-08-09,11.65999984741211,42.77000045776367,96.18000030517578,1.5449999570846558,0.2930000126361847
2016-08-10,12.050000190734863,41.709999084472656,95.6500015258789,1.5089999437332153,0.27300000190734863
2016-08-11,11.680000305175781,43.4900016784668,95.86000061035156,1.5729999542236328,0.2750000059604645
2016-08-12,11.550000190734863,44.4900016784668,95.72000122070312,1.5149999856948853,0.2630000114440918
2016-08-15,11.8100004196167,45.7400016784668,95.62999725341797,1.5529999732971191,0.2750000059604645
2016-08-16,12.640000343322754,46.58000183105469,94.79000091552734,1.5759999752044678,0.2879999876022339
2016-08-17,12.1899995803833,46.790000915527344,94.72000122070312,1.5609999895095825,0.2879999876022339
2016-08-18,11.430000305175781,48.220001220703125,94.16000366210938,1.5360000133514404,0.2849999964237213
2016-08-19,11.34000015258789,48.52000045776367,94.51000213623047,1.5779999494552612,0.2930000126361847
2016-08-22,12.270000457763672,47.04999923706055,94.5199966430664,1.5390000343322754,0.2800000011920929
2016-08-23,12.380000114440918,48.099998474121094,94.54000091552734,1.5529999732971191,0.3050000071525574
2016-08-24,13.449999809265137,46.77000045776367,94.79000091552734,1.559000015258789,0.3050000071525574
2016-08-25,13.630000114440918,47.33000183105469,94.7699966430664,1.5770000219345093,0.3050000071525574
2016-08-26,13.649999618530273,47.63999938964844,95.56999969482422,1.6349999904632568,0.3050000071525574
2016-08-29,12.9399995803833,46.97999954223633,95.58000183105469,1.565999984741211,0.3050000071525574
2016-08-30,13.119999885559082,46.349998474121094,96.05000305175781,1.5700000524520874,0.32499998807907104
2016-08-31,13.420000076293945,44.70000076293945,96.0199966430664,1.5679999589920044,0.3199999928474426
2016-09-01,13.479999542236328,43.15999984741211,95.6500015258789,1.5700000524520874,0.3149999976158142
2016-09-02,11.979999542236328,44.439998626708984,95.87999725341797,1.5959999561309814,0.30300000309944153
2016-09-05,11.979999542236328,44.439998626708984,95.87999725341797,1.5959999561309814,0.30300000309944153
2016-09-06,12.020000457763672,44.83000183105469,94.81999969482422,1.5429999828338623,0.30300000309944153
2016-09-07,11.9399995803833,45.5,94.95999908447266,1.5410000085830688,0.33000001311302185
2016-09-08,12.510000228881836,47.619998931884766,95.02999877929688,1.6160000562667847,0.3330000042915344
2016-09-09,17.5,45.880001068115234,95.33999633789062,1.6720000505447388,0.3330000042915344
2016-09-12,15.15999984741211,46.290000915527344,95.0999984741211,1.6720000505447388,0.3499999940395355
2016-09-13,17.850000381469727,44.900001525878906,95.62999725341797,1.7339999675750732,0.3449999988079071
2016-09-14,18.139999389648438,43.58000183105469,95.33000183105469,1.6890000104904175,0.3149999976158142
2016-09-15,16.299999237060547,43.90999984741211,95.29000091552734,1.7029999494552612,0.27799999713897705
2016-09-16,15.369999885559082,43.029998779296875,96.11000061035156,1.7009999752044678,0.27300000190734863
2016-09-19,15.529999732971191,43.29999923706055,95.83999633789062,1.6959999799728394,0.23800000548362732
2016-09-20,15.920000076293945,43.439998626708984,96.0199966430664,1.687999963760376,0.2879999876022339
2016-09-21,13.300000190734863,45.34000015258789,95.66000366210938,1.6679999828338623,0.22300000488758087
2016-09-22,12.020000457763672,46.31999969482422,95.44999694824219,1.6319999694824219,0.1599999964237213
2016-09-23,12.289999961853027,44.47999954223633,95.4800033569336,1.6150000095367432,0.16500000655651093
2016-09-26,14.5,45.93000030517578,95.30999755859375,1.5889999866485596,0.17299999296665192
2016-09-27,13.100000381469727,44.66999816894531,95.44000244140625,1.555999994277954,0.2549999952316284
2016-09-28,12.390000343322754,47.04999923706055,95.43000030517578,1.5670000314712524,0.2630000114440918
2016-09-29,14.020000457763672,47.83000183105469,95.54000091552734,1.5570000410079956,0.23499999940395355
2016-09-30,13.289999961853027,48.2400016784668,95.45999908447266,1.6080000400543213,0.25999999046325684
2016-10-03,13.569999694824219,48.810001373291016,95.75,1.621999979019165,0.2879999876022339
2016-10-04,13.630000114440918,48.689998626708984,96.12000274658203,1.6829999685287476,0.3149999976158142
2016-10-05,12.989999771118164,49.83000183105469,96.12999725341797,1.715999960899353,0.31299999356269836
2016-10-06,12.84000015258789,50.439998626708984,96.66000366210938,1.7419999837875366,0.3100000023841858
2016-10-07,13.479999542236328,49.810001373291016,96.5199966430664,1.7359999418258667,0.3100000023841858
2016-10-10,13.380000114440918,49.810001373291016,96.5199966430664,1.7230000495910645,0.30799999833106995
2016-10-11,15.359999656677246,50.790000915527344,97.69999694824219,1.7589999437332153,0.3199999928474426
2016-10-12,15.90999984741211,50.18000030517578,97.97000122070312,1.777999997138977,0.3400000035762787
2016-10-13,16.690000534057617,50.439998626708984,97.5199966430664,1.7380000352859497,0.2750000059604645
2016-10-14,16.1200008392334,50.349998474121094,98.0199966430664,1.7940000295639038,0.28999999165534973
2016-10-17,16.209999084472656,49.939998626708984,97.88999938964844,1.7660000324249268,0.29499998688697815
2016-10-18,15.279999732971191,50.290000915527344,97.9000015258789,1.7489999532699585,0.3330000042915344
2016-10-19,14.40999984741211,51.599998474121094,97.87000274658203,1.7519999742507935,0.3230000138282776
2016-10-20,13.75,50.43000030517578,98.31999969482422,1.746999979019165,0.3199999928474426
2016-10-21,13.34000015258789,50.849998474121094,98.69999694824219,1.7400000095367432,0.3149999976158142
2016-10-24,13.020000457763672,50.52000045776367,98.66999816894531,1.7630000114440918,0.31299999356269836
2016-10-25,13.460000038146973,49.959999084472656,98.72000122070312,1.7580000162124634,0.32499998807907104
2016-10-26,14.239999771118164,49.18000030517578,98.62999725341797,1.7899999618530273,0.31299999356269836
2016-10-27,15.359999656677246,49.720001220703125,98.88999938964844,1.843000054359436,0.2750000059604645
2016-10-28,16.190000534057617,48.70000076293945,98.3499984741211,1.8450000286102295,0.27300000190734863
2016-10-31,17.059999465942383,46.86000061035156,98.44999694824219,1.8339999914169312,0.29499998688697815
2016-11-01,18.559999465942383,46.66999816894531,97.69999694824219,1.8200000524520874,0.3449999988079071
2016-11-02,19.31999969482422,45.34000015258789,97.4000015258789,1.7990000247955322,0.3449999988079071
2016-11-03,22.079999923706055,44.65999984741211,97.16000366210938,1.812000036239624,0.3580000102519989
2016-11-04,22.510000228881836,44.06999969482422,97.06999969482422,1.7829999923706055,0.3580000102519989
2016-11-07,18.709999084472656,44.88999938964844,97.77999877929688,1.8279999494552612,0.38999998569488525
2016-11-08,18.739999771118164,44.97999954223633,97.86000061035156,1.8619999885559082,0.41999998688697815
2016-11-09,14.380000114440918,45.27000045776367,98.5,2.072000026702881,0.4180000126361847
2016-11-10,14.739999771118164,44.65999984741211,98.79000091552734,2.117000102996826,0.4580000042915344
2016-11-11,14.170000076293945,44.65999984741211,98.79000091552734,2.117000102996826,0.4580000042915344
2016-11-14,14.479999542236328,43.31999969482422,100.11000061035156,2.2219998836517334,0.503000020980835
2016-11-15,13.369999885559082,45.810001373291016,100.19000244140625,2.23799991607666,0.4880000054836273
2016-11-16,13.720000267028809,45.56999969482422,100.41000366210938,2.2230000495910645,0.453000009059906
2016-11-17,13.350000381469727,45.41999816894531,100.88999938964844,2.2760000228881836,0.41999998688697815
2016-11-18,12.850000381469727,45.689998626708984,101.20999908447266,2.3350000381469727,0.4180000126361847
2016-11-21,12.420000076293945,47.4900016784668,101.05000305175781,2.3389999866485596,0.41999998688697815
2016-11-22,12.40999984741211,48.029998779296875,101.04000091552734,2.321000099182129,0.4749999940395355
2016-11-23,12.430000305175781,47.959999084472656,101.69999694824219,2.3570001125335693,0.48500001430511475
2016-11-24,12.430000305175781,47.959999084472656,101.69999694824219,2.3570001125335693,0.48500001430511475
2016-11-25,12.34000015258789,46.060001373291016,101.48999786376953,2.371999979019165,0.47999998927116394
2016-11-28,13.149999618530273,47.08000183105469,101.33000183105469,2.319999933242798,0.44999998807907104
2016-11-29,12.899999618530273,45.22999954223633,100.93000030517578,2.302000045776367,0.46799999475479126
2016-11-30,13.329999923706055,49.439998626708984,101.5,2.368000030517578,0.46799999475479126
2016-12-01,14.069999694824219,51.060001373291016,101.04000091552734,2.440999984741211,0.4580000042915344
2016-12-02,14.119999885559082,51.68000030517578,100.7699966430664,2.390000104904175,0.45500001311302185
2016-12-05,12.140000343322754,51.790000915527344,100.13999938964844,2.38700008392334,0.453000009059906
2016-12-06,11.789999961853027,50.93000030517578,100.48999786376953,2.3959999084472656,0.48500001430511475
2016-12-07,12.220000267028809,49.77000045776367,100.2300033569336,2.3469998836517334,0.4880000054836273
2016-12-08,12.640000343322754,50.84000015258789,101.06999969482422,2.38700008392334,0.49000000953674316
2016-12-09,11.75,51.5,101.56999969482422,2.4639999866485596,0.5199999809265137
2016-12-12,12.640000343322754,52.83000183105469,100.95999908447266,2.4790000915527344,0.5
2016-12-13,12.720000267028809,52.97999954223633,101.02999877929688,2.4809999465942383,0.5230000019073486
2016-12-14,13.1899995803833,51.040000915527344,102.0,2.5250000953674316,0.5230000019073486
2016-12-15,12.789999961853027,50.900001525878906,103.12999725341797,2.5799999237060547,0.4880000054836273
2016-12-16,12.199999809265137,51.900001525878906,102.94999694824219,2.5969998836517334,0.48500001430511475
2016-12-19,11.710000038146973,52.119998931884766,103.13999938964844,2.5420000553131104,0.4779999852180481
2016-12-20,11.449999809265137,52.22999954223633,103.29000091552734,2.568000078201294,0.5130000114440918
2016-12-21,11.270000457763672,52.4900016784668,103.0199966430664,2.5460000038146973,0.503000020980835
2016-12-22,11.430000305175781,52.95000076293945,103.08999633789062,2.552999973297119,0.49300000071525574
2016-12-23,11.4399995803833,53.02000045776367,103.01000213623047,2.5429999828338623,0.5
2016-12-26,11.4399995803833,53.02000045776367,103.01000213623047,2.5429999828338623,0.5
2016-12-27,11.989999771118164,53.900001525878906,103.0199966430664,2.562999963760376,0.4950000047683716
2016-12-28,12.949999809265137,54.060001373291016,103.26000213623047,2.50600004196167,0.4950000047683716
2016-12-29,13.369999885559082,53.77000045776367,102.68000030517578,2.4769999980926514,0.4399999976158142
2016-12-30,14.039999961853027,53.720001220703125,102.38999938964844,2.446000099182129,0.47999998927116394
2017-01-02,14.039999961853027,53.720001220703125,102.38999938964844,2.446000099182129,0.47999998927116394
2017-01-03,12.850000381469727,52.33000183105469,103.20999908447266,2.450000047683716,0.4749999940395355
2017-01-04,11.850000381469727,53.2599983215332,102.69999694824219,2.4519999027252197,0.5180000066757202
2017-01-05,11.670000076293945,53.7599983215332,101.5199966430664,2.368000030517578,0.5080000162124634
2017-01-06,11.319999694824219,53.9900016784668,102.22000122070312,2.4179999828338623,0.503000020980835
2017-01-09,11.5600004196167,51.959999084472656,101.93000030517578,2.375999927520752,0.48500001430511475
2017-01-10,11.489999771118164,50.81999969482422,102.01000213623047,2.378999948501587,0.503000020980835
2017-01-11,11.260000228881836,52.25,101.77999877929688,2.369999885559082,0.49799999594688416
2017-01-12,11.539999961853027,53.0099983215332,101.3499984741211,2.3610000610351562,0.503000020980835
2017-01-13,11.229999542236328,52.369998931884766,101.18000030517578,2.380000114440918,0.5130000114440918
2017-01-16,11.229999542236328,52.369998931884766,101.18000030517578,2.380000114440918,0.5130000114440918
2017-01-17,11.869999885559082,52.47999954223633,100.33000183105469,2.3269999027252197,0.5130000114440918
2017-01-18,12.479999542236328,51.08000183105469,100.93000030517578,2.3889999389648438,0.5149999856948853
2017-01-19,12.779999732971191,51.369998931884766,101.1500015258789,2.4590001106262207,0.503000020980835
2017-01-20,11.539999961853027,52.41999816894531,100.73999786376953,2.4670000076293945,0.47999998927116394
2017-01-23,11.770000457763672,52.75,100.16000366210938,2.4030001163482666,0.4729999899864197
2017-01-24,11.069999694824219,53.18000030517578,100.3499984741211,2.4709999561309814,0.49300000071525574
2017-01-25,10.8100004196167,52.75,100.02999877929688,2.5230000019073486,0.4830000102519989
2017-01-26,10.630000114440918,53.779998779296875,100.37999725341797,2.507999897003174,0.4880000054836273
2017-01-27,10.579999923706055,53.16999816894531,100.52999877929688,2.4809999465942383,0.49799999594688416
2017-01-30,11.880000114440918,52.630001068115234,100.43000030517578,2.4830000400543213,0.4950000047683716
2017-01-31,11.989999771118164,52.810001373291016,99.51000213623047,2.4509999752044678,0.5
2017-02-01,11.8100004196167,53.880001068115234,99.63999938964844,2.4739999771118164,0.5
2017-02-02,11.930000305175781,53.540000915527344,99.8499984741211,2.4700000286102295,0.4880000054836273
2017-02-03,10.970000267028809,53.83000183105469,99.87000274658203,2.490999937057495,0.4880000054836273
2017-02-06,11.369999885559082,53.0099983215332,99.91000366210938,2.4130001068115234,0.503000020980835
2017-02-07,11.289999961853027,52.16999816894531,100.26000213623047,2.3889999389648438,0.5249999761581421
2017-02-08,11.449999809265137,52.34000015258789,100.27999877929688,2.3510000705718994,0.5249999761581421
2017-02-09,10.880000114440918,53.0,100.6500015258789,2.3949999809265137,0.527999997138977
2017-02-10,10.850000381469727,53.86000061035156,100.80000305175781,2.4089999198913574,0.5230000019073486
2017-02-13,11.069999694824219,52.93000030517578,100.95999908447266,2.434000015258789,0.5230000019073486
2017-02-14,10.739999771118164,53.20000076293945,101.25,2.4700000286102295,0.5350000262260437
2017-02-15,11.970000267028809,53.11000061035156,101.18000030517578,2.502000093460083,0.5199999809265137
2017-02-16,11.760000228881836,53.36000061035156,100.44000244140625,2.450000047683716,0.5080000162124634
2017-02-17,11.489999771118164,53.400001525878906,100.94999694824219,2.424999952316284,0.5080000162124634
2017-02-20,11.489999771118164,53.400001525878906,100.94999694824219,2.424999952316284,0.5080000162124634
2017-02-21,11.569999694824219,54.060001373291016,101.37000274658203,2.427000045776367,0.5049999952316284
2017-02-22,11.739999771118164,53.59000015258789,101.33000183105469,2.4179999828338623,0.5099999904632568
2017-02-23,11.710000038146973,54.45000076293945,101.05000305175781,2.388000011444092,0.49799999594688416
2017-02-24,11.470000267028809,53.9900016784668,101.08999633789062,2.316999912261963,0.49799999594688416
2017-02-27,12.09000015258789,54.04999923706055,101.12999725341797,2.36899995803833,0.49000000953674316
2017-02-28,12.920000076293945,54.0099983215332,101.12000274658203,2.3580000400543213,0.5230000019073486
2017-03-01,12.539999961853027,53.83000183105469,101.77999877929688,2.4630000591278076,0.6150000095367432
2017-03-02,11.8100004196167,52.61000061035156,102.19999694824219,2.489000082015991,0.6449999809265137
2017-03-03,10.960000038146973,53.33000183105469,101.54000091552734,2.492000102996826,0.6830000281333923
2017-03-06,11.239999771118164,53.20000076293945,101.63999938964844,2.49399995803833,0.7049999833106995
2017-03-07,11.449999809265137,53.13999938964844,101.80999755859375,2.510999917984009,0.7350000143051147
2017-03-08,11.859999656677246,50.279998779296875,102.06999969482422,2.552000045776367,0.7080000042915344
2017-03-09,12.300000190734863,49.279998779296875,101.8499984741211,2.5980000495910645,0.7129999995231628
2017-03-10,11.65999984741211,48.4900016784668,101.25,2.5820000171661377,0.7250000238418579
2017-03-13,11.350000381469727,48.400001525878906,101.37999725341797,2.6080000400543213,0.7279999852180481
2017-03-14,12.300000190734863,47.720001220703125,101.69999694824219,2.5950000286102295,0.753000020980835
2017-03-15,11.630000114440918,48.86000061035156,100.73999786376953,2.507999897003174,0.7149999737739563
2017-03-16,11.210000038146973,48.75,100.2699966430664,2.5220000743865967,0.7080000042915344
2017-03-17,11.279999732971191,48.779998779296875,100.30000305175781,2.500999927520752,0.7080000042915344
2017-03-20,11.34000015258789,48.220001220703125,100.41000366210938,2.4730000495910645,0.7099999785423279
2017-03-21,12.470000267028809,47.34000015258789,99.80999755859375,2.436000108718872,0.753000020980835
2017-03-22,12.8100004196167,48.040000915527344,99.68000030517578,2.3959999084472656,0.7480000257492065
2017-03-23,13.119999885559082,47.70000076293945,99.76000213623047,2.4179999828338623,0.7480000257492065
2017-03-24,12.960000038146973,47.970001220703125,99.62999725341797,2.4000000953674316,0.7480000257492065
2017-03-27,12.5,47.72999954223633,99.16999816894531,2.372999906539917,0.7580000162124634
2017-03-28,11.529999732971191,48.369998931884766,99.70999908447266,2.4089999198913574,0.7730000019073486
2017-03-29,11.420000076293945,49.5099983215332,100.0,2.385999917984009,0.7549999952316284
2017-03-30,11.539999961853027,50.349998474121094,100.41000366210938,2.4159998893737793,0.7580000162124634
2017-03-31,12.369999885559082,50.599998474121094,100.3499984741211,2.3959999084472656,0.7379999756813049
2017-04-03,12.380000114440918,50.2400016784668,100.54000091552734,2.3499999046325684,0.7400000095367432
2017-04-04,11.789999961853027,51.029998779296875,100.54000091552734,2.3499999046325684,0.7799999713897705
2017-04-05,12.890000343322754,51.150001525878906,100.55999755859375,2.3570001125335693,0.7799999713897705
2017-04-06,12.390000343322754,51.70000076293945,100.66999816894531,2.3429999351501465,0.7879999876022339
2017-04-07,12.869999885559082,52.2400016784668,101.18000030517578,2.372999906539917,0.7979999780654907
2017-04-10,14.050000190734863,53.08000183105469,101.0199966430664,2.3610000610351562,0.7879999876022339
2017-04-11,15.069999694824219,53.400001525878906,100.70999908447266,2.2980000972747803,0.800000011920929
2017-04-12,15.770000457763672,53.11000061035156,100.77999877929688,2.2960000038146973,0.7929999828338623
2017-04-13,15.960000038146973,53.18000030517578,100.55999755859375,2.2320001125335693,0.7900000214576721
2017-04-14,15.960000038146973,53.18000030517578,100.55999755859375,2.2320001125335693,0.7900000214576721
2017-04-17,14.65999984741211,52.650001525878906,100.30000305175781,2.252000093460083,0.7900000214576721
2017-04-18,14.420000076293945,52.40999984741211,99.5,2.178999900817871,0.8050000071525574
2017-04-19,14.930000305175781,50.439998626708984,99.73999786376953,2.2019999027252197,0.7850000262260437
2017-04-20,14.149999618530273,50.27000045776367,99.77999877929688,2.240999937057495,0.7699999809265137
2017-04-21,14.630000114440918,49.619998931884766,99.9800033569336,2.236999988555908,0.7630000114440918
2017-04-24,10.84000015258789,49.22999954223633,99.08999633789062,2.2730000019073486,0.7699999809265137
2017-04-25,10.760000228881836,49.560001373291016,98.81999969482422,2.3269999027252197,0.8080000281333923
2017-04-26,10.850000381469727,49.619998931884766,98.95999908447266,2.311000108718872,0.8029999732971191
2017-04-27,10.359999656677246,48.970001220703125,99.08000183105469,2.2960000038146973,0.7850000262260437
2017-04-28,10.819999694824219,49.33000183105469,99.05000305175781,2.2820000648498535,0.7799999713897705
2017-05-01,10.109999656677246,48.84000015258789,99.13999938964844,2.325000047683716,0.7850000262260437
2017-05-02,10.59000015258789,47.65999984741211,98.9800033569336,2.2960000038146973,0.8429999947547913
2017-05-03,10.680000305175781,47.81999969482422,99.20999908447266,2.309000015258789,0.8479999899864197
2017-05-04,10.460000038146973,45.52000045776367,98.76000213623047,2.3559999465942383,0.8550000190734863
2017-05-05,10.569999694824219,46.220001220703125,98.6500015258789,2.3519999980926514,0.8679999709129333
2017-05-08,9.770000457763672,46.43000030517578,99.1500015258789,2.375999927520752,0.8700000047683716
2017-05-09,9.960000038146973,45.880001068115234,99.58999633789062,2.4070000648498535,0.8899999856948853
2017-05-10,10.210000038146973,47.33000183105469,99.66999816894531,2.4140000343322754,0.875
2017-05-11,10.600000381469727,47.83000183105469,99.62000274658203,2.4000000953674316,0.8600000143051147
2017-05-12,10.399999618530273,47.84000015258789,99.25,2.3350000381469727,0.8550000190734863
2017-05-15,10.420000076293945,48.849998474121094,98.91000366210938,2.3380000591278076,0.8629999756813049
2017-05-16,10.649999618530273,48.65999984741211,98.11000061035156,2.3289999961853027,0.8899999856948853
2017-05-17,15.59000015258789,49.06999969482422,97.41999816894531,2.2160000801086426,0.875
2017-05-18,14.65999984741211,49.349998474121094,97.87999725341797,2.2330000400543213,0.8930000066757202
2017-05-19,12.039999961853027,50.33000183105469,97.1500015258789,2.244999885559082,0.8880000114440918
2017-05-22,10.930000305175781,50.72999954223633,96.9800033569336,2.253999948501587,0.878000020980835
2017-05-23,10.720000267028809,51.470001220703125,97.3499984741211,2.2850000858306885,0.9129999876022339
2017-05-24,10.020000457763672,51.36000061035156,97.23999786376953,2.2660000324249268,0.9049999713897705
2017-05-25,9.989999771118164,48.900001525878906,97.25,2.255000114440918,0.9079999923706055
2017-05-26,9.8100004196167,49.79999923706055,97.4000015258789,2.25,0.9100000262260437
2017-05-29,9.8100004196167,49.79999923706055,97.4000015258789,2.25,0.9100000262260437
2017-05-30,10.380000114440918,49.65999984741211,97.27999877929688,2.2170000076293945,0.9100000262260437
2017-05-31,10.40999984741211,48.31999969482422,96.91999816894531,2.196000099182129,0.949999988079071
2017-06-01,9.890000343322754,48.36000061035156,97.19999694824219,2.2170000076293945,0.9480000138282776
2017-06-02,9.75,47.65999984741211,96.72000122070312,2.1589999198913574,0.953000009059906
2017-06-05,10.069999694824219,47.400001525878906,96.80000305175781,2.181999921798706,0.9480000138282776
2017-06-06,10.449999809265137,48.189998626708984,96.63999938964844,2.1470000743865967,0.9580000042915344
2017-06-07,10.390000343322754,45.720001220703125,96.75,2.177999973297119,0.9729999899864197
2017-06-08,10.15999984741211,45.63999938964844,96.91999816894531,2.194000005722046,0.9729999899864197
2017-06-09,10.699999809265137,45.83000183105469,97.2699966430664,2.1989998817443848,0.9800000190734863
2017-06-12,11.460000038146973,46.08000183105469,97.13999938964844,2.2130000591278076,0.9729999899864197
2017-06-13,10.420000076293945,46.459999084472656,96.9800033569336,2.2070000171661377,0.9829999804496765
2017-06-14,10.640000343322754,44.72999954223633,96.94000244140625,2.138000011444092,0.9829999804496765
2017-06-15,10.899999618530273,44.459999084472656,97.43000030517578,2.1619999408721924,0.9929999709129333
2017-06-16,10.380000114440918,44.7400016784668,97.16000366210938,2.1570000648498535,0.9850000143051147
2017-06-19,10.369999885559082,44.20000076293945,97.52999877929688,2.190000057220459,0.9850000143051147
2017-06-20,10.859999656677246,43.22999954223633,97.75,2.1530001163482666,0.9929999709129333
2017-06-21,10.75,42.529998779296875,97.55999755859375,2.1549999713897705,0.9679999947547913
2017-06-22,10.479999542236328,42.7400016784668,97.54000091552734,2.1530001163482666,0.9330000281333923
2017-06-23,10.020000457763672,43.0099983215332,97.30000305175781,2.1440000534057617,0.9330000281333923
2017-06-26,9.899999618530273,43.380001068115234,97.43000030517578,2.13700008392334,0.9330000281333923
2017-06-27,11.0600004196167,44.2400016784668,96.47000122070312,2.197999954223633,0.9900000095367432
2017-06-28,10.029999732971191,44.7400016784668,96.05000305175781,2.2209999561309814,0.9850000143051147
2017-06-29,11.4399995803833,44.93000030517578,95.62999725341797,2.2669999599456787,1.003000020980835
2017-06-30,11.180000305175781,46.040000915527344,95.66000366210938,2.302000045776367,0.9929999709129333
2017-07-03,11.220000267028809,47.06999969482422,96.19999694824219,2.3459999561309814,1.0
2017-07-04,11.220000267028809,47.06999969482422,96.19999694824219,2.3459999561309814,1.0
2017-07-05,11.069999694824219,45.130001068115234,96.29000091552734,2.3340001106262207,1.0199999809265137
2017-07-06,12.539999961853027,45.52000045776367,95.81999969482422,2.369999885559082,1.0080000162124634
2017-07-07,11.1899995803833,44.22999954223633,96.01000213623047,2.3929998874664307,1.0080000162124634
2017-07-10,11.109999656677246,44.400001525878906,96.05000305175781,2.371000051498413,1.0130000114440918
2017-07-11,10.890000343322754,45.040000915527344,95.73999786376953,2.361999988555908,1.0329999923706055
2017-07-12,10.300000190734863,45.4900016784668,95.79000091552734,2.3269999027252197,1.0230000019073486
2017-07-13,9.899999618530273,46.08000183105469,95.7300033569336,2.3480000495910645,1.0130000114440918
2017-07-14,9.510000228881836,46.540000915527344,95.11000061035156,2.319000005722046,1.0080000162124634
2017-07-17,9.819999694824219,46.02000045776367,95.12999725341797,2.309000015258789,1.0199999809265137
2017-07-18,9.890000343322754,46.400001525878906,94.66000366210938,2.263000011444092,1.0399999618530273
2017-07-19,9.789999961853027,47.119998931884766,94.80000305175781,2.2679998874664307,1.0850000381469727
2017-07-20,9.579999923706055,46.790000915527344,94.2699966430664,2.2660000324249268,1.1130000352859497
2017-07-21,9.359999656677246,45.77000045776367,93.94000244140625,2.2320001125335693,1.1380000114440918
2017-07-24,9.430000305175781,46.34000015258789,93.9800033569336,2.253999948501587,1.149999976158142
2017-07-25,9.430000305175781,47.88999938964844,94.05000305175781,2.3259999752044678,1.1430000066757202
2017-07-26,9.600000381469727,48.75,93.66999816894531,2.2820000648498535,1.0950000286102295
2017-07-27,10.109999656677246,49.040000915527344,93.86000061035156,2.309999942779541,1.0779999494552612
2017-07-28,10.289999961853027,49.709999084472656,93.26000213623047,2.2890000343322754,1.0529999732971191
2017-07-31,10.260000228881836,50.16999816894531,92.86000061035156,2.2920000553131104,1.0529999732971191
2017-08-01,10.09000015258789,49.15999984741211,93.02999877929688,2.250999927520752,1.0579999685287476
2017-08-02,10.279999732971191,49.59000015258789,92.83000183105469,2.26200008392334,1.0499999523162842
2017-08-03,10.4399995803833,49.029998779296875,92.80999755859375,2.2279999256134033,1.0579999685287476
2017-08-04,10.029999732971191,49.58000183105469,93.54000091552734,2.2669999599456787,1.0529999732971191
2017-08-07,9.930000305175781,49.38999938964844,93.43000030517578,2.256999969482422,1.0329999923706055
2017-08-08,10.960000038146973,49.16999816894531,93.63999938964844,2.2829999923706055,1.0299999713897705
2017-08-09,11.109999656677246,49.560001373291016,93.5199966430664,2.240999937057495,1.024999976158142
2017-08-10,16.040000915527344,48.59000015258789,93.4000015258789,2.2119998931884766,1.0180000066757202
2017-08-11,15.510000228881836,48.81999969482422,93.06999969482422,2.188999891281128,1.0130000114440918
2017-08-14,12.329999923706055,47.59000015258789,93.45999908447266,2.2190001010894775,1.003000020980835
2017-08-15,12.039999961853027,47.54999923706055,93.8499984741211,2.2660000324249268,1.0080000162124634
2017-08-16,11.739999771118164,46.779998779296875,93.48999786376953,2.2260000705718994,0.9850000143051147
2017-08-17,15.550000190734863,47.09000015258789,93.62000274658203,2.1989998817443848,0.9779999852180481
2017-08-18,14.260000228881836,48.5099983215332,93.43000030517578,2.194000005722046,0.9879999756813049
2017-08-21,13.1899995803833,47.369998931884766,93.0999984741211,2.180000066757202,0.9649999737739563
2017-08-22,11.350000381469727,47.63999938964844,93.55000305175781,2.2149999141693115,0.9950000047683716
2017-08-23,12.25,48.40999984741211,93.1500015258789,2.1710000038146973,0.9800000190734863
2017-08-24,12.229999542236328,47.43000030517578,93.27999877929688,2.194000005722046,0.9980000257492065
2017-08-25,11.279999732971191,47.869998931884766,92.73999786376953,2.1689999103546143,0.9950000047683716
2017-08-28,11.319999694824219,46.56999969482422,92.20999908447266,2.1589999198913574,1.0049999952316284
2017-08-29,11.699999809265137,46.439998626708984,92.3499984741211,2.135999917984009,1.0099999904632568
2017-08-30,11.220000267028809,45.959999084472656,92.87999725341797,2.1429998874664307,0.9980000257492065
2017-08-31,10.59000015258789,47.22999954223633,92.66999816894531,2.121000051498413,0.9779999852180481
2017-09-01,10.130000114440918,47.290000915527344,92.80999755859375,2.1570000648498535,0.9850000143051147
2017-09-04,10.130000114440918,47.290000915527344,92.80999755859375,2.1570000648498535,0.9850000143051147
2017-09-05,12.229999542236328,48.65999984741211,92.30999755859375,2.069999933242798,0.9829999804496765
2017-09-06,11.630000114440918,49.15999984741211,92.29000091552734,2.1080000400543213,1.0379999876022339
2017-09-07,11.550000190734863,49.09000015258789,91.52999877929688,2.061000108718872,1.0230000019073486
2017-09-08,12.119999885559082,47.47999954223633,91.33000183105469,2.061000108718872,1.0199999809265137
2017-09-11,10.729999542236328,48.06999969482422,91.86000061035156,2.125,1.0199999809265137
2017-09-12,10.579999923706055,48.22999954223633,91.91000366210938,2.1710000038146973,1.0180000066757202
2017-09-13,10.5,49.29999923706055,92.5199966430664,2.194999933242798,1.0180000066757202
2017-09-14,10.4399995803833,49.88999938964844,92.12000274658203,2.197000026702881,1.027999997138977
2017-09-15,10.170000076293945,49.88999938964844,91.87000274658203,2.2019999027252197,1.0099999904632568
2017-09-18,10.149999618530273,49.90999984741211,92.05000305175781,2.2290000915527344,1.0
2017-09-19,10.180000305175781,49.47999954223633,91.79000091552734,2.243000030517578,1.0180000066757202
2017-09-20,9.779999732971191,50.40999984741211,92.51000213623047,2.2769999504089355,1.0199999809265137
2017-09-21,9.670000076293945,50.54999923706055,92.26000213623047,2.2780001163482666,1.0080000162124634
2017-09-22,9.59000015258789,50.65999984741211,92.16999816894531,2.26200008392334,1.003000020980835
2017-09-25,10.210000038146973,52.220001220703125,92.6500015258789,2.2200000286102295,0.9980000257492065
2017-09-26,10.170000076293945,51.880001068115234,92.97000122070312,2.2290000915527344,1.0429999828338623
2017-09-27,9.869999885559082,52.13999938964844,93.36000061035156,2.309000015258789,1.0379999876022339
2017-09-28,9.550000190734863,51.560001373291016,93.08999633789062,2.309000015258789,1.0299999713897705
2017-09-29,9.510000228881836,51.66999816894531,93.08000183105469,2.3259999752044678,1.027999997138977
2017-10-02,9.449999809265137,50.58000183105469,93.55999755859375,2.3369998931884766,1.0130000114440918
2017-10-03,9.510000228881836,50.41999816894531,93.56999969482422,2.3340001106262207,1.034999966621399
2017-10-04,9.630000114440918,49.97999954223633,93.45999908447266,2.3299999237060547,1.0429999828338623
2017-10-05,9.1899995803833,50.790000915527344,93.95999908447266,2.3499999046325684,1.0429999828338623
2017-10-06,9.649999618530273,49.290000915527344,93.80000305175781,2.369999885559082,1.0429999828338623
2017-10-09,10.329999923706055,49.58000183105469,93.73999786376953,2.3610000610351562,1.0449999570846558
2017-10-10,10.079999923706055,50.91999816894531,93.29000091552734,2.3450000286102295,1.0549999475479126
2017-10-11,9.850000381469727,51.29999923706055,92.95999908447266,2.3450000286102295,1.0679999589920044
2017-10-12,9.90999984741211,50.599998474121094,93.12000274658203,2.322999954223633,1.0529999732971191
2017-10-13,9.609999656677246,51.45000076293945,93.08999633789062,2.2799999713897705,1.0499999523162842
2017-10-16,9.90999984741211,51.869998931884766,93.27999877929688,2.306999921798706,1.0549999475479126
2017-10-17,10.3100004196167,51.880001068115234,93.48999786376953,2.2980000972747803,1.0729999542236328
2017-10-18,10.069999694824219,52.040000915527344,93.36000061035156,2.3389999866485596,1.0679999589920044
2017-10-19,10.050000190734863,51.290000915527344,93.2699966430664,2.321000099182129,1.065000057220459
2017-10-20,9.970000267028809,51.470001220703125,93.69999694824219,2.38100004196167,1.0750000476837158
2017-10-23,11.069999694824219,51.900001525878906,93.94000244140625,2.375999927520752,1.0700000524520874
2017-10-24,11.15999984741211,52.470001220703125,93.95999908447266,2.4059998989105225,1.0980000495910645
2017-10-25,11.229999542236328,52.18000030517578,93.70999908447266,2.444000005722046,1.0829999446868896
2017-10-26,11.300000190734863,52.63999938964844,94.61000061035156,2.4519999027252197,1.0800000429153442
2017-10-27,9.800000190734863,53.900001525878906,94.91999816894531,2.427999973297119,1.0729999542236328
2017-10-30,10.5,54.150001525878906,94.48999786376953,2.369999885559082,1.0750000476837158
2017-10-31,10.180000305175781,54.380001068115234,94.55000305175781,2.375999927520752,1.1230000257492065
2017-11-01,10.199999809265137,54.29999923706055,94.81999969482422,2.375999927520752,1.1380000114440918
2017-11-02,9.930000305175781,54.540000915527344,94.69000244140625,2.3469998836517334,1.1380000114440918
2017-11-03,9.140000343322754,55.63999938964844,94.94000244140625,2.3429999351501465,1.1480000019073486
2017-11-06,9.399999618530273,57.349998474121094,94.72000122070312,2.319999933242798,1.1579999923706055
2017-11-07,9.890000343322754,57.20000076293945,94.91000366210938,2.306999921798706,1.187999963760376
2017-11-08,9.779999732971191,56.810001373291016,94.87000274658203,2.325000047683716,1.1950000524520874
2017-11-09,10.5,57.16999816894531,94.44000244140625,2.3310000896453857,1.2029999494552612
2017-11-10,11.289999961853027,56.7400016784668,94.38999938964844,2.4000000953674316,1.2000000476837158
2017-11-13,11.5,56.7599983215332,94.48999786376953,2.4000000953674316,1.184999942779541
2017-11-14,11.59000015258789,55.70000076293945,93.83000183105469,2.38100004196167,1.2400000095367432
2017-11-15,13.130000114440918,55.33000183105469,93.80999755859375,2.3350000381469727,1.2300000190734863
2017-11-16,11.760000228881836,55.13999938964844,93.93000030517578,2.3610000610351562,1.2300000190734863
2017-11-17,11.430000305175781,56.54999923706055,93.66000366210938,2.3540000915527344,1.2400000095367432
2017-11-20,10.649999618530273,56.09000015258789,94.08000183105469,2.371999979019165,1.2400000095367432
2017-11-21,9.729999542236328,56.83000183105469,93.94999694824219,2.36299991607666,1.277999997138977
2017-11-22,9.880000114440918,58.02000045776367,93.22000122070312,2.322000026702881,1.2649999856948853
2017-11-23,9.880000114440918,58.02000045776367,93.22000122070312,2.322000026702881,1.2649999856948853
2017-11-24,9.670000076293945,58.95000076293945,92.76000213623047,2.3399999141693115,1.2400000095367432
2017-11-27,9.869999885559082,58.11000061035156,92.9000015258789,2.328000068664551,1.2230000495910645
2017-11-28,10.029999732971191,57.9900016784668,93.26000213623047,2.3380000591278076,1.2649999856948853
2017-11-29,10.699999809265137,57.29999923706055,93.26000213623047,2.375999927520752,1.2580000162124634
2017-11-30,11.279999732971191,57.400001525878906,93.01000213623047,2.4170000553131104,1.2380000352859497
2017-12-01,11.430000305175781,58.36000061035156,92.9000015258789,2.361999988555908,1.2350000143051147
2017-12-04,11.680000305175781,57.470001220703125,93.19000244140625,2.378999948501587,1.2450000047683716
2017-12-05,11.329999923706055,57.619998931884766,93.37999725341797,2.3559999465942383,1.2829999923706055
2017-12-06,11.020000457763672,55.959999084472656,93.61000061035156,2.3299999237060547,1.2630000114440918
2017-12-07,10.15999984741211,56.689998626708984,93.80000305175781,2.375999927520752,1.2599999904632568
2017-12-08,9.579999923706055,57.36000061035156,93.9000015258789,2.382999897003174,1.253000020980835
2017-12-11,9.34000015258789,57.9900016784668,93.87000274658203,2.384999990463257,1.2630000114440918
2017-12-12,9.920000076293945,57.13999938964844,94.0999984741211,2.4030001163482666,1.309999942779541
2017-12-13,10.180000305175781,56.599998474121094,93.43000030517578,2.3489999771118164,1.2730000019073486
2017-12-14,10.489999771118164,57.040000915527344,93.48999786376953,2.3459999561309814,1.2829999923706055
2017-12-15,9.420000076293945,57.29999923706055,93.93000030517578,2.3550000190734863,1.284999966621399
2017-12-18,9.529999732971191,57.15999984741211,93.69999694824219,2.3919999599456787,1.315000057220459
2017-12-19,10.029999732971191,57.459999084472656,93.47000122070312,2.4630000591278076,1.3530000448226929
2017-12-20,9.720000267028809,58.09000015258789,93.3499984741211,2.496999979019165,1.350000023841858
2017-12-21,9.619999885559082,58.36000061035156,93.27999877929688,2.4809999465942383,1.3200000524520874
2017-12-22,9.899999618530273,58.470001220703125,93.3499984741211,2.484999895095825,1.2979999780654907
2017-12-25,9.899999618530273,58.470001220703125,93.3499984741211,2.484999895095825,1.2979999780654907
2017-12-26,10.25,59.970001220703125,93.26000213623047,2.4670000076293945,1.3029999732971191
2017-12-27,10.470000267028809,59.63999938964844,93.02999877929688,2.4140000343322754,1.4079999923706055
2017-12-28,10.180000305175781,59.84000015258789,92.5999984741211,2.431999921798706,1.3700000047683716
2017-12-29,11.039999961853027,60.41999816894531,92.12000274658203,2.4049999713897705,1.3550000190734863
2018-01-01,11.039999961853027,60.41999816894531,92.12000274658203,2.4049999713897705,1.3550000190734863
2018-01-02,9.770000457763672,60.369998931884766,91.8499984741211,2.4649999141693115,1.378000020980835
2018-01-03,9.149999618530273,61.630001068115234,92.16000366210938,2.447000026702881,1.3700000047683716
2018-01-04,9.220000267028809,62.0099983215332,91.8499984741211,2.453000068664551,1.3700000047683716
2018-01-05,9.220000267028809,61.439998626708984,91.94999694824219,2.4760000705718994,1.3700000047683716
2018-01-08,9.520000457763672,61.72999954223633,92.33000183105469,2.4800000190734863,1.3799999952316284
2018-01-09,10.079999923706055,62.959999084472656,92.52999877929688,2.5460000038146973,1.4149999618530273
2018-01-10,9.819999694824219,63.56999969482422,92.33000183105469,2.549999952316284,1.3949999809265137
2018-01-11,9.880000114440918,63.79999923706055,91.8499984741211,2.5309998989105225,1.402999997138977
2018-01-12,10.15999984741211,64.30000305175781,90.97000122070312,2.552000045776367,1.409999966621399
2018-01-15,10.15999984741211,64.30000305175781,90.97000122070312,2.552000045776367,1.409999966621399
2018-01-16,11.65999984741211,63.72999954223633,90.38999938964844,2.5439999103546143,1.3949999809265137
2018-01-17,11.90999984741211,63.970001220703125,90.54000091552734,2.578000068664551,1.4149999618530273
2018-01-18,12.220000267028809,63.95000076293945,90.5,2.6110000610351562,1.4049999713897705
2018-01-19,11.270000457763672,63.369998931884766,90.56999969482422,2.63700008392334,1.402999997138977
2018-01-22,11.029999732971191,63.4900016784668,90.4000015258789,2.6649999618530273,1.3899999856948853
2018-01-23,11.100000381469727,64.47000122070312,90.12000274658203,2.624000072479248,1.4129999876022339
2018-01-24,11.470000267028809,65.61000061035156,89.20999908447266,2.6540000438690186,1.409999966621399
2018-01-25,11.579999923706055,65.51000213623047,89.38999938964844,2.621000051498413,1.3930000066757202
2018-01-26,11.079999923706055,66.13999938964844,89.06999969482422,2.6619999408721924,1.3880000114440918
2018-01-29,13.84000015258789,65.55999755859375,89.30999755859375,2.6989998817443848,1.375
2018-01-30,14.789999961853027,64.5,89.19000244140625,2.7260000705718994,1.4249999523162842
2018-01-31,13.539999961853027,64.7300033569336,89.12999725341797,2.7200000286102295,1.4299999475479126
2018-02-01,13.470000267028809,65.80000305175781,88.66999816894531,2.7730000019073486,1.4529999494552612
2018-02-02,17.309999465942383,65.44999694824219,89.19999694824219,2.8540000915527344,1.4500000476837158
2018-02-05,37.31999969482422,64.1500015258789,89.55000305175781,2.7939999103546143,1.4579999446868896
2018-02-06,29.979999542236328,63.38999938964844,89.58999633789062,2.7679998874664307,1.4880000352859497
2018-02-07,27.729999542236328,61.790000915527344,90.26000213623047,2.8440001010894775,1.5149999856948853
2018-02-08,33.459999084472656,61.150001525878906,90.2300033569336,2.8510000705718994,1.5149999856948853
2018-02-09,29.059999465942383,59.20000076293945,90.44000244140625,2.8289999961853027,1.524999976158142
2018-02-12,25.610000610351562,59.290000915527344,90.20999908447266,2.8570001125335693,1.534999966621399
2018-02-13,24.969999313354492,59.189998626708984,89.69999694824219,2.8399999141693115,1.5700000524520874
2018-02-14,19.260000228881836,60.599998474121094,89.12000274658203,2.9130001068115234,1.5499999523162842
2018-02-15,19.1299991607666,61.34000015258789,88.58999633789062,2.8910000324249268,1.559999942779541
2018-02-16,19.459999084472656,61.68000030517578,89.0999984741211,2.877000093460083,1.5700000524520874
2018-02-19,19.459999084472656,61.68000030517578,89.0999984741211,2.877000093460083,1.5700000524520874
2018-02-20,20.600000381469727,61.900001525878906,89.72000122070312,2.8929998874664307,1.5729999542236328
2018-02-21,20.020000457763672,61.68000030517578,90.08000183105469,2.943000078201294,1.6080000400543213
2018-02-22,18.719999313354492,62.77000045776367,89.75,2.9170000553131104,1.6050000190734863
2018-02-23,16.489999771118164,63.54999923706055,89.87999725341797,2.871000051498413,1.6050000190734863
2018-02-26,15.800000190734863,63.90999984741211,89.81999969482422,2.8589999675750732,1.6080000400543213
2018-02-27,18.59000015258789,63.0099983215332,90.36000061035156,2.9079999923706055,1.6349999904632568
2018-02-28,19.850000381469727,61.63999938964844,90.61000061035156,2.868000030517578,1.6180000305175781
2018-03-01,22.469999313354492,60.9900016784668,90.31999969482422,2.803999900817871,1.590000033378601
2018-03-02,19.59000015258789,61.25,89.94000244140625,2.8570001125335693,1.6050000190734863
2018-03-05,18.729999542236328,62.56999969482422,90.08000183105469,2.88100004196167,1.625
2018-03-06,18.360000610351562,62.599998474121094,89.62000274658203,2.877000093460083,1.6430000066757202
2018-03-07,17.760000228881836,61.150001525878906,89.63999938964844,2.882999897003174,1.649999976158142
2018-03-08,16.540000915527344,60.119998931884766,90.12000274658203,2.865999937057495,1.6349999904632568
2018-03-09,14.640000343322754,62.040000915527344,90.08999633789062,2.8940000534057617,1.6349999904632568
2018-03-12,15.779999732971191,61.36000061035156,89.9000015258789,2.869999885559082,1.6430000066757202
2018-03-13,16.350000381469727,60.709999084472656,89.66000366210938,2.8480000495910645,1.690000057220459
2018-03-14,17.229999542236328,60.959999084472656,89.69999694824219,2.816999912261963,1.718000054359436
2018-03-15,16.59000015258789,61.189998626708984,90.13999938964844,2.8259999752044678,1.7330000400543213
2018-03-16,15.800000190734863,62.34000015258789,90.2300033569336,2.8480000495910645,1.7380000352859497
2018-03-19,19.020000457763672,62.060001373291016,89.9000015258789,2.8450000286102295,1.7280000448226929
2018-03-20,18.200000762939453,63.400001525878906,90.37000274658203,2.878999948501587,1.7580000162124634
2018-03-21,17.860000610351562,65.16999816894531,89.77999877929688,2.9070000648498535,1.7100000381469727
2018-03-22,23.34000015258789,64.30000305175781,89.86000061035156,2.8320000171661377,1.6829999685287476
2018-03-23,24.8700008392334,65.87999725341797,89.44000244140625,2.8299999237060547,1.687999963760376
2018-03-26,21.030000686645508,65.55000305175781,89.02999877929688,2.8429999351501465,1.7050000429153442
2018-03-27,22.5,65.25,89.37000274658203,2.7860000133514404,1.7330000400543213
2018-03-28,22.8700008392334,64.37999725341797,90.05999755859375,2.7750000953674316,1.6950000524520874
2018-03-29,19.969999313354492,64.94000244140625,90.1500015258789,2.740999937057495,1.6699999570846558
2018-03-30,19.969999313354492,64.94000244140625,90.1500015258789,2.740999937057495,1.6699999570846558
2018-04-02,23.6200008392334,63.0099983215332,90.05000305175781,2.7320001125335693,1.6829999685287476
2018-04-03,21.100000381469727,63.5099983215332,90.19999694824219,2.7839999198913574,1.7130000591278076
2018-04-04,20.059999465942383,63.369998931884766,90.13999938964844,2.7880001068115234,1.6679999828338623
2018-04-05,18.940000534057617,63.540000915527344,90.45999908447266,2.8320000171661377,1.6749999523162842
2018-04-06,21.489999771118164,62.060001373291016,90.11000061035156,2.7750000953674316,1.6799999475479126
2018-04-09,21.770000457763672,63.41999816894531,89.83999633789062,2.7860000133514404,1.6749999523162842
2018-04-10,20.469999313354492,65.51000213623047,89.58999633789062,2.796999931335449,1.6950000524520874
2018-04-11,20.239999771118164,66.81999969482422,89.56999969482422,2.7899999618530273,1.6929999589920044
2018-04-12,18.489999771118164,67.06999969482422,89.75,2.8340001106262207,1.7050000429153442
2018-04-13,17.40999984741211,67.38999938964844,89.80000305175781,2.8289999961853027,1.718000054359436
2018-04-16,16.559999465942383,66.22000122070312,89.43000030517578,2.8320000171661377,1.7130000591278076
2018-04-17,15.25,66.5199966430664,89.5199966430664,2.813999891281128,1.7549999952316284
2018-04-18,15.600000381469727,68.47000122070312,89.62000274658203,2.867000102996826,1.7699999809265137
2018-04-19,15.960000038146973,68.29000091552734,89.94000244140625,2.9140000343322754,1.7829999923706055
2018-04-20,16.8799991607666,68.37999725341797,90.31999969482422,2.9509999752044678,1.7649999856948853
2018-04-23,16.34000015258789,68.63999938964844,90.94000244140625,2.9730000495910645,1.7829999923706055
2018-04-24,18.020000457763672,67.69999694824219,90.7699966430664,2.9830000400543213,1.8229999542236328
2018-04-25,17.84000015258789,68.05000305175781,91.16999816894531,3.0239999294281006,1.815000057220459
2018-04-26,16.239999771118164,68.19000244140625,91.55999755859375,2.990000009536743,1.784999966621399
2018-04-27,15.40999984741211,68.0999984741211,91.54000091552734,2.9570000171661377,1.7699999809265137
2018-04-30,15.930000305175781,68.56999969482422,91.83999633789062,2.936000108718872,1.7630000114440918
2018-05-01,15.489999771118164,67.25,92.44999694824219,2.9760000705718994,1.809999942779541
2018-05-02,15.970000267028809,67.93000030517578,92.51000213623047,2.9639999866485596,1.784999966621399
2018-05-03,15.899999618530273,68.43000030517578,92.41000366210938,2.946000099182129,1.7879999876022339
2018-05-04,14.770000457763672,69.72000122070312,92.56999969482422,2.944000005722046,1.7929999828338623
2018-05-07,14.75,70.7300033569336,92.75,2.950000047683716,1.7929999828338623
2018-05-08,14.710000038146973,69.05999755859375,93.12000274658203,2.9690001010894775,1.8350000381469727
2018-05-09,13.420000076293945,71.13999938964844,93.04000091552734,3.003999948501587,1.8450000286102295
2018-05-10,13.229999542236328,71.36000061035156,92.6500015258789,2.9709999561309814,1.8450000286102295
2018-05-11,12.649999618530273,70.69999694824219,92.54000091552734,2.9709999561309814,1.8600000143051147
2018-05-14,12.930000305175781,70.95999908447266,92.58999633789062,2.994999885559082,1.8550000190734863
2018-05-15,14.630000114440918,71.30999755859375,93.22000122070312,3.0799999237060547,1.875
2018-05-16,13.420000076293945,71.48999786376953,93.38999938964844,3.0950000286102295,1.8650000095367432
2018-05-17,13.430000305175781,71.48999786376953,93.47000122070312,3.1089999675750732,1.8630000352859497
2018-05-18,13.420000076293945,71.27999877929688,93.63999938964844,3.066999912261963,1.8550000190734863
2018-05-21,13.079999923706055,72.23999786376953,93.68000030517578,3.065000057220459,1.8630000352859497
2018-05-22,13.220000267028809,72.12999725341797,93.61000061035156,3.065000057220459,1.8930000066757202
2018-05-23,12.579999923706055,71.83999633789062,94.01000213623047,3.003000020980835,1.8730000257492065
2018-05-24,12.529999732971191,70.70999908447266,93.77999877929688,2.9809999465942383,1.8600000143051147
2018-05-25,13.220000267028809,67.87999725341797,94.19000244140625,2.930999994277954,1.8530000448226929
2018-05-28,13.220000267028809,67.87999725341797,94.19000244140625,2.930999994277954,1.8530000448226929
2018-05-29,17.020000457763672,66.7300033569336,94.83000183105469,2.7679998874664307,1.840000033378601
2018-05-30,14.9399995803833,68.20999908447266,94.1500015258789,2.8420000076293945,1.878000020980835
2018-05-31,15.430000305175781,67.04000091552734,93.98999786376953,2.822000026702881,1.8700000047683716
2018-06-01,13.460000038146973,65.80999755859375,94.19000244140625,2.8949999809265137,1.8680000305175781
2018-06-04,12.739999771118164,64.75,94.0199966430664,2.937000036239624,1.8650000095367432
2018-06-05,12.399999618530273,65.5199966430664,93.88999938964844,2.9189999103546143,1.902999997138977
2018-06-06,11.640000343322754,64.7300033569336,93.66000366210938,2.9749999046325684,1.899999976158142
2018-06-07,12.130000114440918,65.94999694824219,93.4000015258789,2.933000087738037,1.8849999904632568
2018-06-08,12.180000305175781,65.73999786376953,93.55000305175781,2.937000036239624,1.8799999952316284
2018-06-11,12.350000381469727,66.0999984741211,93.58000183105469,2.9570000171661377,1.8680000305175781
2018-06-12,12.34000015258789,66.36000061035156,93.80000305175781,2.9570000171661377,1.8880000114440918
2018-06-13,12.9399995803833,66.63999938964844,93.70999908447266,2.9769999980926514,1.8949999809265137
2018-06-14,12.119999885559082,66.88999938964844,94.7699966430664,2.946000099182129,1.8830000162124634
2018-06-15,11.979999542236328,65.05999755859375,94.79000091552734,2.9240000247955322,1.8880000114440918
2018-06-18,12.3100004196167,65.8499984741211,94.75,2.9260001182556152,1.8830000162124634
2018-06-19,13.350000381469727,65.06999969482422,95.08999633789062,2.8929998874664307,1.8980000019073486
2018-06-20,12.789999961853027,66.22000122070312,95.05999755859375,2.927999973297119,1.8880000114440918
2018-06-21,14.640000343322754,65.54000091552734,94.87000274658203,2.8970000743865967,1.8899999856948853
2018-06-22,13.770000457763672,68.58000183105469,94.5199966430664,2.9000000953674316,1.8700000047683716
2018-06-25,17.329999923706055,68.08000183105469,94.27999877929688,2.875,1.8530000448226929
2018-06-26,15.920000076293945,70.52999877929688,94.68000030517578,2.880000114440918,1.8930000066757202
2018-06-27,17.90999984741211,72.76000213623047,95.29000091552734,2.8269999027252197,1.8799999952316284
2018-06-28,16.850000381469727,73.44999694824219,95.38999938964844,2.8469998836517334,1.8799999952316284
2018-06-29,16.09000015258789,74.1500015258789,94.62999725341797,2.8489999771118164,1.8799999952316284
2018-07-02,15.600000381469727,73.94000244140625,94.87000274658203,2.865999937057495,1.8949999809265137
2018-07-03,16.139999389648438,74.13999938964844,94.58999633789062,2.8380000591278076,1.9329999685287476
2018-07-04,16.139999389648438,74.13999938964844,94.58999633789062,2.8380000591278076,1.9329999685287476
2018-07-05,14.970000267028809,72.94000244140625,94.47000122070312,2.8399999141693115,1.909999966621399
2018-07-06,13.369999885559082,73.80000305175781,94.04000091552734,2.8310000896453857,1.9049999713897705
2018-07-09,12.6899995803833,73.8499984741211,94.08000183105469,2.859999895095825,1.9149999618530273
2018-07-10,12.640000343322754,74.11000061035156,94.11000061035156,2.872999906539917,1.934999942779541
2018-07-11,13.630000114440918,70.37999725341797,94.72000122070312,2.8420000076293945,1.9199999570846558
2018-07-12,12.579999923706055,70.33000183105469,94.80999755859375,2.8529999256134033,1.9279999732971191
2018-07-13,12.180000305175781,71.01000213623047,94.75,2.8310000896453857,1.9279999732971191
2018-07-16,12.829999923706055,68.05999755859375,94.51000213623047,2.8580000400543213,1.937999963760376
2018-07-17,12.0600004196167,68.08000183105469,94.97000122070312,2.864000082015991,1.975000023841858
2018-07-18,12.100000381469727,68.76000213623047,95.08000183105469,2.875,1.9600000381469727
2018-07-19,12.869999885559082,69.45999908447266,95.16999816894531,2.8469998836517334,1.9479999542236328
2018-07-20,12.859999656677246,70.45999908447266,94.45999908447266,2.8949999809265137,1.9329999685287476
2018-07-23,12.619999885559082,67.88999938964844,94.66999816894531,2.9649999141693115,1.9199999570846558
2018-07-24,12.40999984741211,68.5199966430664,94.61000061035156,2.9489998817443848,1.9600000381469727
2018-07-25,12.289999961853027,69.30000305175781,94.36000061035156,2.936000108718872,1.9529999494552612
2018-07-26,12.140000343322754,69.61000061035156,94.75,2.9749999046325684,1.9450000524520874
2018-07-27,13.029999732971191,68.69000244140625,94.68000030517578,2.9600000381469727,1.9450000524520874
2018-07-30,14.260000228881836,70.12999725341797,94.36000061035156,2.9749999046325684,1.9450000524520874
2018-07-31,12.829999923706055,68.76000213623047,94.48999786376953,2.9639999866485596,1.9850000143051147
2018-08-01,13.149999618530273,67.66000366210938,94.62000274658203,3.003000020980835,1.9780000448226929
2018-08-02,12.1899995803833,68.95999908447266,95.16999816894531,2.9860000610351562,1.965000033378601
2018-08-03,11.640000343322754,68.48999786376953,95.13999938964844,2.953000068664551,1.9600000381469727
2018-08-06,11.270000457763672,69.01000213623047,95.36000061035156,2.937999963760376,1.968000054359436
2018-08-07,10.930000305175781,69.16999816894531,95.22000122070312,2.9730000495910645,2.007999897003174
2018-08-08,10.850000381469727,66.94000244140625,95.0999984741211,2.9709999561309814,2.007999897003174
2018-08-09,11.270000457763672,66.80999755859375,95.5,2.934999942779541,2.005000114440918
2018-08-10,13.15999984741211,67.62999725341797,96.36000061035156,2.8570001125335693,2.0
2018-08-13,14.779999732971191,67.19999694824219,96.38999938964844,2.877000093460083,1.9950000047683716
2018-08-14,13.3100004196167,67.04000091552734,96.7300033569336,2.8949999809265137,2.0329999923706055
2018-08-15,14.640000343322754,65.01000213623047,96.69999694824219,2.8519999980926514,2.0199999809265137
2018-08-16,13.449999809265137,65.45999908447266,96.6500015258789,2.871000051498413,2.015000104904175
2018-08-17,12.640000343322754,65.91000366210938,96.0999984741211,2.872999906539917,1.9950000047683716
2018-08-20,12.489999771118164,66.43000030517578,95.9000015258789,2.822999954223633,1.9930000305175781
2018-08-21,12.859999656677246,67.3499984741211,95.26000213623047,2.8440001010894775,2.0350000858306885
2018-08-22,12.25,67.86000061035156,95.1500015258789,2.822999954223633,2.0350000858306885
2018-08-23,12.40999984741211,67.83000183105469,95.62000274658203,2.821000099182129,2.0329999923706055
2018-08-24,11.989999771118164,68.72000122070312,95.1500015258789,2.8259999752044678,2.0480000972747803
2018-08-27,12.15999984741211,68.87000274658203,94.77999877929688,2.8480000495910645,2.059999942779541
2018-08-28,12.5,68.52999877929688,94.72000122070312,2.884000062942505,2.078000068664551
2018-08-29,12.25,69.51000213623047,94.5999984741211,2.884000062942505,2.0799999237060547
2018-08-30,13.529999732971191,70.25,94.72000122070312,2.859999895095825,2.058000087738037
2018-08-31,12.859999656677246,69.80000305175781,95.13999938964844,2.8529999256134033,2.055000066757202
2018-09-03,12.859999656677246,69.80000305175781,95.13999938964844,2.8529999256134033,2.055000066757202
2018-09-04,13.15999984741211,69.87000274658203,95.41999816894531,2.9019999504089355,2.068000078201294
2018-09-05,13.90999984741211,68.72000122070312,95.12999725341797,2.9019999504089355,2.0899999141693115
2018-09-06,14.649999618530273,67.7699966430664,95.0199966430664,2.878999948501587,2.0799999237060547
2018-09-07,14.880000114440918,67.75,95.37000274658203,2.941999912261963,2.0880000591278076
2018-09-10,14.15999984741211,67.54000091552734,95.1500015258789,2.937000036239624,2.0829999446868896
2018-09-11,13.220000267028809,69.25,95.05999755859375,2.9769999980926514,2.1080000400543213
2018-09-12,13.140000343322754,70.37000274658203,94.80000305175781,2.9630000591278076,2.1050000190734863
2018-09-13,12.369999885559082,68.58999633789062,94.54000091552734,2.9630000591278076,2.0929999351501465
2018-09-14,12.069999694824219,68.98999786376953,94.9800033569336,2.99399995803833,2.1029999256134033
2018-09-17,13.680000305175781,68.91000366210938,94.51000213623047,3.000999927520752,2.1080000400543213
2018-09-18,12.789999961853027,69.8499984741211,94.62000274658203,3.0480000972747803,2.125
2018-09-19,11.75,71.12000274658203,94.55000305175781,3.0829999446868896,2.119999885559082
2018-09-20,11.800000190734863,70.80000305175781,93.91000366210938,3.078000068664551,2.118000030517578
2018-09-21,11.680000305175781,70.77999877929688,94.22000122070312,3.068000078201294,2.122999906539917
2018-09-24,12.199999809265137,72.08000183105469,94.26000213623047,3.078000068664551,2.122999906539917
2018-09-25,12.420000076293945,72.27999877929688,94.12999725341797,3.1019999980926514,2.1679999828338623
2018-09-26,12.890000343322754,71.56999969482422,94.19000244140625,3.061000108718872,2.1600000858306885
2018-09-27,12.40999984741211,72.12000274658203,95.0,3.055999994277954,2.140000104904175
2018-09-28,12.119999885559082,73.25,95.19000244140625,3.055999994277954,2.1500000953674316
2018-10-01,12.0,75.30000305175781,95.30000305175781,3.0799999237060547,2.1549999713897705
2018-10-02,12.050000190734863,75.2300033569336,95.51000213623047,3.055999994277954,2.174999952316284
2018-10-03,11.609999656677246,76.41000366210938,95.76000213623047,3.1610000133514404,2.1700000762939453
2018-10-04,14.220000267028809,74.33000183105469,95.75,3.197000026702881,2.1700000762939453
2018-10-05,14.819999694824219,74.33999633789062,95.62000274658203,3.2249999046325684,2.1649999618530273
2018-10-08,15.6899995803833,74.29000091552734,95.7699966430664,3.2330000400543213,2.1649999618530273
2018-10-09,15.949999809265137,74.95999908447266,95.68000030517578,3.2079999446868896,2.184999942779541
2018-10-10,22.959999084472656,73.16999816894531,95.51000213623047,3.2249999046325684,2.2200000286102295
2018-10-11,24.979999542236328,70.97000122070312,95.0199966430664,3.132999897003174,2.2149999141693115
2018-10-12,21.309999465942383,71.33999633789062,95.22000122070312,3.1410000324249268,2.2179999351501465
2018-10-15,21.299999237060547,71.77999877929688,95.06999969482422,3.1630001068115234,2.2300000190734863
2018-10-16,17.6200008392334,71.91999816894531,95.05000305175781,3.1559998989105225,2.259999990463257
2018-10-17,17.399999618530273,69.75,95.58000183105469,3.178999900817871,2.259999990463257
2018-10-18,20.059999465942383,68.6500015258789,95.9000015258789,3.174999952316284,2.255000114440918
2018-10-19,19.889999389648438,69.12000274658203,95.70999908447266,3.197999954223633,2.259999990463257
2018-10-22,19.639999389648438,69.16999816894531,96.01000213623047,3.196000099182129,2.257999897003174
2018-10-23,20.709999084472656,66.43000030517578,95.95999908447266,3.1659998893737793,2.2899999618530273
2018-10-24,25.229999542236328,66.81999969482422,96.43000030517578,3.124000072479248,2.2850000858306885
2018-10-25,24.219999313354492,67.33000183105469,96.68000030517578,3.135999917984009,2.2799999713897705
2018-10-26,24.15999984741211,67.58999633789062,96.36000061035156,3.0769999027252197,2.2730000019073486
2018-10-29,24.700000762939453,67.04000091552734,96.58000183105469,3.0869998931884766,2.259999990463257
2018-10-30,23.350000381469727,66.18000030517578,97.01000213623047,3.109999895095825,2.2829999923706055
2018-10-31,21.229999542236328,65.30999755859375,97.12999725341797,3.1589999198913574,2.2780001163482666
2018-11-01,19.34000015258789,63.689998626708984,96.27999877929688,3.1440000534057617,2.2699999809265137
2018-11-02,19.510000228881836,63.13999938964844,96.54000091552734,3.2139999866485596,2.2730000019073486
2018-11-05,19.959999084472656,63.099998474121094,96.3499984741211,3.2009999752044678,2.2679998874664307
2018-11-06,19.90999984741211,62.209999084472656,96.31999969482422,3.2139999866485596,2.309999942779541
2018-11-07,16.360000610351562,61.66999816894531,96.0,3.2130000591278076,2.309999942779541
2018-11-08,16.719999313354492,60.66999816894531,96.63999938964844,3.2339999675750732,2.302999973297119
2018-11-09,17.360000610351562,60.189998626708984,96.91000366210938,3.188999891281128,2.299999952316284
2018-11-12,20.450000762939453,59.93000030517578,97.54000091552734,3.186000108718872,2.299999952316284
2018-11-13,20.020000457763672,55.689998626708984,97.30000305175781,3.1449999809265137,2.2950000762939453
2018-11-14,21.25,56.25,96.80000305175781,3.119999885559082,2.325000047683716
2018-11-15,19.979999542236328,56.459999084472656,96.93000030517578,3.118000030517578,2.309999942779541
2018-11-16,18.139999389648438,56.459999084472656,96.47000122070312,3.0739998817443848,2.299999952316284
2018-11-19,20.100000381469727,56.7599983215332,96.19000244140625,3.056999921798706,2.299999952316284
2018-11-20,22.479999542236328,53.43000030517578,96.80999755859375,3.0480000972747803,2.3350000381469727
2018-11-21,20.799999237060547,54.630001068115234,96.70999908447266,3.061000108718872,2.3499999046325684
2018-11-22,20.799999237060547,54.630001068115234,96.70999908447266,3.061000108718872,2.3499999046325684
2018-11-23,21.520000457763672,50.41999816894531,96.91999816894531,3.053999900817871,2.3480000495910645
2018-11-26,18.899999618530273,51.630001068115234,97.06999969482422,3.072000026702881,2.3429999351501465
2018-11-27,19.020000457763672,51.560001373291016,97.37000274658203,3.055000066757202,2.3529999256134033
2018-11-28,18.489999771118164,50.290000915527344,96.79000091552734,3.0439999103546143,2.3350000381469727
2018-11-29,18.790000915527344,51.45000076293945,96.77999877929688,3.0350000858306885,2.309999942779541
2018-11-30,18.06999969482422,50.93000030517578,97.2699966430664,3.013000011444092,2.308000087738037
2018-12-03,16.440000534057617,52.95000076293945,97.04000091552734,2.992000102996826,2.2880001068115234
2018-12-04,20.739999771118164,53.25,96.97000122070312,2.9240000247955322,2.365000009536743
2018-12-05,20.739999771118164,53.25,96.97000122070312,2.9240000247955322,2.365000009536743
2018-12-06,21.190000534057617,51.4900016784668,96.80999755859375,2.875999927520752,2.3529999256134033
2018-12-07,23.229999542236328,52.61000061035156,96.51000213623047,2.8499999046325684,2.3399999141693115
2018-12-10,22.639999389648438,51.0,97.22000122070312,2.8559999465942383,2.3299999237060547
2018-12-11,21.760000228881836,51.650001525878906,97.38999938964844,2.878999948501587,2.369999885559082
2018-12-12,21.459999084472656,51.150001525878906,97.04000091552734,2.9059998989105225,2.375
2018-12-13,20.649999618530273,52.58000183105469,97.05999755859375,2.9110000133514404,2.36299991607666
2018-12-14,21.6299991607666,51.20000076293945,97.44000244140625,2.8910000324249268,2.368000030517578
2018-12-17,24.520000457763672,49.880001068115234,97.0999984741211,2.8570001125335693,2.3399999141693115
2018-12-18,25.579999923706055,46.2400016784668,97.13999938964844,2.825000047683716,2.328000068664551
2018-12-19,25.579999923706055,47.20000076293945,97.04000091552734,2.7780001163482666,2.3380000591278076
2018-12-20,28.3799991607666,45.880001068115234,96.27999877929688,2.7890000343322754,2.3350000381469727
2018-12-21,30.110000610351562,45.59000015258789,96.95999908447266,2.7920000553131104,2.3299999237060547
2018-12-24,36.06999969482422,42.529998779296875,96.55000305175781,2.749000072479248,2.3329999446868896
2018-12-25,36.06999969482422,42.529998779296875,96.55000305175781,2.749000072479248,2.3329999446868896
2018-12-26,30.40999984741211,46.220001220703125,97.05000305175781,2.796999931335449,2.380000114440918
2018-12-27,29.959999084472656,44.61000061035156,96.4800033569336,2.743000030517578,2.3480000495910645
2018-12-28,28.34000015258789,45.33000183105469,96.38999938964844,2.7360000610351562,2.328000068664551
2018-12-31,25.420000076293945,45.40999984741211,96.16999816894531,2.686000108718872,2.299999952316284
2019-01-01,25.420000076293945,45.40999984741211,96.16999816894531,2.686000108718872,2.299999952316284
2019-01-02,23.219999313354492,46.540000915527344,96.81999969482422,2.6610000133514404,2.365000009536743
2019-01-03,25.450000762939453,47.09000015258789,96.30999755859375,2.553999900817871,2.3550000190734863
2019-01-04,21.3799991607666,47.959999084472656,96.19000244140625,2.6589999198913574,2.3580000400543213
2019-01-07,21.399999618530273,48.52000045776367,95.70999908447266,2.681999921798706,2.3529999256134033
2019-01-08,20.469999313354492,49.779998779296875,95.9000015258789,2.7160000801086426,2.4000000953674316
2019-01-09,19.979999542236328,52.36000061035156,95.22000122070312,2.7279999256134033,2.390000104904175
2019-01-10,19.5,52.59000015258789,95.54000091552734,2.7309999465942383,2.375
2019-01-11,18.190000534057617,51.59000015258789,95.66999816894531,2.7009999752044678,2.369999885559082
2019-01-14,19.06999969482422,50.5099983215332,95.58999633789062,2.7100000381469727,2.359999895095825
2019-01-15,18.600000381469727,52.11000061035156,95.97000122070312,2.7109999656677246,2.382999897003174
2019-01-16,19.040000915527344,52.310001373291016,96.05999755859375,2.7309999465942383,2.36299991607666
2019-01-17,18.059999465942383,52.06999969482422,96.06999969482422,2.749000072479248,2.3550000190734863
2019-01-18,17.799999237060547,53.79999923706055,96.33999633789062,2.7839999198913574,2.3480000495910645
2019-01-21,17.799999237060547,53.79999923706055,96.33999633789062,2.7839999198913574,2.3480000495910645
2019-01-22,20.799999237060547,52.56999969482422,96.30000305175781,2.7300000190734863,2.3450000286102295
2019-01-23,19.520000457763672,52.619998931884766,96.12000274658203,2.755000114440918,2.3529999256134033
2019-01-24,18.889999389648438,53.130001068115234,96.5999984741211,2.7119998931884766,2.305000066757202
2019-01-25,17.420000076293945,53.689998626708984,95.79000091552734,2.753000020980835,2.328000068664551
2019-01-28,18.8700008392334,51.9900016784668,95.75,2.74399995803833,2.3329999446868896
2019-01-29,19.1299991607666,53.310001373291016,95.81999969482422,2.7119998931884766,2.365000009536743
2019-01-30,17.65999984741211,54.22999954223633,95.33999633789062,2.694999933242798,2.365000009536743
2019-01-31,16.56999969482422,53.790000915527344,95.58000183105469,2.634999990463257,2.3399999141693115
2019-02-01,16.139999389648438,55.2599983215332,95.58000183105469,2.690999984741211,2.3399999141693115
2019-02-04,15.729999542236328,54.560001373291016,95.8499984741211,2.7239999771118164,2.3350000381469727
2019-02-05,15.569999694824219,53.65999984741211,96.0999984741211,2.7019999027252197,2.365000009536743
2019-02-06,15.380000114440918,54.0099983215332,96.41999816894531,2.7019999027252197,2.365000009536743
2019-02-07,16.3700008392334,52.63999938964844,96.51000213623047,2.6519999504089355,2.3550000190734863
2019-02-08,15.720000267028809,52.720001220703125,96.63999938964844,2.631999969482422,2.365000009536743
2019-02-11,15.970000267028809,52.40999984741211,97.05999755859375,2.6610000133514404,2.375
2019-02-12,15.430000305175781,53.099998474121094,96.70999908447266,2.684000015258789,2.378000020980835
2019-02-13,15.649999618530273,53.900001525878906,97.12999725341797,2.7079999446868896,2.372999906539917
2019-02-14,16.219999313354492,54.40999984741211,96.9800033569336,2.6570000648498535,2.372999906539917
2019-02-15,14.90999984741211,55.59000015258789,96.91999816894531,2.6659998893737793,2.369999885559082
2019-02-18,14.90999984741211,55.59000015258789,96.91999816894531,2.6659998893737793,2.369999885559082
2019-02-19,14.880000114440918,56.09000015258789,96.5199966430664,2.6470000743865967,2.372999906539917
2019-02-20,14.020000457763672,56.91999816894531,96.44999694824219,2.6540000438690186,2.382999897003174
2019-02-21,14.460000038146973,56.959999084472656,96.61000061035156,2.687999963760376,2.3949999809265137
2019-02-22,13.510000228881836,57.2599983215332,96.51000213623047,2.6549999713897705,2.3929998874664307
2019-02-25,14.850000381469727,55.47999954223633,96.41000366210938,2.6730000972747803,2.3929998874664307
2019-02-26,15.170000076293945,55.5,96.0,2.635999917984009,2.4000000953674316
2019-02-27,14.699999809265137,56.939998626708984,96.1500015258789,2.693000078201294,2.3929998874664307
2019-02-28,14.779999732971191,57.220001220703125,96.16000366210938,2.7109999656677246,2.382999897003174
2019-03-01,13.569999694824219,55.79999923706055,96.52999877929688,2.755000114440918,2.378000020980835
2019-03-04,14.630000114440918,56.59000015258789,96.68000030517578,2.7219998836517334,2.375
2019-03-05,14.739999771118164,56.560001373291016,96.8499984741211,2.7219998836517334,2.4000000953674316
2019-03-06,15.739999771118164,56.220001220703125,96.87000274658203,2.691999912261963,2.4049999713897705
2019-03-07,16.59000015258789,56.65999984741211,97.66999816894531,2.635999917984009,2.3949999809265137
2019-03-08,16.049999237060547,56.06999969482422,97.37000274658203,2.625,2.3929998874664307
2019-03-11,14.329999923706055,56.790000915527344,97.22000122070312,2.6429998874664307,2.380000114440918
2019-03-12,13.770000457763672,56.869998931884766,96.94000244140625,2.6050000190734863,2.3949999809265137
2019-03-13,13.40999984741211,58.2599983215332,96.55000305175781,2.6110000610351562,2.388000011444092
2019-03-14,13.5,58.61000061035156,96.79000091552734,2.630000114440918,2.388000011444092
2019-03-15,12.880000114440918,58.52000045776367,96.5999984741211,2.5929999351501465,2.388000011444092
2019-03-18,13.100000381469727,59.09000015258789,96.5199966430664,2.6019999980926514,2.384999990463257
2019-03-19,13.5600004196167,59.029998779296875,96.37999725341797,2.614000082015991,2.4049999713897705
2019-03-20,13.90999984741211,59.83000183105469,95.76000213623047,2.5350000858306885,2.4079999923706055
2019-03-21,13.630000114440918,59.97999954223633,96.5,2.5369999408721924,2.4079999923706055
2019-03-22,16.479999542236328,59.040000915527344,96.6500015258789,2.4549999237060547,2.3980000019073486
2019-03-25,16.329999923706055,58.81999969482422,96.56999969482422,2.4200000762939453,2.390000104904175
2019-03-26,14.680000305175781,59.939998626708984,96.73999786376953,2.4140000343322754,2.4049999713897705
2019-03-27,15.149999618530273,59.40999984741211,96.7699966430664,2.374000072479248,2.378000020980835
2019-03-28,14.430000305175781,59.29999923706055,97.19999694824219,2.3889999389648438,2.369999885559082
2019-03-29,13.710000038146973,60.13999938964844,97.27999877929688,2.4140000343322754,2.328000068664551
2019-04-01,13.399999618530273,61.59000015258789,97.25,2.496999979019165,2.322999954223633
2019-04-02,13.359999656677246,62.58000183105469,97.36000061035156,2.4809999465942383,2.369999885559082
2019-04-03,13.739999771118164,62.459999084472656,97.08999633789062,2.5169999599456787,2.372999906539917
2019-04-04,13.579999923706055,62.099998474121094,97.30999755859375,2.51200008392334,2.369999885559082
2019-04-05,12.819999694824219,63.08000183105469,97.4000015258789,2.500999927520752,2.369999885559082
2019-04-08,13.180000305175781,64.4000015258789,97.05000305175781,2.5190000534057617,2.365000009536743
2019-04-09,14.279999732971191,63.97999954223633,97.01000213623047,2.499000072479248,2.365000009536743
2019-04-10,13.300000190734863,64.61000061035156,96.94999694824219,2.4769999980926514,2.36299991607666
2019-04-11,13.020000457763672,63.58000183105469,97.18000030517578,2.503999948501587,2.365000009536743
2019-04-12,12.010000228881836,63.88999938964844,96.97000122070312,2.559999942779541,2.375
2019-04-15,12.319999694824219,63.400001525878906,96.94000244140625,2.552999973297119,2.359999895095825
2019-04-16,12.180000305175781,64.05000305175781,97.04000091552734,2.5920000076293945,2.378000020980835
2019-04-17,12.600000381469727,63.7599983215332,97.01000213623047,2.5920000076293945,2.380000114440918
2019-04-18,12.09000015258789,64.0,97.47000122070312,2.559999942779541,2.365000009536743
2019-04-19,12.09000015258789,64.0,97.47000122070312,2.559999942779541,2.365000009536743
2019-04-22,12.420000076293945,65.69999694824219,97.27999877929688,2.5899999141693115,2.375
2019-04-23,12.279999732971191,66.30000305175781,97.56999969482422,2.569999933242798,2.390000104904175
2019-04-24,13.140000343322754,65.88999938964844,98.0999984741211,2.5220000743865967,2.375
2019-04-25,13.25,65.20999908447266,98.19999694824219,2.5339999198913574,2.365000009536743
2019-04-26,12.729999542236328,63.29999923706055,98.01000213623047,2.505000114440918,2.359999895095825
2019-04-29,13.109999656677246,63.5,97.86000061035156,2.5360000133514404,2.359999895095825
2019-04-30,13.119999885559082,63.90999984741211,97.4800033569336,2.509000062942505,2.368000030517578
2019-05-01,14.800000190734863,63.599998474121094,97.69000244140625,2.510999917984009,2.36299991607666
2019-05-02,14.420000076293945,61.810001373291016,97.83000183105469,2.552000045776367,2.372999906539917
2019-05-03,12.869999885559082,61.939998626708984,97.5199966430664,2.5309998989105225,2.368000030517578
2019-05-06,15.4399995803833,62.25,97.5199966430664,2.5,2.36299991607666
2019-05-07,19.31999969482422,61.400001525878906,97.62999725341797,2.447999954223633,2.368000030517578
2019-05-08,19.399999618530273,62.119998931884766,97.62000274658203,2.4820001125335693,2.369999885559082
2019-05-09,19.100000381469727,61.70000076293945,97.37000274658203,2.4570000171661377,2.369999885559082
2019-05-10,16.040000915527344,61.65999984741211,97.33000183105469,2.4549999237060547,2.369999885559082
2019-05-13,20.549999237060547,61.040000915527344,97.31999969482422,2.4049999713897705,2.3499999046325684
2019-05-14,18.059999465942383,61.779998779296875,97.52999877929688,2.4189999103546143,2.3529999256134033
2019-05-15,16.440000534057617,62.02000045776367,97.56999969482422,2.378999948501587,2.3499999046325684
2019-05-16,15.289999961853027,62.869998931884766,97.83999633789062,2.4049999713897705,2.3380000591278076
2019-05-17,15.960000038146973,62.7599983215332,98.0,2.3929998874664307,2.3299999237060547
2019-05-20,16.309999465942383,63.099998474121094,97.93000030517578,2.4159998893737793,2.319999933242798
2019-05-21,14.949999809265137,62.9900016784668,98.05999755859375,2.4260001182556152,2.3299999237060547
2019-05-22,14.75,61.41999816894531,98.11000061035156,2.3929998874664307,2.319999933242798
2019-05-23,16.920000076293945,57.90999984741211,97.8499984741211,2.2960000038146973,2.302999973297119
2019-05-24,15.850000381469727,58.630001068115234,97.61000061035156,2.3239998817443848,2.2880001068115234
2019-05-27,15.850000381469727,58.630001068115234,97.61000061035156,2.3239998817443848,2.2880001068115234
2019-05-28,17.5,59.13999938964844,97.95999908447266,2.2679998874664307,2.2980000972747803
2019-05-29,17.899999618530273,58.810001373291016,98.13999938964844,2.2360000610351562,2.2980000972747803
2019-05-30,17.299999237060547,56.59000015258789,98.13999938964844,2.2269999980926514,2.309999942779541
2019-05-31,18.709999084472656,53.5,97.75,2.1419999599456787,2.2929999828338623
2019-06-03,18.860000610351562,53.25,97.13999938964844,2.0810000896453857,2.2799999713897705
2019-06-04,16.969999313354492,53.47999954223633,97.06999969482422,2.11899995803833,2.2950000762939453
2019-06-05,16.09000015258789,51.68000030517578,97.37000274658203,2.122999906539917,2.2850000858306885
2019-06-06,15.930000305175781,52.59000015258789,97.02999877929688,2.124000072479248,2.255000114440918
2019-06-07,16.299999237060547,53.9900016784668,96.61000061035156,2.0840001106262207,2.2149999141693115
2019-06-10,15.9399995803833,53.2599983215332,96.76000213623047,2.1429998874664307,2.2200000286102295
2019-06-11,15.989999771118164,53.27000045776367,96.69000244140625,2.140000104904175,2.2130000591278076
2019-06-12,15.90999984741211,51.13999938964844,97.0,2.127000093460083,2.1649999618530273
2019-06-13,15.819999694824219,52.279998779296875,97.01000213623047,2.0910000801086426,2.140000104904175
2019-06-14,15.279999732971191,52.5099983215332,97.56999969482422,2.0929999351501465,2.125
2019-06-17,15.350000381469727,51.93000030517578,97.55999755859375,2.0859999656677246,2.138000011444092
2019-06-18,15.149999618530273,53.900001525878906,97.63999938964844,2.059999942779541,2.1679999828338623
2019-06-19,14.329999923706055,53.7599983215332,97.12000274658203,2.0290000438690186,2.125
2019-06-20,14.75,56.650001525878906,96.62999725341797,2.000999927520752,2.078000068664551
2019-06-21,15.399999618530273,57.43000030517578,96.22000122070312,2.068000078201294,2.055000066757202
2019-06-24,15.260000228881836,57.900001525878906,95.9800033569336,2.0209999084472656,2.058000087738037
2019-06-25,16.280000686645508,57.83000183105469,96.16000366210938,1.99399995803833,2.0829999446868896
2019-06-26,16.209999084472656,59.380001068115234,96.20999908447266,2.0490000247955322,2.0929999351501465
2019-06-27,15.819999694824219,59.43000030517578,96.19000244140625,2.005000114440918,2.0850000381469727
2019-06-28,15.079999923706055,58.470001220703125,96.12999725341797,2.0,2.0350000858306885
2019-07-01,14.0600004196167,59.09000015258789,96.83999633789062,2.0339999198913574,2.065000057220459
2019-07-02,12.930000305175781,56.25,96.7300033569336,1.9759999513626099,2.1480000019073486
2019-07-03,12.569999694824219,57.34000015258789,96.7699966430664,1.9529999494552612,2.1500000953674316
2019-07-04,12.569999694824219,57.34000015258789,96.7699966430664,1.9529999494552612,2.1500000953674316
2019-07-05,13.279999732971191,57.5099983215332,97.25,2.0480000972747803,2.1630001068115234
2019-07-08,13.960000038146973,57.65999984741211,97.37999725341797,2.0339999198913574,2.177999973297119
2019-07-09,14.09000015258789,57.83000183105469,97.48999786376953,2.053999900817871,2.194999933242798
2019-07-10,13.029999732971191,60.43000030517578,97.0999984741211,2.061000108718872,2.130000114440918
2019-07-11,12.930000305175781,60.20000076293945,97.05000305175781,2.119999885559082,2.0980000495910645
2019-07-12,12.390000343322754,60.209999084472656,96.80999755859375,2.1059999465942383,2.0899999141693115
2019-07-15,12.680000305175781,59.58000183105469,96.93000030517578,2.0920000076293945,2.0850000381469727
2019-07-16,12.859999656677246,57.619998931884766,97.4000015258789,2.121999979019165,2.1029999256134033
2019-07-17,13.970000267028809,56.779998779296875,97.22000122070312,2.061000108718872,2.072999954223633
2019-07-18,13.529999732971191,55.29999923706055,96.79000091552734,2.0380001068115234,2.013000011444092
2019-07-19,14.449999809265137,55.630001068115234,97.1500015258789,2.0480000972747803,2.013000011444092
2019-07-22,13.529999732971191,56.220001220703125,97.26000213623047,2.0429999828338623,2.0250000953674316
2019-07-23,12.609999656677246,56.77000045776367,97.70999908447266,2.0739998817443848,2.0329999923706055
2019-07-24,12.069999694824219,55.880001068115234,97.7300033569336,2.049999952316284,2.0399999618530273
2019-07-25,12.739999771118164,56.02000045776367,97.81999969482422,2.0739998817443848,2.059999942779541
2019-07-26,12.15999984741211,56.20000076293945,98.01000213623047,2.0810000896453857,2.062999963760376
2019-07-29,12.829999923706055,56.869998931884766,98.04000091552734,2.055000066757202,2.049999952316284
2019-07-30,13.9399995803833,58.04999923706055,98.05000305175781,2.061000108718872,2.0399999618530273
2019-07-31,16.1200008392334,58.58000183105469,98.5199966430664,2.0209999084472656,2.0299999713897705
2019-08-01,17.8700008392334,53.95000076293945,98.38999938964844,1.8940000534057617,2.0299999713897705
2019-08-02,17.610000610351562,55.65999984741211,98.0999984741211,1.8550000190734863,2.0
2019-08-05,24.59000015258789,54.689998626708984,97.5,1.7350000143051147,1.9529999494552612
2019-08-06,20.170000076293945,53.630001068115234,97.62999725341797,1.7389999628067017,1.9950000047683716
2019-08-07,19.489999771118164,51.09000015258789,97.54000091552734,1.684000015258789,1.968000054359436
2019-08-08,16.90999984741211,52.540000915527344,97.62000274658203,1.715999960899353,1.9700000286102295
2019-08-09,17.969999313354492,54.5,97.48999786376953,1.7339999675750732,1.9500000476837158
2019-08-12,21.09000015258789,54.93000030517578,97.37999725341797,1.6390000581741333,1.9279999732971191
2019-08-13,17.520000457763672,57.099998474121094,97.80999755859375,1.6799999475479126,1.9550000429153442
2019-08-14,22.100000381469727,55.22999954223633,97.98999786376953,1.5809999704360962,1.9079999923706055
2019-08-15,21.18000030517578,54.470001220703125,98.13999938964844,1.5290000438690186,1.843000054359436
2019-08-16,18.469999313354492,54.869998931884766,98.13999938964844,1.5390000343322754,1.8229999542236328
2019-08-19,16.8799991607666,56.209999084472656,98.3499984741211,1.5980000495910645,1.8530000448226929
2019-08-20,17.5,56.34000015258789,98.19000244140625,1.5609999895095825,1.899999976158142
2019-08-21,15.800000190734863,55.68000030517578,98.30000305175781,1.5770000219345093,1.9279999732971191
2019-08-22,16.68000030517578,55.349998474121094,98.16999816894531,1.6100000143051147,1.937999963760376
2019-08-23,19.8700008392334,54.16999816894531,97.63999938964844,1.527999997138977,1.909999966621399
2019-08-26,19.31999969482422,53.63999938964844,98.08000183105469,1.5449999570846558,1.9329999685287476
2019-08-27,20.309999465942383,54.93000030517578,98.0,1.4900000095367432,1.9429999589920044
2019-08-28,19.350000381469727,55.779998779296875,98.20999908447266,1.465999960899353,1.940000057220459
2019-08-29,17.8799991607666,56.709999084472656,98.51000213623047,1.5160000324249268,1.940000057220459
2019-08-30,18.979999542236328,55.099998474121094,98.91999816894531,1.50600004196167,1.9329999685287476
2019-09-02,18.979999542236328,55.099998474121094,98.91999816894531,1.50600004196167,1.9329999685287476
2019-09-03,19.65999984741211,53.939998626708984,98.94999694824219,1.465999960899353,1.909999966621399
2019-09-04,17.329999923706055,56.2599983215332,98.44999694824219,1.4589999914169312,1.9049999713897705
2019-09-05,16.270000457763672,56.29999923706055,98.41000366210938,1.565000057220459,1.9199999570846558
2019-09-06,15.0,56.52000045776367,98.38999938964844,1.5499999523162842,1.909999966621399
2019-09-09,15.270000457763672,57.849998474121094,98.27999877929688,1.621999979019165,1.9079999923706055
2019-09-10,15.199999809265137,57.400001525878906,98.33000183105469,1.7020000219345093,1.9129999876022339
2019-09-11,14.609999656677246,55.75,98.6500015258789,1.7330000400543213,1.9129999876022339
2019-09-12,14.220000267028809,55.09000015258789,98.30999755859375,1.7910000085830688,1.8949999809265137
2019-09-13,13.739999771118164,54.849998474121094,98.26000213623047,1.902999997138977,1.899999976158142
2019-09-16,14.670000076293945,62.900001525878906,98.6500015258789,1.840999960899353,1.9450000524520874
2019-09-17,14.4399995803833,59.34000015258789,98.26000213623047,1.812000036239624,1.937999963760376
2019-09-18,13.949999809265137,58.11000061035156,98.5999984741211,1.7860000133514404,1.8799999952316284
2019-09-19,14.050000190734863,58.130001068115234,98.2699966430664,1.7740000486373901,1.8830000162124634
2019-09-20,15.319999694824219,58.09000015258789,98.51000213623047,1.7549999952316284,1.850000023841858
2019-09-23,14.90999984741211,58.63999938964844,98.5999984741211,1.7079999446868896,1.8450000286102295
2019-09-24,17.049999237060547,57.290000915527344,98.33999633789062,1.6349999904632568,1.8799999952316284
2019-09-25,15.960000038146973,56.4900016784668,99.04000091552734,1.7319999933242798,1.8450000286102295
2019-09-26,16.06999969482422,56.40999984741211,99.20999908447266,1.684999942779541,1.7699999809265137
2019-09-27,17.219999313354492,55.90999984741211,99.11000061035156,1.6749999523162842,1.7300000190734863
2019-09-30,16.239999771118164,54.06999969482422,99.37999725341797,1.6749999523162842,1.7699999809265137
2019-10-01,18.559999465942383,53.619998931884766,99.12999725341797,1.6440000534057617,1.753000020980835
2019-10-02,20.559999465942383,52.63999938964844,99.04000091552734,1.5959999561309814,1.7350000143051147
2019-10-03,19.1200008392334,52.45000076293945,98.86000061035156,1.5360000133514404,1.6649999618530273
2019-10-04,17.040000915527344,52.810001373291016,98.80999755859375,1.5149999856948853,1.6549999713897705
2019-10-07,17.860000610351562,52.75,98.98999786376953,1.5529999732971191,1.6729999780654907
2019-10-08,20.280000686645508,52.630001068115234,99.13999938964844,1.5369999408721924,1.6549999713897705
2019-10-09,18.639999389648438,52.59000015258789,99.12000274658203,1.5889999866485596,1.628000020980835
2019-10-10,17.56999969482422,53.54999923706055,98.70999908447266,1.6579999923706055,1.6330000162124634
2019-10-11,15.579999923706055,54.70000076293945,98.30000305175781,1.7519999742507935,1.6230000257492065
2019-10-14,14.569999694824219,53.59000015258789,98.44999694824219,1.7330000400543213,1.6180000305175781
2019-10-15,13.539999961853027,52.810001373291016,98.29000091552734,1.7710000276565552,1.6180000305175781
2019-10-16,13.680000305175781,53.36000061035156,98.01000213623047,1.7480000257492065,1.6150000095367432
2019-10-17,13.789999961853027,53.93000030517578,97.61000061035156,1.7569999694824219,1.625
2019-10-18,14.25,53.779998779296875,97.27999877929688,1.746999979019165,1.625
2019-10-21,14.0,53.310001373291016,97.33000183105469,1.7920000553131104,1.625
2019-10-22,14.460000038146973,54.15999984741211,97.52999877929688,1.7680000066757202,1.6150000095367432
2019-10-23,14.010000228881836,55.970001220703125,97.47000122070312,1.7589999437332153,1.6150000095367432
2019-10-24,13.710000038146973,56.22999954223633,97.62999725341797,1.7660000324249268,1.6230000257492065
2019-10-25,12.649999618530273,56.65999984741211,97.83000183105469,1.8009999990463257,1.625
2019-10-28,13.109999656677246,55.810001373291016,97.76000213623047,1.8530000448226929,1.6050000190734863
2019-10-29,13.199999809265137,55.540000915527344,97.69000244140625,1.8350000381469727,1.5950000286102295
2019-10-30,12.329999923706055,55.060001373291016,97.6500015258789,1.7979999780654907,1.5950000286102295
2019-10-31,13.220000267028809,54.18000030517578,97.3499984741211,1.690999984741211,1.4980000257492065
2019-11-01,12.300000190734863,56.20000076293945,97.23999786376953,1.7280000448226929,1.4850000143051147
2019-11-04,12.829999923706055,56.540000915527344,97.51000213623047,1.7860000133514404,1.503000020980835
2019-11-05,13.100000381469727,57.22999954223633,97.9800033569336,1.8660000562667847,1.5180000066757202
2019-11-06,12.619999885559082,56.349998474121094,97.94999694824219,1.8140000104904175,1.5149999856948853
2019-11-07,12.729999542236328,57.150001525878906,98.13999938964844,1.9259999990463257,1.5180000066757202
2019-11-08,12.069999694824219,57.2400016784668,98.3499984741211,1.9329999685287476,1.5099999904632568
2019-11-11,12.6899995803833,56.86000061035156,98.19999694824219,1.9429999589920044,1.5130000114440918
2019-11-12,12.680000305175781,56.79999923706055,98.30999755859375,1.909000039100647,1.5329999923706055
2019-11-13,13.0,57.119998931884766,98.37000274658203,1.8700000047683716,1.534999966621399
2019-11-14,13.050000190734863,56.77000045776367,98.16000366210938,1.815000057220459,1.527999997138977
2019-11-15,12.050000190734863,57.720001220703125,98.0,1.8339999914169312,1.527999997138977
2019-11-18,12.460000038146973,57.04999923706055,97.79000091552734,1.8079999685287476,1.5230000019073486
2019-11-19,12.859999656677246,55.209999084472656,97.86000061035156,1.7860000133514404,1.524999976158142
2019-11-20,12.779999732971191,57.11000061035156,97.93000030517578,1.7380000352859497,1.5199999809265137
2019-11-21,13.130000114440918,58.58000183105469,97.98999786376953,1.7719999551773071,1.5299999713897705
2019-11-22,12.34000015258789,57.77000045776367,98.2699966430664,1.7740000486373901,1.5429999828338623
2019-11-25,11.869999885559082,58.0099983215332,98.31999969482422,1.7640000581741333,1.5449999570846558
2019-11-26,11.539999961853027,58.40999984741211,98.25,1.7400000095367432,1.565000057220459
2019-11-27,11.75,58.11000061035156,98.41000366210938,1.7669999599456787,1.565000057220459
2019-11-28,11.75,58.11000061035156,98.41000366210938,1.7669999599456787,1.565000057220459
2019-11-29,12.619999885559082,55.16999816894531,98.2699966430664,1.7760000228881836,1.5399999618530273
2019-12-02,14.90999984741211,55.959999084472656,97.86000061035156,1.8359999656677246,1.5379999876022339
2019-12-03,15.960000038146973,56.099998474121094,97.73999786376953,1.7089999914169312,1.5379999876022339
2019-12-04,14.800000190734863,58.43000030517578,97.6500015258789,1.781000018119812,1.4980000257492065
2019-12-05,14.520000457763672,58.43000030517578,97.41000366210938,1.7970000505447388,1.4930000305175781
2019-12-06,13.619999885559082,59.20000076293945,97.69999694824219,1.8420000076293945,1.4800000190734863
2019-12-09,15.859999656677246,59.02000045776367,97.63999938964844,1.8289999961853027,1.4980000257492065
2019-12-10,15.680000305175781,59.2400016784668,97.41000366210938,1.8329999446868896,1.5149999856948853
2019-12-11,14.989999771118164,58.7599983215332,97.16000366210938,1.7899999618530273,1.5199999809265137
2019-12-12,13.9399995803833,59.18000030517578,97.4000015258789,1.8969999551773071,1.5299999713897705
2019-12-13,12.630000114440918,60.06999969482422,97.16999816894531,1.819000005722046,1.5230000019073486
2019-12-16,12.140000343322754,60.209999084472656,97.06999969482422,1.8919999599456787,1.524999976158142
2019-12-17,12.289999961853027,60.939998626708984,97.20999908447266,1.8890000581741333,1.5299999713897705
2019-12-18,12.579999923706055,60.93000030517578,97.41000366210938,1.9240000247955322,1.5180000066757202
2019-12-19,12.5,61.220001220703125,97.41999816894531,1.9079999923706055,1.5329999923706055
2019-12-20,12.510000228881836,60.439998626708984,97.70999908447266,1.9170000553131104,1.527999997138977
2019-12-23,12.609999656677246,60.52000045776367,97.66000366210938,1.934999942779541,1.5199999809265137
2019-12-24,12.670000076293945,61.11000061035156,97.6500015258789,1.909999966621399,1.5379999876022339
2019-12-25,12.670000076293945,61.11000061035156,97.6500015258789,1.909999966621399,1.5379999876022339
2019-12-26,12.649999618530273,61.68000030517578,97.58999633789062,1.9049999713897705,1.534999966621399
2019-12-27,13.430000305175781,61.720001220703125,96.91999816894531,1.8739999532699585,1.5180000066757202
2019-12-30,14.819999694824219,61.68000030517578,96.73999786376953,1.8949999809265137,1.4900000095367432
2019-12-31,13.779999732971191,61.060001373291016,96.38999938964844,1.9190000295639038,1.5049999952316284
2020-01-01,13.779999732971191,61.060001373291016,96.38999938964844,1.9190000295639038,1.5049999952316284
2020-01-02,12.470000267028809,61.18000030517578,96.8499984741211,1.8819999694824219,1.4950000047683716
2020-01-03,14.020000457763672,63.04999923706055,96.83999633789062,1.7879999876022339,1.4730000495910645
2020-01-06,13.850000381469727,63.27000045776367,96.66999816894531,1.8109999895095825,1.4880000352859497
2020-01-07,13.789999961853027,62.70000076293945,96.9800033569336,1.8270000219345093,1.5
2020-01-08,13.449999809265137,59.61000061035156,97.30000305175781,1.8739999532699585,1.4930000305175781
2020-01-09,12.539999961853027,59.560001373291016,97.44999694824219,1.8580000400543213,1.5
2020-01-10,12.5600004196167,59.040000915527344,97.36000061035156,1.8250000476837158,1.4980000257492065
2020-01-13,12.319999694824219,58.08000183105469,97.3499984741211,1.8480000495910645,1.5099999904632568
2020-01-14,12.390000343322754,58.22999954223633,97.37000274658203,1.8179999589920044,1.5299999713897705
2020-01-15,12.420000076293945,57.810001373291016,97.2300033569336,1.7879999876022339,1.5080000162124634
2020-01-16,12.319999694824219,58.52000045776367,97.31999969482422,1.809000015258789,1.5180000066757202
2020-01-17,12.100000381469727,58.540000915527344,97.61000061035156,1.8359999656677246,1.5230000019073486
2020-01-20,12.100000381469727,58.540000915527344,97.61000061035156,1.8359999656677246,1.5230000019073486
2020-01-21,12.850000381469727,58.34000015258789,97.52999877929688,1.7690000534057617,1.503000020980835
2020-01-22,12.90999984741211,56.7400016784668,97.52999877929688,1.7690000534057617,1.5130000114440918
2020-01-23,12.979999542236328,55.59000015258789,97.69000244140625,1.7400000095367432,1.5149999856948853
2020-01-24,14.5600004196167,54.189998626708984,97.8499984741211,1.680999994277954,1.4900000095367432
2020-01-27,18.229999542236328,53.13999938964844,97.95999908447266,1.6050000190734863,1.5049999952316284
2020-01-28,16.280000686645508,53.47999954223633,98.0199966430664,1.6410000324249268,1.5299999713897705
2020-01-29,16.389999389648438,53.33000183105469,97.98999786376953,1.593999981880188,1.5199999809265137
2020-01-30,15.489999771118164,52.13999938964844,97.87000274658203,1.5579999685287476,1.527999997138977
2020-01-31,18.84000015258789,51.560001373291016,97.38999938964844,1.5199999809265137,1.5099999904632568
2020-02-03,17.969999313354492,50.11000061035156,97.80000305175781,1.5199999809265137,1.5180000066757202
2020-02-04,16.049999237060547,49.61000061035156,97.95999908447266,1.6030000448226929,1.5379999876022339
2020-02-05,15.149999618530273,50.75,98.2699966430664,1.6490000486373901,1.5199999809265137
2020-02-06,14.960000038146973,50.95000076293945,98.5,1.6440000534057617,1.5299999713897705
2020-02-07,15.470000267028809,50.31999969482422,98.68000030517578,1.5779999494552612,1.5180000066757202
2020-02-10,15.039999961853027,49.56999969482422,98.83000183105469,1.5470000505447388,1.5199999809265137
2020-02-11,15.180000305175781,49.939998626708984,98.72000122070312,1.590000033378601,1.5379999876022339
2020-02-12,13.739999771118164,51.16999816894531,99.05000305175781,1.6299999952316284,1.534999966621399
2020-02-13,14.149999618530273,51.41999816894531,99.06999969482422,1.6169999837875366,1.5449999570846558
2020-02-14,13.680000305175781,52.04999923706055,99.12000274658203,1.5880000591278076,1.534999966621399
2020-02-17,13.680000305175781,52.04999923706055,99.12000274658203,1.5880000591278076,1.534999966621399
2020-02-18,14.829999923706055,52.04999923706055,99.45999908447266,1.555999994277954,1.534999966621399
2020-02-19,14.380000114440918,53.290000915527344,99.5999984741211,1.5700000524520874,1.5429999828338623
2020-02-20,15.5600004196167,53.779998779296875,99.87000274658203,1.524999976158142,1.5379999876022339
2020-02-21,17.079999923706055,53.380001068115234,99.26000213623047,1.4709999561309814,1.5180000066757202
2020-02-24,25.030000686645508,51.43000030517578,99.29000091552734,1.3769999742507935,1.503000020980835
2020-02-25,27.850000381469727,49.900001525878906,98.97000122070312,1.3300000429153442,1.4900000095367432
2020-02-26,27.559999465942383,48.72999954223633,99.0,1.309999942779541,1.4780000448226929
2020-02-27,39.15999984741211,47.09000015258789,98.44000244140625,1.2990000247955322,1.3949999809265137
2020-02-28,40.11000061035156,44.7599983215332,98.12999725341797,1.1269999742507935,1.2300000190734863
2020-03-02,33.41999816894531,46.75,97.36000061035156,1.0880000591278076,1.1349999904632568
2020-03-03,36.81999969482422,47.18000030517578,97.1500015258789,1.0099999904632568,0.9179999828338623
2020-03-04,31.989999771118164,46.779998779296875,97.33999633789062,0.9919999837875366,0.675000011920929
2020-03-05,39.619998931884766,45.900001525878906,96.81999969482422,0.9259999990463257,0.5950000286102295
2020-03-06,41.939998626708984,41.279998779296875,95.94999694824219,0.7059999704360962,0.41499999165534973
2020-03-09,54.459999084472656,31.1299991607666,94.9000015258789,0.49900001287460327,0.33000001311302185
2020-03-10,47.29999923706055,34.36000061035156,96.41000366210938,0.7480000257492065,0.38999998569488525
2020-03-11,53.900001525878906,32.97999954223633,96.51000213623047,0.8199999928474426,0.36800000071525574
2020-03-12,75.47000122070312,31.5,97.47000122070312,0.8489999771118164,0.27300000190734863
2020-03-13,57.83000183105469,31.729999542236328,98.75,0.9509999752044678,0.24300000071525574
2020-03-16,82.69000244140625,28.700000762939453,98.08999633789062,0.7279999852180481,0.1850000023841858
2020-03-17,75.91000366210938,26.950000762939453,99.58000183105469,0.996999979019165,0.16500000655651093
2020-03-18,76.44999694824219,20.3700008392334,101.16000366210938,1.2660000324249268,0.003000000026077032
2020-03-19,72.0,25.219999313354492,102.76000213623047,1.11899995803833,-0.02800000086426735
2020-03-20,66.04000091552734,22.43000030517578,102.81999969482422,0.9380000233650208,-0.032999999821186066
2020-03-23,61.59000015258789,23.360000610351562,102.48999786376953,0.7639999985694885,-0.03999999910593033
2020-03-24,61.66999816894531,24.010000228881836,101.73999786376953,0.8159999847412109,-0.032999999821186066
2020-03-25,63.95000076293945,24.489999771118164,101.05000305175781,0.8579999804496765,-0.07000000029802322
2020-03-26,61.0,22.600000381469727,99.41999816894531,0.8109999895095825,-0.10499999672174454
2020-03-27,65.54000091552734,21.510000228881836,98.37000274658203,0.7490000128746033,-0.057999998331069946
2020-03-30,57.08000183105469,20.09000015258789,99.18000030517578,0.6700000166893005,0.013000000268220901
2020-03-31,53.540000915527344,20.479999542236328,99.05000305175781,0.6980000138282776,0.029999999329447746
2020-04-01,57.060001373291016,20.309999465942383,99.66999816894531,0.6349999904632568,0.06300000101327896
2020-04-02,50.90999984741211,25.31999969482422,100.18000030517578,0.6269999742507935,0.06499999761581421
2020-04-03,46.79999923706055,28.34000015258789,100.58000183105469,0.5870000123977661,0.057999998331069946
2020-04-06,45.2400016784668,26.079999923706055,100.69000244140625,0.6759999990463257,0.05999999865889549
2020-04-07,46.70000076293945,23.6299991607666,99.9800033569336,0.7360000014305115,0.12800000607967377
2020-04-08,43.349998474121094,25.09000015258789,100.12000274658203,0.7639999985694885,0.1850000023841858
2020-04-09,41.66999816894531,22.760000228881836,99.5199966430664,0.7289999723434448,0.20999999344348907
2020-04-10,41.66999816894531,22.760000228881836,99.5199966430664,0.7289999723434448,0.20999999344348907
2020-04-13,41.16999816894531,22.40999984741211,99.3499984741211,0.7490000128746033,0.20000000298023224
2020-04-14,37.7599983215332,20.110000610351562,98.88999938964844,0.7519999742507935,0.16500000655651093
2020-04-15,40.84000015258789,19.8700008392334,99.45999908447266,0.6380000114440918,0.11500000208616257
2020-04-16,40.11000061035156,19.8700008392334,100.02999877929688,0.609000027179718,0.10999999940395355
2020-04-17,38.150001525878906,18.270000457763672,99.77999877929688,0.6539999842643738,0.10300000011920929
2020-04-20,43.83000183105469,-37.630001068115234,99.95999908447266,0.6259999871253967,0.07000000029802322
2020-04-21,45.40999984741211,10.010000228881836,100.26000213623047,0.5709999799728394,0.09799999743700027
2020-04-22,41.97999954223633,13.779999732971191,100.38999938964844,0.6190000176429749,0.09300000220537186
2020-04-23,41.380001068115234,16.5,100.43000030517578,0.6129999756813049,0.09300000220537186
2020-04-24,35.93000030517578,16.940000534057617,100.37999725341797,0.5960000157356262,0.10000000149011612
2020-04-27,33.290000915527344,12.779999732971191,100.04000091552734,0.656000018119812,0.09300000220537186
2020-04-28,33.56999969482422,12.34000015258789,99.87000274658203,0.6100000143051147,0.08500000089406967
2020-04-29,31.229999542236328,15.0600004196167,99.56999969482422,0.6269999742507935,0.09000000357627869
2020-04-30,34.150001525878906,18.84000015258789,99.0199966430664,0.621999979019165,0.09000000357627869
2020-05-01,37.189998626708984,19.780000686645508,98.80000305175781,0.6420000195503235,0.09300000220537186
2020-05-04,35.970001220703125,20.389999389648438,99.4800033569336,0.6370000243186951,0.09000000357627869
2020-05-05,33.61000061035156,24.559999465942383,99.70999908447266,0.6570000052452087,0.10999999940395355
2020-05-06,34.119998931884766,23.989999771118164,100.08999633789062,0.7110000252723694,0.1080000028014183
2020-05-07,31.440000534057617,23.549999237060547,99.88999938964844,0.6309999823570251,0.0949999988079071
2020-05-08,27.979999542236328,24.739999771118164,99.7300033569336,0.6819999814033508,0.0949999988079071
2020-05-11,27.56999969482422,24.139999389648438,100.23999786376953,0.7260000109672546,0.10499999672174454
2020-05-12,33.040000915527344,25.780000686645508,99.93000030517578,0.6779999732971191,0.12300000339746475
2020-05-13,35.279998779296875,25.290000915527344,100.23999786376953,0.6489999890327454,0.11500000208616257
2020-05-14,32.61000061035156,27.559999465942383,100.47000122070312,0.6190000176429749,0.10499999672174454
2020-05-15,31.889999389648438,29.43000030517578,100.4000015258789,0.6399999856948853,0.10300000011920929
2020-05-18,29.299999237060547,31.81999969482422,99.66999816894531,0.7440000176429749,0.10499999672174454
2020-05-19,30.530000686645508,32.5,99.37000274658203,0.7110000252723694,0.11800000071525574
2020-05-20,27.989999771118164,33.4900016784668,99.12000274658203,0.6800000071525574,0.11800000071525574
2020-05-21,29.530000686645508,33.91999816894531,99.37000274658203,0.6769999861717224,0.10999999940395355
2020-05-22,28.15999984741211,33.25,99.86000061035156,0.6570000052452087,0.10999999940395355
2020-05-25,28.15999984741211,33.25,99.86000061035156,0.6570000052452087,0.10999999940395355
2020-05-26,28.010000228881836,34.349998474121094,98.91000366210938,0.6980000138282776,0.11800000071525574
2020-05-27,27.6200008392334,32.810001373291016,99.05999755859375,0.6800000071525574,0.13500000536441803
2020-05-28,28.59000015258789,33.709999084472656,98.37999725341797,0.7049999833106995,0.1379999965429306
2020-05-29,27.510000228881836,35.4900016784668,98.33999633789062,0.6480000019073486,0.12800000607967377
2020-06-01,28.229999542236328,35.439998626708984,97.83000183105469,0.6620000004768372,0.12800000607967377
2020-06-02,26.84000015258789,36.810001373291016,97.66999816894531,0.6800000071525574,0.14499999582767487
2020-06-03,25.65999984741211,37.290000915527344,97.27999877929688,0.7609999775886536,0.14800000190734863
2020-06-04,25.809999465942383,37.40999984741211,96.68000030517578,0.8199999928474426,0.14000000059604645
2020-06-05,24.520000457763672,39.54999923706055,96.94000244140625,0.9039999842643738,0.14499999582767487
2020-06-08,25.809999465942383,38.189998626708984,96.62000274658203,0.8840000033378601,0.15299999713897705
2020-06-09,27.56999969482422,38.939998626708984,96.31999969482422,0.8289999961853027,0.16500000655651093
2020-06-10,27.56999969482422,39.599998474121094,95.95999908447266,0.7480000257492065,0.16500000655651093
2020-06-11,40.790000915527344,36.34000015258789,96.7300033569336,0.652999997138977,0.15299999713897705
2020-06-12,36.09000015258789,36.2599983215332,97.31999969482422,0.6990000009536743,0.15000000596046448
2020-06-15,34.400001525878906,37.119998931884766,96.68000030517578,0.7020000219345093,0.1550000011920929
2020-06-16,33.66999816894531,38.380001068115234,96.95999908447266,0.7559999823570251,0.1599999964237213
2020-06-17,33.470001220703125,37.959999084472656,97.16000366210938,0.7329999804496765,0.16500000655651093
2020-06-18,32.939998626708984,38.84000015258789,97.41999816894531,0.6940000057220459,0.14000000059604645
2020-06-19,35.119998931884766,39.75,97.62000274658203,0.6970000267028809,0.14300000667572021
2020-06-22,31.770000457763672,40.459999084472656,97.04000091552734,0.7039999961853027,0.14000000059604645
2020-06-23,31.3700008392334,40.369998931884766,96.69000244140625,0.7089999914169312,0.14000000059604645
2020-06-24,33.84000015258789,38.0099983215332,97.1500015258789,0.6840000152587891,0.13500000536441803
2020-06-25,32.220001220703125,38.720001220703125,97.43000030517578,0.6740000247955322,0.12999999523162842
2020-06-26,34.72999954223633,38.4900016784668,97.5,0.6359999775886536,0.13300000131130219
2020-06-29,31.780000686645508,39.70000076293945,97.54000091552734,0.6359999775886536,0.125
2020-06-30,30.43000030517578,39.27000045776367,97.38999938964844,0.652999997138977,0.13500000536441803
2020-07-01,28.6200008392334,39.81999969482422,97.19999694824219,0.6819999814033508,0.12999999523162842
2020-07-02,27.68000030517578,40.650001525878906,97.31999969482422,0.6690000295639038,0.13300000131130219
2020-07-03,27.68000030517578,40.650001525878906,97.31999969482422,0.6690000295639038,0.13300000131130219
2020-07-06,27.940000534057617,40.630001068115234,96.79000091552734,0.6840000152587891,0.12800000607967377
2020-07-07,29.43000030517578,40.619998931884766,96.87999725341797,0.6499999761581421,0.14000000059604645
2020-07-08,28.079999923706055,40.900001525878906,96.43000030517578,0.652999997138977,0.13500000536441803
2020-07-09,29.260000228881836,39.619998931884766,96.69999694824219,0.6050000190734863,0.12300000339746475
2020-07-10,27.290000915527344,40.54999923706055,96.6500015258789,0.6330000162124634,0.11999999731779099
2020-07-13,32.189998626708984,40.099998474121094,96.45999908447266,0.6399999856948853,0.125
2020-07-14,29.520000457763672,40.290000915527344,96.26000213623047,0.6150000095367432,0.13300000131130219
2020-07-15,27.760000228881836,41.20000076293945,96.08000183105469,0.6299999952316284,0.125
2020-07-16,28.0,40.75,96.3499984741211,0.6119999885559082,0.10300000011920929
2020-07-17,25.68000030517578,40.59000015258789,95.94000244140625,0.628000020980835,0.10499999672174454
2020-07-20,24.459999084472656,40.810001373291016,95.83000183105469,0.6200000047683716,0.10499999672174454
2020-07-21,24.84000015258789,41.959999084472656,95.12000274658203,0.6069999933242798,0.10999999940395355
2020-07-22,24.31999969482422,41.900001525878906,94.97000122070312,0.5950000286102295,0.10000000149011612
2020-07-23,26.079999923706055,41.06999969482422,94.69000244140625,0.5820000171661377,0.10300000011920929
2020-07-24,25.84000015258789,41.290000915527344,94.44000244140625,0.5889999866485596,0.09799999743700027
2020-07-27,24.739999771118164,41.599998474121094,93.66999816894531,0.609000027179718,0.09300000220537186
2020-07-28,25.440000534057617,41.040000915527344,93.76000213623047,0.5809999704360962,0.10300000011920929
2020-07-29,24.100000381469727,41.27000045776367,93.26000213623047,0.5789999961853027,0.09000000357627869
2020-07-30,24.760000228881836,39.91999816894531,93.0199966430664,0.5410000085830688,0.08500000089406967
2020-07-31,24.459999084472656,40.27000045776367,93.48999786376953,0.5360000133514404,0.08299999684095383
2020-08-03,24.280000686645508,41.0099983215332,93.5,0.5630000233650208,0.07800000160932541
2020-08-04,23.760000228881836,41.70000076293945,93.37999725341797,0.5149999856948853,0.09000000357627869
2020-08-05,22.989999771118164,42.189998626708984,92.83000183105469,0.5429999828338623,0.0949999988079071
2020-08-06,22.649999618530273,41.95000076293945,92.79000091552734,0.5360000133514404,0.08799999952316284
2020-08-07,22.209999084472656,41.220001220703125,93.44000244140625,0.5619999766349792,0.08799999952316284
2020-08-10,22.1299991607666,41.939998626708984,93.58000183105469,0.5740000009536743,0.08799999952316284
2020-08-11,24.030000686645508,41.61000061035156,93.62999725341797,0.6579999923706055,0.10000000149011612
2020-08-12,22.280000686645508,42.66999816894531,93.44000244140625,0.6700000166893005,0.10000000149011612
2020-08-13,22.1299991607666,42.2400016784668,93.33999633789062,0.7160000205039978,0.09000000357627869
2020-08-14,22.049999237060547,42.0099983215332,93.0999984741211,0.7089999914169312,0.08799999952316284
2020-08-17,21.350000381469727,42.88999938964844,92.8499984741211,0.6830000281333923,0.08500000089406967
2020-08-18,21.510000228881836,42.88999938964844,92.2699966430664,0.6690000295639038,0.10000000149011612
2020-08-19,22.540000915527344,42.93000030517578,92.88999938964844,0.675000011920929,0.0949999988079071
2020-08-20,22.719999313354492,42.58000183105469,92.79000091552734,0.6439999938011169,0.08799999952316284
2020-08-21,22.540000915527344,42.34000015258789,93.25,0.6399999856948853,0.08799999952316284
2020-08-24,22.3700008392334,42.619998931884766,93.30000305175781,0.6460000276565552,0.08500000089406967
2020-08-25,22.030000686645508,43.349998474121094,93.0199966430664,0.6819999814033508,0.0949999988079071
2020-08-26,23.270000457763672,43.38999938964844,93.01000213623047,0.6869999766349792,0.09300000220537186
2020-08-27,24.469999313354492,43.040000915527344,93.01000213623047,0.7459999918937683,0.0949999988079071
2020-08-28,22.959999084472656,42.970001220703125,92.37000274658203,0.7289999723434448,0.0949999988079071
2020-08-31,26.40999984741211,42.61000061035156,92.13999938964844,0.6930000185966492,0.0949999988079071
2020-09-01,26.1200008392334,42.7599983215332,92.33999633789062,0.671999990940094,0.10000000149011612
2020-09-02,26.56999969482422,41.5099983215332,92.8499984741211,0.6510000228881836,0.10000000149011612
2020-09-03,33.599998474121094,41.369998931884766,92.73999786376953,0.621999979019165,0.10000000149011612
2020-09-04,30.75,39.77000045776367,92.72000122070312,0.7210000157356262,0.10300000011920929
2020-09-07,30.75,39.77000045776367,92.72000122070312,0.7210000157356262,0.10300000011920929
2020-09-08,31.459999084472656,36.7599983215332,93.4800033569336,0.6840000152587891,0.1080000028014183
2020-09-09,28.809999465942383,38.04999923706055,93.26000213623047,0.703000009059906,0.10499999672174454
2020-09-10,29.709999084472656,37.29999923706055,93.33999633789062,0.6850000023841858,0.10300000011920929
2020-09-11,26.8700008392334,37.33000183105469,93.33000183105469,0.6690000295639038,0.10300000011920929
2020-09-14,25.850000381469727,37.2599983215332,93.06999969482422,0.6710000038146973,0.10000000149011612
2020-09-15,25.59000015258789,38.279998779296875,93.05000305175781,0.6790000200271606,0.10000000149011612
2020-09-16,26.040000915527344,40.15999984741211,93.20999908447266,0.6869999766349792,0.10000000149011612
2020-09-17,26.459999084472656,40.970001220703125,92.97000122070312,0.6840000152587891,0.08500000089406967
2020-09-18,25.829999923706055,41.11000061035156,92.93000030517578,0.6940000057220459,0.08299999684095383
2020-09-21,27.780000686645508,39.310001373291016,93.54000091552734,0.6710000038146973,0.07999999821186066
2020-09-22,26.860000610351562,39.599998474121094,93.98999786376953,0.6639999747276306,0.08799999952316284
2020-09-23,28.579999923706055,39.93000030517578,94.38999938964844,0.6759999990463257,0.08799999952316284
2020-09-24,28.510000228881836,40.310001373291016,94.3499984741211,0.6660000085830688,0.09300000220537186
2020-09-25,26.3799991607666,40.25,94.58000183105469,0.6589999794960022,0.09000000357627869
2020-09-28,26.190000534057617,40.599998474121094,94.26000213623047,0.6629999876022339,0.08799999952316284
2020-09-29,26.270000457763672,39.290000915527344,93.88999938964844,0.6449999809265137,0.08500000089406967
2020-09-30,26.3700008392334,40.220001220703125,93.88999938964844,0.6769999861717224,0.08500000089406967
2020-10-01,26.700000762939453,38.720001220703125,93.70999908447266,0.6769999861717224,0.08299999684095383
2020-10-02,27.6299991607666,37.04999923706055,93.83999633789062,0.6959999799728394,0.08500000089406967
2020-10-05,27.959999084472656,39.220001220703125,93.51000213623047,0.7620000243186951,0.08500000089406967
2020-10-06,29.479999542236328,40.66999816894531,93.83000183105469,0.7419999837875366,0.08799999952316284
2020-10-07,28.059999465942383,39.95000076293945,93.62999725341797,0.7850000262260437,0.08799999952316284
2020-10-08,26.360000610351562,41.189998626708984,93.61000061035156,0.7649999856948853,0.08799999952316284
2020-10-09,25.0,40.599998474121094,93.05999755859375,0.7749999761581421,0.09300000220537186
2020-10-12,25.06999969482422,39.43000030517578,93.06999969482422,0.7770000100135803,0.09000000357627869
2020-10-13,26.06999969482422,40.20000076293945,93.52999877929688,0.7269999980926514,0.09300000220537186
2020-10-14,26.399999618530273,41.040000915527344,93.37999725341797,0.722000002861023,0.10000000149011612
2020-10-15,26.969999313354492,40.959999084472656,93.86000061035156,0.7310000061988831,0.0949999988079071
2020-10-16,27.40999984741211,40.880001068115234,93.68000030517578,0.7440000176429749,0.09000000357627869
2020-10-19,29.18000030517578,40.83000183105469,93.43000030517578,0.7609999775886536,0.09000000357627869
2020-10-20,29.350000381469727,41.459999084472656,93.06999969482422,0.796999990940094,0.0949999988079071
2020-10-21,28.649999618530273,40.029998779296875,92.61000061035156,0.8159999847412109,0.09000000357627869
2020-10-22,28.110000610351562,40.63999938964844,92.94999694824219,0.8479999899864197,0.08500000089406967
2020-10-23,27.549999237060547,39.849998474121094,92.7699966430664,0.8410000205039978,0.08299999684095383
2020-10-26,32.459999084472656,38.560001373291016,93.05000305175781,0.8009999990463257,0.07999999821186066
2020-10-27,33.349998474121094,39.56999969482422,92.94000244140625,0.777999997138977,0.09000000357627869
2020-10-28,40.279998779296875,37.38999938964844,93.41000366210938,0.781000018119812,0.09000000357627869
2020-10-29,37.59000015258789,36.16999816894531,93.95999908447266,0.8349999785423279,0.08299999684095383
2020-10-30,38.02000045776367,35.790000915527344,94.04000091552734,0.8600000143051147,0.08299999684095383
2020-11-02,37.130001068115234,36.810001373291016,94.05000305175781,0.8489999771118164,0.08299999684095383
2020-11-03,35.54999923706055,37.65999984741211,93.55000305175781,0.8820000290870667,0.09000000357627869
2020-11-04,29.56999969482422,39.150001525878906,93.41000366210938,0.7680000066757202,0.08299999684095383
2020-11-05,27.579999923706055,38.790000915527344,92.52999877929688,0.7760000228881836,0.08500000089406967
2020-11-06,24.860000610351562,37.13999938964844,92.2300033569336,0.8199999928474426,0.08299999684095383
2020-11-09,25.75,40.290000915527344,92.7300033569336,0.9580000042915344,0.08799999952316284
2020-11-10,24.799999237060547,41.36000061035156,92.75,0.972000002861023,0.09000000357627869
2020-11-11,23.450000762939453,41.45000076293945,93.04000091552734,0.9580000042915344,0.09000000357627869
2020-11-12,25.350000381469727,41.119998931884766,92.95999908447266,0.8849999904632568,0.08500000089406967
2020-11-13,23.100000381469727,40.130001068115234,92.76000213623047,0.8930000066757202,0.08299999684095383
2020-11-16,22.450000762939453,41.34000015258789,92.56999969482422,0.906000018119812,0.07500000298023224
2020-11-17,22.709999084472656,41.43000030517578,92.41999816894531,0.871999979019165,0.07999999821186066
2020-11-18,23.84000015258789,41.81999969482422,92.31999969482422,0.8820000290870667,0.07500000298023224
2020-11-19,23.110000610351562,41.7400016784668,92.29000091552734,0.8539999723434448,0.05999999865889549
2020-11-20,23.700000762939453,42.150001525878906,92.38999938964844,0.8289999961853027,0.057999998331069946
2020-11-23,22.65999984741211,43.060001373291016,92.51000213623047,0.8569999933242798,0.07000000029802322
2020-11-24,21.639999389648438,44.90999984741211,92.2300033569336,0.8820000290870667,0.07999999821186066
2020-11-25,21.25,45.709999084472656,91.98999786376953,0.878000020980835,0.07999999821186066
2020-11-26,21.25,45.709999084472656,91.98999786376953,0.878000020980835,0.07999999821186066
2020-11-27,20.84000015258789,45.529998779296875,91.79000091552734,0.8420000076293945,0.0729999989271164
2020-11-30,20.56999969482422,45.34000015258789,91.87000274658203,0.843999981880188,0.07500000298023224
2020-12-01,20.770000457763672,44.54999923706055,91.30999755859375,0.9340000152587891,0.07999999821186066
2020-12-02,21.170000076293945,45.279998779296875,91.12000274658203,0.9480000138282776,0.07500000298023224
2020-12-03,21.280000686645508,45.63999938964844,90.70999908447266,0.9200000166893005,0.07500000298023224
2020-12-04,20.790000915527344,46.2599983215332,90.69999694824219,0.968999981880188,0.07500000298023224
2020-12-07,21.299999237060547,45.7599983215332,90.79000091552734,0.9279999732971191,0.07000000029802322
2020-12-08,20.68000030517578,45.599998474121094,90.97000122070312,0.9129999876022339,0.06800000369548798
2020-12-09,22.270000457763672,45.52000045776367,91.08999633789062,0.9409999847412109,0.07000000029802322
2020-12-10,22.520000457763672,46.779998779296875,90.79000091552734,0.9079999923706055,0.07000000029802322
2020-12-11,23.309999465942383,46.56999969482422,90.9800033569336,0.8930000066757202,0.06499999761581421
2020-12-14,24.719999313354492,46.9900016784668,90.70999908447266,0.8920000195503235,0.05999999865889549
2020-12-15,22.889999389648438,47.619998931884766,90.47000122070312,0.9229999780654907,0.07000000029802322
2020-12-16,22.5,47.81999969482422,90.44999694824219,0.9200000166893005,0.07500000298023224
2020-12-17,21.93000030517578,48.36000061035156,89.81999969482422,0.9300000071525574,0.07999999821186066
2020-12-18,21.56999969482422,49.099998474121094,90.0199966430664,0.9480000138282776,0.07999999821186066
2020-12-21,25.15999984741211,47.7400016784668,90.04000091552734,0.9409999847412109,0.07800000160932541
2020-12-22,24.229999542236328,47.02000045776367,90.6500015258789,0.9179999828338623,0.07800000160932541
2020-12-23,23.309999465942383,48.119998931884766,90.41000366210938,0.9549999833106995,0.07500000298023224
2020-12-24,21.530000686645508,48.22999954223633,90.33000183105469,0.9279999732971191,0.07500000298023224
2020-12-25,21.530000686645508,48.22999954223633,90.33000183105469,0.9279999732971191,0.07500000298023224
2020-12-28,21.700000762939453,47.619998931884766,90.33999633789062,0.9330000281333923,0.07999999821186066
2020-12-29,23.079999923706055,48.0,90.01000213623047,0.9350000023841858,0.09000000357627869
2020-12-30,22.770000457763672,48.400001525878906,89.62999725341797,0.9259999990463257,0.07000000029802322
2020-12-31,22.75,48.52000045776367,89.94000244140625,0.9169999957084656,0.06499999761581421
2021-01-01,22.75,48.52000045776367,89.94000244140625,0.9169999957084656,0.06499999761581421
2021-01-04,26.969999313354492,47.619998931884766,89.87999725341797,0.9169999957084656,0.06800000369548798
2021-01-05,25.34000015258789,49.93000030517578,89.44000244140625,0.9549999833106995,0.07800000160932541
2021-01-06,25.06999969482422,50.630001068115234,89.52999877929688,1.0420000553131104,0.07800000160932541
2021-01-07,22.3700008392334,50.83000183105469,89.83000183105469,1.0709999799728394,0.07999999821186066
2021-01-08,21.559999465942383,52.2400016784668,90.0999984741211,1.1050000190734863,0.07999999821186066
2021-01-11,24.079999923706055,52.25,90.54000091552734,1.1319999694824219,0.07999999821186066
2021-01-12,23.329999923706055,53.209999084472656,90.05000305175781,1.1380000114440918,0.07999999821186066
2021-01-13,22.209999084472656,52.90999984741211,90.31999969482422,1.0880000591278076,0.07999999821186066
2021-01-14,23.25,53.56999969482422,90.23999786376953,1.128999948501587,0.07500000298023224
2021-01-15,24.34000015258789,52.36000061035156,90.77999877929688,1.097000002861023,0.07500000298023224
2021-01-18,24.34000015258789,52.36000061035156,90.77999877929688,1.097000002861023,0.07500000298023224
2021-01-19,23.239999771118164,52.97999954223633,90.5,1.0920000076293945,0.0729999989271164
2021-01-20,21.579999923706055,53.2400016784668,90.47000122070312,1.090000033378601,0.07500000298023224
2021-01-21,21.31999969482422,53.130001068115234,90.12999725341797,1.1089999675750732,0.0729999989271164
2021-01-22,21.90999984741211,52.27000045776367,90.23999786376953,1.090999960899353,0.07000000029802322
2021-01-25,23.190000534057617,52.77000045776367,90.38999938964844,1.0399999618530273,0.07000000029802322
2021-01-26,23.020000457763672,52.61000061035156,90.16999816894531,1.0399999618530273,0.06800000369548798
2021-01-27,37.209999084472656,52.849998474121094,90.6500015258789,1.0140000581741333,0.05999999865889549
2021-01-28,30.209999084472656,52.34000015258789,90.45999908447266,1.0570000410079956,0.054999999701976776
2021-01-29,33.09000015258789,52.20000076293945,90.58000183105469,1.093000054359436,0.04800000041723251
2021-02-01,30.239999771118164,53.54999923706055,91.0199966430664,1.0770000219345093,0.04800000041723251
2021-02-02,25.559999465942383,54.7599983215332,91.19999694824219,1.1050000190734863,0.05000000074505806
2021-02-03,22.90999984741211,55.689998626708984,91.12000274658203,1.13100004196167,0.03999999910593033
2021-02-04,21.770000457763672,56.22999954223633,91.52999877929688,1.1390000581741333,0.029999999329447746
2021-02-05,20.8700008392334,56.849998474121094,91.04000091552734,1.1699999570846558,0.023000000044703484
2021-02-08,21.239999771118164,57.970001220703125,90.93000030517578,1.159999966621399,0.019999999552965164
2021-02-09,21.6299991607666,58.36000061035156,90.44000244140625,1.156999945640564,0.032999999821186066
2021-02-10,21.989999771118164,58.68000030517578,90.37000274658203,1.1330000162124634,0.03500000014901161
2021-02-11,21.25,58.2400016784668,90.41999816894531,1.1579999923706055,0.03500000014901161
2021-02-12,19.969999313354492,59.470001220703125,90.4800033569336,1.2000000476837158,0.03500000014901161
2021-02-15,19.969999313354492,59.470001220703125,90.4800033569336,1.2000000476837158,0.03500000014901161
2021-02-16,21.459999084472656,60.04999923706055,90.51000213623047,1.2990000247955322,0.03500000014901161
2021-02-17,21.5,61.13999938964844,90.94999694824219,1.3009999990463257,0.03500000014901161
2021-02-18,22.489999771118164,60.52000045776367,90.58999633789062,1.2869999408721924,0.023000000044703484
2021-02-19,22.049999237060547,59.2400016784668,90.36000061035156,1.3450000286102295,0.023000000044703484
2021-02-22,23.450000762939453,61.4900016784668,90.01000213623047,1.3700000047683716,0.02500000037252903
2021-02-23,23.110000610351562,61.66999816894531,90.16999816894531,1.3619999885559082,0.023000000044703484
2021-02-24,21.34000015258789,63.220001220703125,90.18000030517578,1.3890000581741333,0.02800000086426735
2021-02-25,28.889999389648438,63.529998779296875,90.12999725341797,1.5180000066757202,0.032999999821186066
2021-02-26,27.950000762939453,61.5,90.93000030517578,1.4600000381469727,0.03500000014901161
2021-03-01,23.350000381469727,60.63999938964844,91.04000091552734,1.4459999799728394,0.02800000086426735
2021-03-02,24.100000381469727,59.75,90.79000091552734,1.4149999618530273,0.03500000014901161
2021-03-03,26.670000076293945,61.279998779296875,90.94999694824219,1.4700000286102295,0.03500000014901161
2021-03-04,28.56999969482422,63.83000183105469,91.62999725341797,1.5499999523162842,0.02800000086426735
2021-03-05,24.65999984741211,66.08999633789062,91.9800033569336,1.5540000200271606,0.02800000086426735
2021-03-08,25.469999313354492,65.05000305175781,92.30999755859375,1.5959999561309814,0.03500000014901161
2021-03-09,24.030000686645508,64.01000213623047,91.95999908447266,1.5460000038146973,0.03500000014901161
2021-03-10,22.559999465942383,64.44000244140625,91.79000091552734,1.5199999809265137,0.029999999329447746
2021-03-11,21.90999984741211,66.0199966430664,91.41999816894531,1.5269999504089355,0.02800000086426735
2021-03-12,20.690000534057617,65.61000061035156,91.68000030517578,1.6349999904632568,0.02500000037252903
2021-03-15,20.030000686645508,65.38999938964844,91.83000183105469,1.6069999933242798,0.014999999664723873
2021-03-16,19.790000915527344,64.80000305175781,91.87000274658203,1.621000051498413,0.00800000037997961
2021-03-17,19.229999542236328,64.5999984741211,91.4000015258789,1.6410000324249268,0.00800000037997961
2021-03-18,21.579999923706055,60.0,91.8499984741211,1.7300000190734863,0.003000000026077032
2021-03-19,20.950000762939453,61.41999816894531,91.91999816894531,1.7319999933242798,0.004999999888241291
2021-03-22,18.8799991607666,61.54999923706055,91.80000305175781,1.684000015258789,0.004999999888241291
2021-03-23,20.299999237060547,57.7599983215332,92.33999633789062,1.6380000114440918,0.009999999776482582
2021-03-24,21.200000762939453,61.18000030517578,92.52999877929688,1.6139999628067017,0.014999999664723873
2021-03-25,19.809999465942383,58.560001373291016,92.87999725341797,1.6139999628067017,0.014999999664723873
2021-03-26,18.860000610351562,60.970001220703125,92.7699966430664,1.659999966621399,0.014999999664723873
2021-03-29,20.739999771118164,61.560001373291016,92.94000244140625,1.7209999561309814,0.00800000037997961
2021-03-30,19.610000610351562,60.54999923706055,93.30000305175781,1.7259999513626099,0.013000000268220901
2021-03-31,19.399999618530273,59.15999984741211,93.2300033569336,1.746000051498413,0.013000000268220901
2021-04-01,17.329999923706055,61.45000076293945,92.93000030517578,1.6790000200271606,0.00800000037997961
2021-04-02,17.329999923706055,61.45000076293945,92.93000030517578,1.6790000200271606,0.00800000037997961
2021-04-05,17.90999984741211,58.650001525878906,92.5999984741211,1.7200000286102295,0.014999999664723873
2021-04-06,18.1200008392334,59.33000183105469,92.33999633789062,1.656000018119812,0.014999999664723873
2021-04-07,17.15999984741211,59.77000045776367,92.45999908447266,1.652999997138977,0.009999999776482582
2021-04-08,16.950000762939453,59.599998474121094,92.05999755859375,1.6319999694824219,0.004999999888241291
2021-04-09,16.690000534057617,59.31999969482422,92.16000366210938,1.6660000085830688,0.003000000026077032
2021-04-12,16.90999984741211,59.70000076293945,92.13999938964844,1.6749999523162842,0.009999999776482582
2021-04-13,16.649999618530273,60.18000030517578,91.8499984741211,1.6230000257492065,0.014999999664723873
2021-04-14,16.989999771118164,63.150001525878906,91.69000244140625,1.6380000114440918,0.014999999664723873
2021-04-15,16.56999969482422,63.459999084472656,91.66999816894531,1.5299999713897705,0.009999999776482582
2021-04-16,16.25,63.130001068115234,91.55999755859375,1.5729999542236328,0.00800000037997961
2021-04-19,17.290000915527344,63.380001068115234,91.06999969482422,1.6009999513626099,0.014999999664723873
2021-04-20,18.68000030517578,62.439998626708984,91.23999786376953,1.562000036239624,0.014999999664723873
2021-04-21,17.5,61.349998474121094,91.16000366210938,1.5640000104904175,0.013000000268220901
2021-04-22,18.709999084472656,61.43000030517578,91.33000183105469,1.5540000200271606,0.014999999664723873
2021-04-23,17.329999923706055,62.13999938964844,90.86000061035156,1.5670000314712524,0.014999999664723873
2021-04-26,17.639999389648438,61.90999984741211,90.80999755859375,1.5700000524520874,0.00800000037997961
2021-04-27,17.559999465942383,62.939998626708984,90.91000366210938,1.621999979019165,0.009999999776482582
2021-04-28,17.280000686645508,63.86000061035156,90.61000061035156,1.6200000047683716,0.00800000037997961
2021-04-29,17.610000610351562,65.01000213623047,90.61000061035156,1.6399999856948853,0.00800000037997961
2021-04-30,18.610000610351562,63.58000183105469,91.27999877929688,1.63100004196167,0.003000000026077032
2021-05-03,18.309999465942383,64.48999786376953,90.94999694824219,1.6069999933242798,0.004999999888241291
2021-05-04,19.479999542236328,65.69000244140625,91.29000091552734,1.5920000076293945,0.009999999776482582
2021-05-05,19.149999618530273,65.62999725341797,91.30999755859375,1.5839999914169312,0.00800000037997961
2021-05-06,18.389999389648438,64.70999908447266,90.94999694824219,1.5609999895095825,0.00800000037997961
2021-05-07,16.690000534057617,64.9000015258789,90.2300033569336,1.5770000219345093,0.00800000037997961
2021-05-10,19.65999984741211,64.91999816894531,90.20999908447266,1.6019999980926514,0.004999999888241291
2021-05-11,21.84000015258789,65.27999877929688,90.13999938964844,1.6239999532699585,0.009999999776482582
2021-05-12,27.59000015258789,66.08000183105469,90.70999908447266,1.6950000524520874,0.009999999776482582
2021-05-13,23.1299991607666,63.81999969482422,90.75,1.6679999828338623,0.00800000037997961
2021-05-14,18.809999465942383,65.37000274658203,90.31999969482422,1.6349999904632568,0.004999999888241291
2021-05-17,19.719999313354492,66.2699966430664,90.22000122070312,1.6399999856948853,0.004999999888241291
2021-05-18,21.34000015258789,65.48999786376953,89.75,1.6419999599456787,0.009999999776482582
2021-05-19,22.18000030517578,63.36000061035156,90.19000244140625,1.6829999685287476,0.004999999888241291
2021-05-20,20.670000076293945,62.04999923706055,89.80999755859375,1.6339999437332153,0.003000000026077032
2021-05-21,20.149999618530273,63.58000183105469,90.0199966430664,1.6319999694824219,0.003000000026077032
2021-05-24,18.399999618530273,66.05000305175781,89.83000183105469,1.6080000400543213,0.003000000026077032
2021-05-25,18.84000015258789,66.06999969482422,89.63999938964844,1.5640000104904175,0.009999999776482582
2021-05-26,17.360000610351562,66.20999908447266,90.04000091552734,1.5740000009536743,0.004999999888241291
2021-05-27,16.739999771118164,66.8499984741211,89.97000122070312,1.6100000143051147,0.004999999888241291
2021-05-28,16.760000228881836,66.31999969482422,90.02999877929688,1.5809999704360962,0.00800000037997961
2021-05-31,16.760000228881836,66.31999969482422,90.02999877929688,1.5809999704360962,0.00800000037997961
2021-06-01,17.899999618530273,67.72000122070312,89.83000183105469,1.6150000095367432,0.009999999776482582
2021-06-02,17.479999542236328,68.83000183105469,89.9000015258789,1.590999960899353,0.014999999664723873
2021-06-03,18.040000915527344,68.80999755859375,90.5,1.625,0.014999999664723873
2021-06-04,16.420000076293945,69.62000274658203,90.13999938964844,1.559999942779541,0.014999999664723873
2021-06-07,16.420000076293945,69.2300033569336,89.94999694824219,1.569000005722046,0.017999999225139618
2021-06-08,17.06999969482422,70.05000305175781,90.08000183105469,1.527999997138977,0.019999999552965164
2021-06-09,17.889999389648438,69.95999908447266,90.12000274658203,1.4889999628067017,0.019999999552965164
2021-06-10,16.100000381469727,70.29000091552734,90.08000183105469,1.4589999914169312,0.019999999552965164
2021-06-11,15.649999618530273,70.91000366210938,90.55999755859375,1.4620000123977661,0.017999999225139618
2021-06-14,16.389999389648438,70.87999725341797,90.5199966430664,1.5010000467300415,0.014999999664723873
2021-06-15,17.020000457763672,72.12000274658203,90.54000091552734,1.4989999532699585,0.019999999552965164
2021-06-16,18.149999618530273,72.1500015258789,91.12999725341797,1.569000005722046,0.02800000086426735
2021-06-17,17.75,71.04000091552734,91.88999938964844,1.5110000371932983,0.02800000086426735
2021-06-18,20.700000762939453,71.63999938964844,92.2300033569336,1.4500000476837158,0.02800000086426735
2021-06-21,17.889999389648438,73.66000366210938,91.86000061035156,1.4839999675750732,0.029999999329447746
2021-06-22,16.65999984741211,73.05999755859375,91.7300033569336,1.472000002861023,0.03799999877810478
2021-06-23,16.31999969482422,73.08000183105469,91.80000305175781,1.4869999885559082,0.03999999910593033
2021-06-24,15.970000267028809,73.30000305175781,91.81999969482422,1.4869999885559082,0.0430000014603138
2021-06-25,15.619999885559082,74.05000305175781,91.80999755859375,1.5360000133514404,0.0430000014603138
2021-06-28,15.760000228881836,72.91000366210938,91.87999725341797,1.4780000448226929,0.03999999910593033
2021-06-29,16.020000457763672,72.9800033569336,92.05000305175781,1.4800000190734863,0.03999999910593033
2021-06-30,15.829999923706055,73.47000122070312,92.44000244140625,1.4429999589920044,0.03999999910593033
2021-07-01,15.479999542236328,75.2300033569336,92.5999984741211,1.4800000190734863,0.03999999910593033
2021-07-02,15.069999694824219,75.16000366210938,92.2300033569336,1.430999994277954,0.03799999877810478
2021-07-05,15.069999694824219,75.16000366210938,92.2300033569336,1.430999994277954,0.03799999877810478
2021-07-06,16.440000534057617,73.37000274658203,92.55000305175781,1.3700000047683716,0.03999999910593033
2021-07-07,16.200000762939453,72.19999694824219,92.63999938964844,1.3209999799728394,0.0430000014603138
2021-07-08,19.0,72.94000244140625,92.36000061035156,1.2879999876022339,0.0430000014603138
2021-07-09,16.18000030517578,74.55999755859375,92.12999725341797,1.3559999465942383,0.0430000014603138
2021-07-12,16.170000076293945,74.0999984741211,92.2300033569336,1.3630000352859497,0.0430000014603138
2021-07-13,17.1200008392334,75.25,92.75,1.4149999618530273,0.04500000178813934
2021-07-14,16.329999923706055,73.12999725341797,92.41000366210938,1.3559999465942383,0.04500000178813934
2021-07-15,17.010000228881836,71.6500015258789,92.62000274658203,1.2970000505447388,0.03799999877810478
2021-07-16,18.450000762939453,71.80999755859375,92.69000244140625,1.2999999523162842,0.03799999877810478
2021-07-19,22.5,66.41999816894531,92.88999938964844,1.180999994277954,0.03999999910593033
2021-07-20,19.729999542236328,67.41999816894531,92.97000122070312,1.2089999914169312,0.04500000178813934
2021-07-21,17.90999984741211,70.30000305175781,92.75,1.2799999713897705,0.04500000178813934
2021-07-22,17.690000534057617,71.91000366210938,92.81999969482422,1.2649999856948853,0.0430000014603138
2021-07-23,17.200000762939453,72.06999969482422,92.91000366210938,1.2860000133514404,0.04500000178813934
2021-07-26,17.579999923706055,71.91000366210938,92.6500015258789,1.2760000228881836,0.03999999910593033
2021-07-27,19.360000610351562,71.6500015258789,92.43000030517578,1.2339999675750732,0.04500000178813934
2021-07-28,18.309999465942383,72.38999938964844,92.31999969482422,1.2610000371932983,0.04500000178813934
2021-07-29,17.700000762939453,73.62000274658203,91.86000061035156,1.2690000534057617,0.03999999910593033
2021-07-30,18.239999771118164,73.94999694824219,92.16999816894531,1.2389999628067017,0.03999999910593033
2021-08-02,19.459999084472656,71.26000213623047,92.05000305175781,1.1740000247955322,0.03799999877810478
2021-08-03,18.040000915527344,70.55999755859375,92.08000183105469,1.1759999990463257,0.04500000178813934
2021-08-04,17.969999313354492,68.1500015258789,92.2699966430664,1.184000015258789,0.04500000178813934
2021-08-05,17.280000686645508,69.08999633789062,92.23999786376953,1.2170000076293945,0.0430000014603138
2021-08-06,16.149999618530273,68.27999877929688,92.80000305175781,1.2899999618530273,0.0430000014603138
2021-08-09,16.719999313354492,66.4800033569336,92.94999694824219,1.3170000314712524,0.04500000178813934
2021-08-10,16.790000915527344,68.29000091552734,93.05999755859375,1.3420000076293945,0.05000000074505806
2021-08-11,16.170000076293945,69.25,92.91000366210938,1.3289999961853027,0.04500000178813934
2021-08-12,15.59000015258789,69.08999633789062,93.04000091552734,1.3669999837875366,0.0430000014603138
2021-08-13,15.449999809265137,68.44000244140625,92.5199966430664,1.2970000505447388,0.04500000178813934
2021-08-16,16.1200008392334,67.29000091552734,92.62999725341797,1.2569999694824219,0.057999998331069946
2021-08-17,17.90999984741211,66.58999633789062,93.12999725341797,1.2580000162124634,0.06300000101327896
2021-08-18,21.56999969482422,65.45999908447266,93.13999938964844,1.2730000019073486,0.054999999701976776
2021-08-19,21.670000076293945,63.689998626708984,93.56999969482422,1.2419999837875366,0.0430000014603138
2021-08-20,18.559999465942383,62.31999969482422,93.5,1.2599999904632568,0.0430000014603138
2021-08-23,17.149999618530273,65.63999938964844,92.95999908447266,1.2549999952316284,0.03999999910593033
2021-08-24,17.219999313354492,67.54000091552734,92.88999938964844,1.2899999618530273,0.04800000041723251
2021-08-25,16.790000915527344,68.36000061035156,92.83000183105469,1.3420000076293945,0.04500000178813934
2021-08-26,18.84000015258789,67.41999816894531,93.05999755859375,1.3420000076293945,0.0430000014603138
2021-08-27,16.389999389648438,68.73999786376953,92.69000244140625,1.312000036239624,0.0430000014603138
2021-08-30,16.190000534057617,69.20999908447266,92.6500015258789,1.284999966621399,0.03799999877810478
2021-08-31,16.479999542236328,68.5,92.62999725341797,1.3040000200271606,0.03999999910593033
2021-09-01,16.110000610351562,68.58999633789062,92.44999694824219,1.3020000457763672,0.03999999910593033
2021-09-02,16.40999984741211,69.98999786376953,92.2300033569336,1.2940000295639038,0.03999999910593033
2021-09-03,16.40999984741211,69.29000091552734,92.04000091552734,1.3220000267028809,0.03999999910593033
2021-09-06,16.40999984741211,69.29000091552734,92.04000091552734,1.3220000267028809,0.03999999910593033
2021-09-07,18.139999389648438,68.3499984741211,92.5199966430664,1.3700000047683716,0.03500000014901161
2021-09-08,17.959999084472656,69.30000305175781,92.6500015258789,1.3339999914169312,0.03999999910593033
2021-09-09,18.799999237060547,68.13999938964844,92.4800033569336,1.2990000247955322,0.03799999877810478
2021-09-10,20.950000762939453,69.72000122070312,92.58000183105469,1.340999960899353,0.03799999877810478
2021-09-13,19.3700008392334,70.44999694824219,92.62000274658203,1.3240000009536743,0.03799999877810478
2021-09-14,19.459999084472656,70.45999908447266,92.6500015258789,1.2769999504089355,0.03500000014901161
2021-09-15,18.18000030517578,72.61000061035156,92.48999786376953,1.3040000200271606,0.03500000014901161
2021-09-16,18.690000534057617,72.61000061035156,92.86000061035156,1.3309999704360962,0.029999999329447746
2021-09-17,20.809999465942383,71.97000122070312,93.19999694824219,1.3700000047683716,0.02800000086426735
2021-09-20,25.709999084472656,70.29000091552734,93.23999786376953,1.309000015258789,0.02500000037252903
2021-09-21,24.360000610351562,70.55999755859375,93.19999694824219,1.3240000009536743,0.019999999552965164
2021-09-22,20.8700008392334,72.2300033569336,93.45999908447266,1.3359999656677246,0.02500000037252903
2021-09-23,18.6299991607666,73.30000305175781,93.0999984741211,1.409999966621399,0.02500000037252903
2021-09-24,17.75,73.9800033569336,93.33000183105469,1.4600000381469727,0.02500000037252903
2021-09-27,18.760000228881836,75.44999694824219,93.37999725341797,1.4839999675750732,0.02500000037252903
2021-09-28,23.25,75.29000091552734,93.7699966430664,1.534000039100647,0.029999999329447746
2021-09-29,22.559999465942383,74.83000183105469,94.33999633789062,1.5410000085830688,0.029999999329447746
2021-09-30,23.139999389648438,75.02999877929688,94.25,1.5290000438690186,0.02800000086426735
2021-10-01,21.100000381469727,75.87999725341797,94.04000091552734,1.4789999723434448,0.02800000086426735
2021-10-04,22.959999084472656,77.62000274658203,93.80999755859375,1.4809999465942383,0.02800000086426735
2021-10-05,21.299999237060547,78.93000030517578,93.9800033569336,1.5290000438690186,0.03500000014901161
2021-10-06,21.0,77.43000030517578,94.2699966430664,1.5240000486373901,0.03999999910593033
2021-10-07,19.540000915527344,78.30000305175781,94.22000122070312,1.5709999799728394,0.03999999910593033
2021-10-08,18.770000457763672,79.3499984741211,94.06999969482422,1.6050000190734863,0.03999999910593033
2021-10-11,20.0,80.5199966430664,94.31999969482422,1.6139999628067017,0.03999999910593033
2021-10-12,19.850000381469727,80.63999938964844,94.5199966430664,1.5800000429153442,0.03999999910593033
2021-10-13,18.639999389648438,80.44000244140625,94.08000183105469,1.5490000247955322,0.04500000178813934
2021-10-14,16.860000610351562,81.30999755859375,93.95999908447266,1.5190000534057617,0.03999999910593033
2021-10-15,16.299999237060547,82.27999877929688,93.94000244140625,1.5759999752044678,0.03799999877810478
2021-10-18,16.309999465942383,82.44000244140625,93.94999694824219,1.5839999914169312,0.0430000014603138
2021-10-19,15.699999809265137,82.95999908447266,93.79000091552734,1.6349999904632568,0.05000000074505806
2021-10-20,15.489999771118164,83.87000274658203,93.55999755859375,1.6360000371932983,0.05000000074505806
2021-10-21,15.010000228881836,82.5,93.7699966430664,1.6759999990463257,0.05000000074505806
2021-10-22,15.430000305175781,83.76000213623047,93.61000061035156,1.6549999713897705,0.05000000074505806
2021-10-25,15.239999771118164,83.76000213623047,93.80999755859375,1.6349999904632568,0.05000000074505806
2021-10-26,15.979999542236328,84.6500015258789,93.94999694824219,1.61899995803833,0.05000000074505806
2021-10-27,16.979999542236328,82.66000366210938,93.86000061035156,1.5290000438690186,0.05000000074505806
2021-10-28,16.530000686645508,82.80999755859375,93.3499984741211,1.5679999589920044,0.04800000041723251
2021-10-29,16.260000228881836,83.56999969482422,94.12000274658203,1.5570000410079956,0.04800000041723251
2021-11-01,16.40999984741211,84.05000305175781,93.87999725341797,1.5750000476837158,0.03999999910593033
2021-11-02,16.030000686645508,83.91000366210938,94.08999633789062,1.5490000247955322,0.04500000178813934
2021-11-03,15.100000381469727,80.86000061035156,93.86000061035156,1.5789999961853027,0.04500000178813934
2021-11-04,15.4399995803833,78.80999755859375,94.3499984741211,1.5240000486373901,0.03500000014901161
2021-11-05,16.479999542236328,81.2699966430664,94.31999969482422,1.4529999494552612,0.03999999910593033
2021-11-08,17.219999313354492,81.93000030517578,94.05000305175781,1.496999979019165,0.03500000014901161
2021-11-09,17.780000686645508,84.1500015258789,93.95999908447266,1.4320000410079956,0.03999999910593033
2021-11-10,18.729999542236328,81.33999633789062,94.8499984741211,1.559999942779541,0.04500000178813934
2021-11-11,17.65999984741211,81.58999633789062,95.18000030517578,1.559999942779541,0.03999999910593033
2021-11-12,16.290000915527344,80.79000091552734,95.12999725341797,1.5820000171661377,0.0430000014603138
2021-11-15,16.489999771118164,80.87999725341797,95.41000366210938,1.6230000257492065,0.03799999877810478
2021-11-16,16.3700008392334,80.76000213623047,95.91999816894531,1.6339999437332153,0.03999999910593033
2021-11-17,17.110000610351562,78.36000061035156,95.83000183105469,1.6039999723434448,0.04500000178813934
2021-11-18,17.59000015258789,79.01000213623047,95.54000091552734,1.5889999866485596,0.04500000178813934
2021-11-19,17.90999984741211,76.0999984741211,96.06999969482422,1.5360000133514404,0.04500000178813934
2021-11-22,19.170000076293945,76.75,96.5,1.625,0.03999999910593033
2021-11-23,19.3799991607666,78.5,96.48999786376953,1.6670000553131104,0.04500000178813934
2021-11-24,18.579999923706055,78.38999938964844,96.83999633789062,1.6449999809265137,0.05000000074505806
2021-11-25,18.579999923706055,78.38999938964844,96.83999633789062,1.6449999809265137,0.05000000074505806
2021-11-26,28.6200008392334,68.1500015258789,96.08999633789062,1.4819999933242798,0.0430000014603138
2021-11-29,22.959999084472656,69.94999694824219,96.33999633789062,1.5299999713897705,0.03799999877810478
2021-11-30,27.190000534057617,66.18000030517578,95.98999786376953,1.4429999589920044,0.04800000041723251
2021-12-01,31.1200008392334,65.56999969482422,96.05000305175781,1.434000015258789,0.05000000074505806
2021-12-02,27.950000762939453,66.5,96.12999725341797,1.4479999542236328,0.0430000014603138
2021-12-03,30.670000076293945,66.26000213623047,96.12000274658203,1.343000054359436,0.0430000014603138
2021-12-06,27.18000030517578,69.48999786376953,96.29000091552734,1.434000015258789,0.0430000014603138
2021-12-07,21.889999389648438,72.05000305175781,96.37000274658203,1.4800000190734863,0.057999998331069946
2021-12-08,19.899999618530273,72.36000061035156,95.88999938964844,1.5089999437332153,0.05999999865889549
2021-12-09,21.579999923706055,70.94000244140625,96.2699966430664,1.4869999885559082,0.05299999937415123
2021-12-10,18.690000534057617,71.66999816894531,96.05000305175781,1.4889999628067017,0.05000000074505806
2021-12-13,20.309999465942383,71.29000091552734,96.31999969482422,1.4240000247955322,0.0430000014603138
2021-12-14,21.889999389648438,70.7300033569336,96.56999969482422,1.437999963760376,0.04800000041723251
2021-12-15,19.290000915527344,70.87000274658203,96.51000213623047,1.4630000591278076,0.04500000178813934
2021-12-16,20.56999969482422,72.37999725341797,96.04000091552734,1.4220000505447388,0.03500000014901161
2021-12-17,21.56999969482422,70.86000061035156,96.56999969482422,1.4019999504089355,0.029999999329447746
2021-12-20,22.8700008392334,68.2300033569336,96.55000305175781,1.4190000295639038,0.03799999877810478
2021-12-21,21.010000228881836,71.12000274658203,96.48999786376953,1.4869999885559082,0.06499999761581421
2021-12-22,18.6299991607666,72.76000213623047,96.08000183105469,1.4570000171661377,0.06499999761581421
2021-12-23,17.959999084472656,73.79000091552734,96.0199966430664,1.4930000305175781,0.057999998331069946
2021-12-24,17.959999084472656,73.79000091552734,96.0199966430664,1.4930000305175781,0.057999998331069946
2021-12-27,17.68000030517578,75.56999969482422,96.08999633789062,1.4809999465942383,0.0430000014603138
2021-12-28,17.540000915527344,75.9800033569336,96.19999694824219,1.4809999465942383,0.05000000074505806
2021-12-29,16.950000762939453,76.55999755859375,95.93000030517578,1.5429999828338623,0.04500000178813934
2021-12-30,17.329999923706055,76.98999786376953,95.97000122070312,1.5149999856948853,0.02500000037252903
2021-12-31,17.219999313354492,75.20999908447266,95.66999816894531,1.5119999647140503,0.032999999821186066
2022-01-03,16.600000381469727,76.08000183105469,96.23999786376953,1.628000020980835,0.05299999937415123
2022-01-04,16.90999984741211,76.98999786376953,96.29000091552734,1.6679999828338623,0.07999999821186066
2022-01-05,19.729999542236328,77.8499984741211,96.19000244140625,1.7050000429153442,0.08500000089406967
2022-01-06,19.610000610351562,79.45999908447266,96.25,1.7330000400543213,0.09000000357627869
2022-01-07,18.760000228881836,78.9000015258789,95.73999786376953,1.7710000276565552,0.08799999952316284
2022-01-10,19.399999618530273,78.2300033569336,95.98999786376953,1.7799999713897705,0.09000000357627869
2022-01-11,18.40999984741211,81.22000122070312,95.62000274658203,1.746000051498413,0.11800000071525574
2022-01-12,17.6200008392334,82.63999938964844,95.0,1.725000023841858,0.11500000208616257
2022-01-13,20.309999465942383,82.12000274658203,94.79000091552734,1.7109999656677246,0.10999999940395355
2022-01-14,19.190000534057617,83.81999969482422,95.16999816894531,1.7719999551773071,0.11800000071525574
2022-01-17,19.190000534057617,83.81999969482422,95.16999816894531,1.7719999551773071,0.11800000071525574
2022-01-18,22.790000915527344,85.43000030517578,95.7300033569336,1.8650000095367432,0.12999999523162842
2022-01-19,23.850000381469727,86.95999908447266,95.51000213623047,1.8270000219345093,0.16500000655651093
2022-01-20,25.59000015258789,86.9000015258789,95.73999786376953,1.8329999446868896,0.1679999977350235
2022-01-21,28.850000381469727,85.13999938964844,95.63999938964844,1.746999979019165,0.15800000727176666
2022-01-24,29.899999618530273,83.30999755859375,95.91999816894531,1.7350000143051147,0.1550000011920929
2022-01-25,31.15999984741211,85.5999984741211,95.94999694824219,1.7829999923706055,0.1850000023841858
2022-01-26,31.959999084472656,87.3499984741211,96.48999786376953,1.8480000495910645,0.17800000309944153
2022-01-27,30.489999771118164,86.61000061035156,97.26000213623047,1.8070000410079956,0.1850000023841858
2022-01-28,27.65999984741211,86.81999969482422,97.2699966430664,1.781999945640564,0.17299999296665192
2022-01-31,24.829999923706055,88.1500015258789,96.54000091552734,1.781999945640564,0.17299999296665192
2022-02-01,21.959999084472656,88.19999694824219,96.38999938964844,1.7999999523162842,0.2029999941587448
2022-02-02,22.09000015258789,88.26000213623047,95.94000244140625,1.7660000324249268,0.1850000023841858
2022-02-03,24.350000381469727,90.2699966430664,95.37999725341797,1.8270000219345093,0.19300000369548798
2022-02-04,23.219999313354492,92.30999755859375,95.4800033569336,1.9299999475479126,0.22300000488758087
2022-02-07,22.860000610351562,91.31999969482422,95.4000015258789,1.9160000085830688,0.2029999941587448
2022-02-08,21.440000534057617,89.36000061035156,95.63999938964844,1.9539999961853027,0.2750000059604645
2022-02-09,19.959999084472656,89.66000366210938,95.48999786376953,1.9290000200271606,0.27000001072883606
2022-02-10,23.90999984741211,89.87999725341797,95.55000305175781,2.0309998989105225,0.3700000047683716
2022-02-11,27.360000610351562,93.0999984741211,96.08000183105469,1.9550000429153442,0.33799999952316284
2022-02-14,28.329999923706055,95.45999908447266,96.37000274658203,1.996000051498413,0.36000001430511475
2022-02-15,25.700000762939453,92.06999969482422,95.98999786376953,2.0450000762939453,0.4000000059604645
2022-02-16,24.290000915527344,93.66000366210938,95.69999694824219,2.046999931335449,0.37299999594688416
2022-02-17,28.110000610351562,91.76000213623047,95.80000305175781,1.972000002861023,0.3449999988079071
2022-02-18,27.75,91.06999969482422,96.04000091552734,1.9320000410079956,0.3179999887943268
2022-02-21,27.75,91.06999969482422,96.04000091552734,1.9320000410079956,0.3179999887943268
2022-02-22,28.809999465942383,92.3499984741211,96.02999877929688,1.9479999542236328,0.33000001311302185
2022-02-23,31.020000457763672,92.0999984741211,96.19000244140625,1.9769999980926514,0.3400000035762787
2022-02-24,30.31999969482422,92.80999755859375,97.13999938964844,1.968999981880188,0.28299999237060547
2022-02-25,27.59000015258789,91.58999633789062,96.62000274658203,1.9859999418258667,0.2980000078678131
2022-02-28,30.149999618530273,95.72000122070312,96.70999908447266,1.8389999866485596,0.2879999876022339
2022-03-01,33.31999969482422,103.41000366210938,97.41000366210938,1.7070000171661377,0.31299999356269836
2022-03-02,30.739999771118164,110.5999984741211,97.38999938964844,1.8650000095367432,0.32499998807907104
2022-03-03,30.479999542236328,107.66999816894531,97.79000091552734,1.843999981880188,0.33500000834465027
2022-03-04,31.979999542236328,115.68000030517578,98.6500015258789,1.7239999771118164,0.3050000071525574
2022-03-07,36.45000076293945,119.4000015258789,99.29000091552734,1.7510000467300415,0.3050000071525574
2022-03-08,35.130001068115234,123.69999694824219,99.05999755859375,1.871999979019165,0.36000001430511475
2022-03-09,32.45000076293945,108.69999694824219,97.97000122070312,1.9479999542236328,0.3700000047683716
2022-03-10,30.229999542236328,106.0199966430664,98.51000213623047,2.010999917984009,0.36000001430511475
2022-03-11,30.75,109.33000183105469,99.12000274658203,2.003999948501587,0.36500000953674316
2022-03-14,31.770000457763672,103.01000213623047,99.05999755859375,2.140000104904175,0.3779999911785126
2022-03-15,29.829999923706055,96.44000244140625,99.06999969482422,2.1600000858306885,0.4480000138282776
2022-03-16,26.670000076293945,95.04000091552734,98.37999725341797,2.187999963760376,0.43299999833106995
2022-03-17,25.670000076293945,102.9800033569336,98.01000213623047,2.191999912261963,0.36000001430511475
2022-03-18,23.8700008392334,104.69999694824219,98.2300033569336,2.1480000019073486,0.382999986410141
2022-03-21,23.530000686645508,112.12000274658203,98.5,2.315000057220459,0.45500001311302185
2022-03-22,22.940000534057617,111.76000213623047,98.48999786376953,2.372999906539917,0.5199999809265137
2022-03-23,23.56999969482422,114.93000030517578,98.62000274658203,2.321000099182129,0.47999998927116394
2022-03-24,21.670000076293945,112.33999633789062,98.79000091552734,2.3410000801086426,0.4830000102519989
2022-03-25,20.809999465942383,113.9000015258789,98.80999755859375,2.492000102996826,0.5199999809265137
2022-03-28,19.6299991607666,105.95999908447266,99.08999633789062,2.4769999980926514,0.5080000162124634
2022-03-29,18.899999618530273,104.23999786376953,98.4000015258789,2.4000000953674316,0.5550000071525574
2022-03-30,19.329999923706055,107.81999969482422,97.79000091552734,2.3580000400543213,0.5249999761581421
2022-03-31,20.559999465942383,100.27999877929688,98.30999755859375,2.3269999027252197,0.49300000071525574
2022-04-01,19.6299991607666,99.2699966430664,98.62999725341797,2.377000093460083,0.5
2022-04-04,18.56999969482422,103.27999877929688,98.98999786376953,2.4119999408721924,0.5379999876022339
2022-04-05,21.030000686645508,101.95999908447266,99.47000122070312,2.555999994277954,0.6679999828338623
2022-04-06,22.100000381469727,96.2300033569336,99.5999984741211,2.6089999675750732,0.6629999876022339
2022-04-07,21.549999237060547,96.02999877929688,99.75,2.6519999504089355,0.6600000262260437
2022-04-08,21.15999984741211,98.26000213623047,99.80000305175781,2.7130000591278076,0.6679999828338623
2022-04-11,24.3700008392334,94.29000091552734,99.93000030517578,2.7799999713897705,0.6800000071525574
2022-04-12,24.260000228881836,100.5999984741211,100.29000091552734,2.7249999046325684,0.7379999756813049
2022-04-13,21.81999969482422,104.25,99.87999725341797,2.687000036239624,0.7400000095367432
2022-04-14,22.700000762939453,106.94999694824219,100.31999969482422,2.828000068664551,0.7480000257492065
2022-04-15,22.700000762939453,106.94999694824219,100.31999969482422,2.828000068664551,0.7480000257492065
2022-04-18,22.170000076293945,108.20999908447266,100.77999877929688,2.861999988555908,0.7549999952316284
2022-04-19,21.3700008392334,102.55999755859375,100.95999908447266,2.9130001068115234,0.8330000042915344
2022-04-20,20.31999969482422,102.75,100.38999938964844,2.8399999141693115,0.7950000166893005
2022-04-21,22.68000030517578,103.79000091552734,100.58000183105469,2.9170000553131104,0.800000011920929
2022-04-22,28.209999084472656,102.06999969482422,101.22000122070312,2.9059998989105225,0.7799999713897705
2022-04-25,27.020000457763672,98.54000091552734,101.75,2.8259999752044678,0.7979999780654907
2022-04-26,33.52000045776367,101.69999694824219,102.30000305175781,2.7720000743865967,0.8330000042915344
2022-04-27,31.600000381469727,102.0199966430664,102.94999694824219,2.818000078201294,0.8080000281333923
2022-04-28,29.989999771118164,105.36000061035156,103.62000274658203,2.86299991607666,0.7850000262260437
2022-04-29,33.400001525878906,104.69000244140625,102.95999908447266,2.88700008392334,0.8080000281333923
2022-05-02,32.34000015258789,105.16999816894531,103.73999786376953,2.996000051498413,0.7649999856948853
2022-05-03,29.25,102.41000366210938,103.47000122070312,2.9600000381469727,0.8949999809265137
2022-05-04,25.420000076293945,107.80999755859375,102.58999633789062,2.9170000553131104,0.8330000042915344
2022-05-05,31.200000762939453,108.26000213623047,103.75,3.065999984741211,0.8029999732971191
2022-05-06,30.190000534057617,109.7699966430664,103.66000366210938,3.122999906539917,0.8149999976158142
2022-05-09,34.75,103.08999633789062,103.6500015258789,3.0789999961853027,0.800000011920929
2022-05-10,32.9900016784668,99.76000213623047,103.91999816894531,2.993000030517578,0.878000020980835
2022-05-11,32.560001373291016,105.70999908447266,103.8499984741211,2.9210000038146973,0.8830000162124634
2022-05-12,31.770000457763672,106.12999725341797,104.8499984741211,2.816999912261963,0.9049999713897705
2022-05-13,28.8700008392334,110.48999786376953,104.55999755859375,2.934999942779541,0.9430000185966492
2022-05-16,27.469999313354492,114.19999694824219,104.19000244140625,2.877000093460083,0.9800000190734863
2022-05-17,26.100000381469727,112.4000015258789,103.36000061035156,2.9679999351501465,1.0379999876022339
2022-05-18,30.959999084472656,109.58999633789062,103.80999755859375,2.885999917984009,1.003000020980835
2022-05-19,29.350000381469727,112.20999908447266,102.72000122070312,2.8550000190734863,1.0
2022-05-20,29.43000030517578,113.2300033569336,103.1500015258789,2.7869999408721924,0.9779999852180481
2022-05-23,28.479999542236328,110.29000091552734,102.08000183105469,2.8589999675750732,0.9929999709129333
2022-05-24,29.450000762939453,109.7699966430664,101.86000061035156,2.759999990463257,1.0429999828338623
2022-05-25,28.3700008392334,110.33000183105469,102.05999755859375,2.749000072479248,1.0449999570846558
2022-05-26,27.5,114.08999633789062,101.83000183105469,2.75600004196167,1.027999997138977
2022-05-27,25.719999313354492,115.06999969482422,101.66999816894531,2.743000030517578,1.024999976158142
2022-05-30,25.719999313354492,115.06999969482422,101.66999816894531,2.743000030517578,1.024999976158142
2022-05-31,26.190000534057617,114.66999816894531,101.75,2.8440001010894775,1.0299999713897705
2022-06-01,25.690000534057617,115.26000213623047,102.55000305175781,2.930999994277954,1.1030000448226929
2022-06-02,24.719999313354492,116.87000274658203,101.7699966430664,2.9130001068115234,1.1130000352859497
2022-06-03,24.790000915527344,118.87000274658203,102.13999938964844,2.9570000171661377,1.1349999904632568
2022-06-06,25.06999969482422,118.5,102.44000244140625,3.0380001068115234,1.159999966621399
2022-06-07,24.020000457763672,119.41000366210938,102.31999969482422,2.9719998836517334,1.225000023841858
2022-06-08,23.959999084472656,122.11000061035156,102.54000091552734,3.0290000438690186,1.2330000400543213
2022-06-09,26.09000015258789,121.51000213623047,103.22000122070312,3.0439999103546143,1.2380000352859497
2022-06-10,27.75,120.66999816894531,104.1500015258789,3.1559998989105225,1.2879999876022339
2022-06-13,34.02000045776367,120.93000030517578,105.08000183105469,3.365999937057495,1.4980000257492065
2022-06-14,32.689998626708984,118.93000030517578,105.5199966430664,3.4830000400543213,1.7430000305175781
2022-06-15,29.6200008392334,115.30999755859375,105.16000366210938,3.3949999809265137,1.6950000524520874
2022-06-16,32.95000076293945,117.58999633789062,103.62999725341797,3.306999921798706,1.4830000400543213
2022-06-17,31.1299991607666,109.55999755859375,104.69999694824219,3.239000082015991,1.5099999904632568
2022-06-20,31.1299991607666,109.55999755859375,104.69999694824219,3.239000082015991,1.5099999904632568
2022-06-21,30.190000534057617,110.6500015258789,104.44000244140625,3.306999921798706,1.4880000352859497
2022-06-22,28.950000762939453,106.19000244140625,104.19999694824219,3.1559998989105225,1.5449999570846558
2022-06-23,29.049999237060547,104.2699966430664,104.43000030517578,3.068000078201294,1.559999942779541
2022-06-24,27.229999542236328,107.62000274658203,104.19000244140625,3.125,1.5980000495910645
2022-06-27,26.950000762939453,109.56999969482422,103.94000244140625,3.194000005722046,1.6330000162124634
2022-06-28,28.360000610351562,111.76000213623047,104.51000213623047,3.2060000896453857,1.7380000352859497
2022-06-29,28.15999984741211,109.77999877929688,105.11000061035156,3.0929999351501465,1.7050000429153442
2022-06-30,28.709999084472656,105.76000213623047,104.69000244140625,2.9719998836517334,1.600000023841858
2022-07-01,26.700000762939453,108.43000030517578,105.13999938964844,2.8889999389648438,1.6030000448226929
2022-07-04,26.700000762939453,108.43000030517578,105.13999938964844,2.8889999389648438,1.6030000448226929
2022-07-05,27.540000915527344,99.5,106.5,2.809000015258789,1.6299999952316284
2022-07-06,26.729999542236328,98.52999877929688,107.0999984741211,2.9130001068115234,1.840000033378601
2022-07-07,26.079999923706055,102.7300033569336,107.12999725341797,3.007999897003174,1.8530000448226929
2022-07-08,24.639999389648438,104.79000091552734,107.01000213623047,3.1010000705718994,1.843000054359436
2022-07-11,26.170000076293945,104.08999633789062,108.0199966430664,2.990999937057495,1.9529999494552612
2022-07-12,27.290000915527344,95.83999633789062,108.06999969482422,2.9579999446868896,2.11299991607666
2022-07-13,26.81999969482422,96.30000305175781,107.95999908447266,2.9040000438690186,2.322999954223633
2022-07-14,26.399999618530273,95.77999877929688,108.54000091552734,2.9600000381469727,2.2730000019073486
2022-07-15,24.229999542236328,97.58999633789062,108.05999755859375,2.930000066757202,2.240000009536743
2022-07-18,25.299999237060547,102.5999984741211,107.37000274658203,2.9600000381469727,2.259999990463257
2022-07-19,24.5,104.22000122070312,106.68000030517578,3.0190000534057617,2.450000047683716
2022-07-20,23.8799991607666,102.26000213623047,107.08000183105469,3.0360000133514404,2.378000020980835
2022-07-21,23.110000610351562,96.3499984741211,106.91000366210938,2.9100000858306885,2.359999895095825
2022-07-22,23.030000686645508,94.69999694824219,106.7300033569336,2.7829999923706055,2.3550000190734863
2022-07-25,23.360000610351562,96.69999694824219,106.4800033569336,2.819999933242798,2.3929998874664307
2022-07-26,24.690000534057617,94.9800033569336,107.19000244140625,2.7869999408721924,2.4749999046325684
2022-07-27,23.239999771118164,97.26000213623047,106.44999694824219,2.7339999675750732,2.382999897003174
2022-07-28,22.329999923706055,96.41999816894531,106.3499984741211,2.680999994277954,2.308000087738037
2022-07-29,21.329999923706055,98.62000274658203,105.9000015258789,2.6419999599456787,2.2980000972747803
2022-08-01,22.84000015258789,93.88999938964844,105.44999694824219,2.6059999465942383,2.265000104904175
2022-08-02,23.93000030517578,94.41999816894531,106.23999786376953,2.740999937057495,2.4630000591278076
2022-08-03,21.950000762939453,90.66000366210938,106.51000213623047,2.747999906539917,2.427999973297119
2022-08-04,21.440000534057617,88.54000091552734,105.69000244140625,2.6760001182556152,2.378000020980835
2022-08-05,21.149999618530273,89.01000213623047,106.62000274658203,2.8399999141693115,2.4100000858306885
2022-08-08,21.290000915527344,90.76000213623047,106.44000244140625,2.765000104904175,2.4600000381469727
2022-08-09,21.770000457763672,90.5,106.37000274658203,2.796999931335449,2.569999933242798
2022-08-10,19.739999771118164,91.93000030517578,105.19999694824219,2.7860000133514404,2.5350000858306885
2022-08-11,20.200000762939453,94.33999633789062,105.08999633789062,2.888000011444092,2.490000009536743
2022-08-12,19.530000686645508,92.08999633789062,105.62999725341797,2.8489999771118164,2.5
2022-08-15,19.950000762939453,89.41000366210938,106.55000305175781,2.7909998893737793,2.513000011444092
2022-08-16,19.690000534057617,86.52999877929688,106.5,2.8239998817443848,2.5980000495910645
2022-08-17,19.899999618530273,88.11000061035156,106.56999969482422,2.8929998874664307,2.568000078201294
2022-08-18,19.559999465942383,90.5,107.4800033569336,2.880000114440918,2.565000057220459
2022-08-19,20.600000381469727,90.7699966430664,108.16999816894531,2.989000082015991,2.5799999237060547
2022-08-22,23.799999237060547,90.2300033569336,109.05000305175781,3.0369999408721924,2.6480000019073486
2022-08-23,24.110000610351562,93.73999786376953,108.62000274658203,3.053999900817871,2.703000068664551
2022-08-24,22.81999969482422,94.88999938964844,108.68000030517578,3.1059999465942383,2.7130000591278076
2022-08-25,21.780000686645508,92.5199966430664,108.47000122070312,3.0260000228881836,2.7300000190734863
2022-08-26,25.559999465942383,93.05999755859375,108.80000305175781,3.0350000858306885,2.755000114440918
2022-08-29,26.209999084472656,97.01000213623047,108.83999633789062,3.109999895095825,2.7980000972747803
2022-08-30,26.209999084472656,91.63999938964844,108.7699966430664,3.109999895095825,2.872999906539917
2022-08-31,25.8700008392334,89.55000305175781,108.69999694824219,3.132999897003174,2.859999895095825
2022-09-01,25.559999465942383,86.61000061035156,109.69000244140625,3.265000104904175,2.86299991607666
2022-09-02,25.469999313354492,86.87000274658203,109.52999877929688,3.193000078201294,2.819999933242798
2022-09-05,25.469999313354492,86.87000274658203,109.52999877929688,3.193000078201294,2.819999933242798
2022-09-06,26.90999984741211,86.87999725341797,110.20999908447266,3.3399999141693115,2.8450000286102295
2022-09-07,24.639999389648438,81.94000244140625,109.83999633789062,3.265000104904175,2.933000087738037
2022-09-08,23.610000610351562,83.54000091552734,109.70999908447266,3.2920000553131104,2.950000047683716
2022-09-09,22.790000915527344,86.79000091552734,109.0,3.321000099182129,2.9679999351501465
2022-09-12,23.8700008392334,87.77999877929688,108.33000183105469,3.361999988555908,2.994999885559082
2022-09-13,27.270000457763672,87.30999755859375,109.81999969482422,3.421999931335449,3.1530001163482666
2022-09-14,26.15999984741211,88.4800033569336,109.66000366210938,3.4119999408721924,3.128000020980835
2022-09-15,26.270000457763672,85.0999984741211,109.73999786376953,3.4590001106262207,3.0950000286102295
2022-09-16,26.299999237060547,85.11000061035156,109.76000213623047,3.447999954223633,3.069999933242798
2022-09-19,25.760000228881836,85.7300033569336,109.73999786376953,3.490000009536743,3.0350000858306885
2022-09-20,27.15999984741211,84.44999694824219,110.22000122070312,3.571000099182129,3.243000030517578
2022-09-21,27.989999771118164,82.94000244140625,110.63999938964844,3.509999990463257,3.190000057220459
2022-09-22,27.350000381469727,83.48999786376953,111.3499984741211,3.7079999446868896,3.130000114440918
2022-09-23,29.920000076293945,78.73999786376953,113.19000244140625,3.697000026702881,3.1080000400543213
2022-09-26,32.2599983215332,76.70999908447266,114.0999984741211,3.878000020980835,3.1649999618530273
2022-09-27,32.599998474121094,78.5,114.11000061035156,3.9639999866485596,3.25
2022-09-28,30.18000030517578,82.1500015258789,112.5999984741211,3.7049999237060547,3.2300000190734863
2022-09-29,31.84000015258789,81.2300033569336,112.25,3.746999979019165,3.2179999351501465
2022-09-30,31.6200008392334,79.48999786376953,112.12000274658203,3.803999900817871,3.180000066757202
2022-10-03,30.100000381469727,83.62999725341797,111.75,3.6510000228881836,3.1500000953674316
2022-10-04,29.06999969482422,86.5199966430664,110.06999969482422,3.617000102996826,3.315000057220459
2022-10-05,28.549999237060547,87.76000213623047,111.06999969482422,3.759000062942505,3.2929999828338623
2022-10-06,30.520000457763672,88.44999694824219,112.26000213623047,3.8259999752044678,3.2880001068115234
2022-10-07,31.360000610351562,92.63999938964844,112.80000305175781,3.882999897003174,3.2929999828338623
2022-10-10,32.45000076293945,91.12999725341797,113.13999938964844,3.888000011444092,3.2850000858306885
2022-10-11,33.630001068115234,89.3499984741211,113.22000122070312,3.938999891281128,3.3399999141693115
2022-10-12,33.56999969482422,87.2699966430664,113.31999969482422,3.9019999504089355,3.5329999923706055
2022-10-13,31.940000534057617,89.11000061035156,112.36000061035156,3.9519999027252197,3.5829999446868896
2022-10-14,32.02000045776367,85.61000061035156,113.30999755859375,4.010000228881836,3.628000020980835
2022-10-17,31.3700008392334,85.45999908447266,112.04000091552734,4.014999866485596,3.687999963760376
2022-10-18,30.5,82.81999969482422,112.12999725341797,3.997999906539917,3.8329999446868896
2022-10-19,30.760000228881836,85.55000305175781,112.9800033569336,4.126999855041504,3.8929998874664307
2022-10-20,29.979999542236328,85.9800033569336,112.87999725341797,4.22599983215332,3.890000104904175
2022-10-21,29.690000534057617,85.05000305175781,112.01000213623047,4.2129998207092285,3.884999990463257
2022-10-24,29.850000381469727,84.58000183105469,111.98999786376953,4.234000205993652,3.9130001068115234
2022-10-25,28.459999084472656,85.31999969482422,110.94999694824219,4.107999801635742,3.9649999141693115
2022-10-26,27.280000686645508,87.91000366210938,109.69999694824219,4.014999866485596,3.930000066757202
2022-10-27,27.389999389648438,89.08000183105469,110.58999633789062,3.937000036239624,3.930000066757202
2022-10-28,25.75,87.9000015258789,110.66999816894531,4.010000228881836,3.9700000286102295
2022-10-31,25.8799991607666,86.52999877929688,111.52999877929688,4.077000141143799,3.9749999046325684
2022-11-01,25.809999465942383,88.37000274658203,111.4800033569336,4.052000045776367,4.050000190734863
2022-11-02,25.860000610351562,90.0,111.3499984741211,4.059000015258789,4.025000095367432
2022-11-03,25.299999237060547,88.16999816894531,112.93000030517578,4.124000072479248,4.025000095367432
2022-11-04,24.549999237060547,92.61000061035156,110.87999725341797,4.156000137329102,4.013000011444092
2022-11-07,24.350000381469727,91.79000091552734,110.12000274658203,4.214000225067139,3.9830000400543213
2022-11-08,25.540000915527344,88.91000366210938,109.62000274658203,4.125999927520752,4.090000152587891
2022-11-09,26.09000015258789,85.83000183105469,110.55000305175781,4.151000022888184,4.0929999351501465
2022-11-10,23.530000686645508,86.47000122070312,108.20999908447266,3.8289999961853027,4.054999828338623
2022-11-11,22.520000457763672,88.95999908447266,106.29000091552734,3.812999963760376,4.063000202178955
2022-11-14,23.729999542236328,85.87000274658203,106.66000366210938,3.865000009536743,4.067999839782715
2022-11-15,24.540000915527344,86.91999816894531,106.4000015258789,3.7990000247955322,4.130000114440918
2022-11-16,24.110000610351562,85.58999633789062,106.27999877929688,3.691999912261963,4.125
2022-11-17,23.93000030517578,81.63999938964844,106.69000244140625,3.7750000953674316,4.11299991607666
2022-11-18,23.1200008392334,80.08000183105469,106.93000030517578,3.818000078201294,4.135000228881836
2022-11-21,22.360000610351562,79.7300033569336,107.83999633789062,3.825000047683716,4.0980000495910645
2022-11-22,21.290000915527344,80.94999694824219,107.22000122070312,3.757999897003174,4.197999954223633
2022-11-23,20.350000381469727,77.94000244140625,106.08000183105469,3.7060000896453857,4.199999809265137
2022-11-24,20.350000381469727,77.94000244140625,106.08000183105469,3.7060000896453857,4.199999809265137
2022-11-25,20.5,76.27999877929688,105.95999908447266,3.690999984741211,4.175000190734863
2022-11-28,22.209999084472656,77.23999786376953,106.68000030517578,3.703000068664551,4.183000087738037
2022-11-29,21.889999389648438,78.19999694824219,106.81999969482422,3.747999906539917,4.252999782562256
2022-11-30,20.579999923706055,80.55000305175781,105.94999694824219,3.703000068664551,4.252999782562256
2022-12-01,19.84000015258789,81.22000122070312,104.7300033569336,3.5290000438690186,4.192999839782715
2022-12-02,19.059999465942383,79.9800033569336,104.55000305175781,3.50600004196167,4.208000183105469
2022-12-05,20.75,76.93000030517578,105.29000091552734,3.5989999771118164,4.1579999923706055
2022-12-06,22.170000076293945,74.25,105.58000183105469,3.513000011444092,4.21999979019165
2022-12-07,22.68000030517578,72.01000213623047,105.0999984741211,3.4079999923706055,4.183000087738037
2022-12-08,22.290000915527344,71.45999908447266,104.7699966430664,3.490999937057495,4.150000095367432
2022-12-09,22.829999923706055,71.0199966430664,104.80999755859375,3.566999912261963,4.172999858856201
2022-12-12,25.0,73.16999816894531,105.12999725341797,3.6110000610351562,4.168000221252441
2022-12-13,22.549999237060547,75.38999938964844,103.9800033569336,3.500999927520752,4.248000144958496
2022-12-14,21.139999389648438,77.27999877929688,103.7699966430664,3.503000020980835,4.21999979019165
2022-12-15,22.829999923706055,76.11000061035156,104.55999755859375,3.450000047683716,4.2129998207092285
2022-12-16,22.6200008392334,74.29000091552734,104.69999694824219,3.4820001125335693,4.163000106811523
2022-12-19,22.420000076293945,75.19000244140625,104.72000122070312,3.5810000896453857,4.163000106811523
2022-12-20,21.479999542236328,76.08999633789062,103.97000122070312,3.684000015258789,4.230000019073486
2022-12-21,20.06999969482422,78.29000091552734,104.16000366210938,3.684000015258789,4.204999923706055
2022-12-22,21.969999313354492,77.48999786376953,104.43000030517578,3.6689999103546143,4.208000183105469
2022-12-23,20.8700008392334,79.55999755859375,104.30999755859375,3.750999927520752,4.192999839782715
2022-12-26,20.8700008392334,79.55999755859375,104.30999755859375,3.750999927520752,4.192999839782715
2022-12-27,21.649999618530273,79.52999877929688,104.18000030517578,3.859999895095825,4.195000171661377
2022-12-28,22.139999389648438,78.95999908447266,104.45999908447266,3.88700008392334,4.3379998207092285
2022-12-29,21.440000534057617,78.4000015258789,103.83999633789062,3.8350000381469727,4.295000076293945
2022-12-30,21.670000076293945,80.26000213623047,103.5199966430664,3.878999948501587,4.260000228881836
2023-01-02,21.670000076293945,80.26000213623047,103.5199966430664,3.878999948501587,4.260000228881836
2023-01-03,22.899999618530273,76.93000030517578,104.5199966430664,3.7929999828338623,4.255000114440918
2023-01-04,22.010000228881836,72.83999633789062,104.25,3.7090001106262207,4.400000095367432
2023-01-05,22.459999084472656,73.66999816894531,105.04000091552734,3.7200000286102295,4.498000144958496
2023-01-06,21.1299991607666,73.7699966430664,103.87999725341797,3.569000005722046,4.493000030517578
2023-01-09,21.969999313354492,74.62999725341797,103.0,3.5169999599456787,4.482999801635742
2023-01-10,20.579999923706055,75.12000274658203,103.23999786376953,3.621000051498413,4.565000057220459
2023-01-11,21.09000015258789,77.41000366210938,103.19000244140625,3.553999900817871,4.554999828338623
2023-01-12,18.829999923706055,78.38999938964844,102.25,3.4489998817443848,4.474999904632568
2023-01-13,18.350000381469727,79.86000061035156,102.19999694824219,3.510999917984009,4.48799991607666
2023-01-16,18.350000381469727,79.86000061035156,102.19999694824219,3.510999917984009,4.48799991607666
2023-01-17,19.360000610351562,80.18000030517578,102.38999938964844,3.5350000858306885,4.493000030517578
2023-01-18,20.34000015258789,79.4800033569336,102.36000061035156,3.375,4.53000020980835
2023-01-19,20.520000457763672,80.33000183105469,102.05999755859375,3.3970000743865967,4.525000095367432
2023-01-20,19.850000381469727,81.30999755859375,102.01000213623047,3.4839999675750732,4.538000106811523
2023-01-23,19.809999465942383,81.62000274658203,102.13999938964844,3.5250000953674316,4.534999847412109
2023-01-24,19.200000762939453,80.12999725341797,101.91999816894531,3.4690001010894775,4.572999954223633
2023-01-25,19.079999923706055,80.1500015258789,101.63999938964844,3.4619998931884766,4.545000076293945
2023-01-26,18.729999542236328,81.01000213623047,101.83999633789062,3.493000030517578,4.543000221252441
2023-01-27,18.510000228881836,79.68000030517578,101.93000030517578,3.5179998874664307,4.547999858856201
2023-01-30,19.940000534057617,77.9000015258789,102.27999877929688,3.5510001182556152,4.534999847412109
2023-01-31,19.399999618530273,78.87000274658203,102.0999984741211,3.5290000438690186,4.570000171661377
2023-02-01,17.8700008392334,76.41000366210938,101.22000122070312,3.3970000743865967,4.519999980926514
2023-02-02,18.729999542236328,75.87999725341797,101.75,3.3959999084472656,4.510000228881836
2023-02-03,18.329999923706055,73.38999938964844,102.91999816894531,3.5320000648498535,4.5229997634887695
2023-02-06,19.43000030517578,74.11000061035156,103.62000274658203,3.634000062942505,4.5329999923706055
2023-02-07,18.65999984741211,77.13999938964844,103.43000030517578,3.6740000247955322,4.570000171661377
2023-02-08,19.6299991607666,78.47000122070312,103.41000366210938,3.6530001163482666,4.585000038146973
2023-02-09,20.709999084472656,78.05999755859375,103.22000122070312,3.683000087738037,4.61299991607666
2023-02-10,20.530000686645508,79.72000122070312,103.62999725341797,3.74399995803833,4.635000228881836
2023-02-13,20.34000015258789,80.13999938964844,103.3499984741211,3.7170000076293945,4.644999980926514
2023-02-14,18.90999984741211,79.05999755859375,103.2300033569336,3.760999917984009,4.659999847412109
2023-02-15,18.229999542236328,78.58999633789062,103.91999816894531,3.809000015258789,4.64300012588501
2023-02-16,20.170000076293945,78.48999786376953,103.86000061035156,3.8429999351501465,4.664999961853027
2023-02-17,20.020000457763672,76.33999633789062,103.86000061035156,3.828000068664551,4.679999828338623
2023-02-20,20.020000457763672,76.33999633789062,103.86000061035156,3.828000068664551,4.679999828338623
2023-02-21,22.8700008392334,76.16000366210938,104.18000030517578,3.9549999237060547,4.688000202178955
2023-02-22,22.290000915527344,73.94999694824219,104.58999633789062,3.9230000972747803,4.695000171661377
2023-02-23,21.139999389648438,75.38999938964844,104.5999984741211,3.878999948501587,4.690000057220459
2023-02-24,21.670000076293945,76.31999969482422,105.20999908447266,3.9489998817443848,4.703000068664551
2023-02-27,20.950000762939453,75.68000030517578,104.66999816894531,3.921999931335449,4.664999961853027
2023-02-28,20.700000762939453,77.05000305175781,104.87000274658203,3.9159998893737793,4.710000038146973
2023-03-01,20.579999923706055,77.69000244140625,104.4800033569336,3.99399995803833,4.724999904632568
2023-03-02,19.59000015258789,78.16000366210938,105.02999877929688,4.072999954223633,4.7230000495910645
2023-03-03,18.489999771118164,79.68000030517578,104.5199966430664,3.9639999866485596,4.7179999351501465
2023-03-06,18.610000610351562,80.45999908447266,104.3499984741211,3.9830000400543213,4.728000164031982
2023-03-07,19.59000015258789,77.58000183105469,105.62000274658203,3.9749999046325684,4.84499979019165
2023-03-08,19.110000610351562,76.66000366210938,105.66000366210938,3.9760000705718994,4.882999897003174
2023-03-09,22.610000610351562,75.72000122070312,105.30999755859375,3.924999952316284,4.8480000495910645
2023-03-10,24.799999237060547,76.68000030517578,104.58000183105469,3.694999933242798,4.802999973297119
2023-03-13,26.520000457763672,74.80000305175781,103.5999984741211,3.515000104904175,4.6579999923706055
2023-03-14,23.729999542236328,71.33000183105469,103.5999984741211,3.638000011444092,4.679999828338623
2023-03-15,26.139999389648438,67.61000061035156,104.6500015258789,3.492000102996826,4.558000087738037
2023-03-16,22.989999771118164,68.3499984741211,104.41999816894531,3.5850000381469727,4.53000020980835
2023-03-17,25.510000228881836,66.73999786376953,103.70999908447266,3.3949999809265137,4.293000221252441
2023-03-20,24.149999618530273,67.63999938964844,103.27999877929688,3.4809999465942383,4.465000152587891
2023-03-21,21.3799991607666,69.33000183105469,103.26000213623047,3.6059999465942383,4.605000019073486
2023-03-22,22.260000228881836,70.9000015258789,102.3499984741211,3.5,4.563000202178955
2023-03-23,22.610000610351562,69.95999908447266,102.52999877929688,3.4059998989105225,4.502999782562256
2023-03-24,21.739999771118164,69.26000213623047,103.12000274658203,3.380000114440918,4.502999782562256
2023-03-27,20.600000381469727,72.80999755859375,102.86000061035156,3.5280001163482666,4.583000183105469
2023-03-28,19.969999313354492,73.19999694824219,102.43000030517578,3.563999891281128,4.627999782562256
2023-03-29,19.1200008392334,72.97000122070312,102.63999938964844,3.565999984741211,4.630000114440918
2023-03-30,19.020000457763672,74.37000274658203,102.13999938964844,3.5510001182556152,4.664999961853027
2023-03-31,18.700000762939453,75.66999816894531,102.51000213623047,3.49399995803833,4.585000038146973
2023-04-03,18.549999237060547,80.41999816894531,102.08999633789062,3.430000066757202,4.570000171661377
2023-04-04,19.0,80.70999908447266,101.58999633789062,3.3369998931884766,4.728000164031982
2023-04-05,19.079999923706055,80.61000061035156,101.8499984741211,3.2869999408721924,4.704999923706055
2023-04-06,18.399999618530273,80.69999694824219,101.81999969482422,3.2880001068115234,4.710000038146973
2023-04-07,18.399999618530273,80.69999694824219,101.81999969482422,3.2880001068115234,4.710000038146973
2023-04-10,18.969999313354492,79.73999786376953,102.58000183105469,3.4149999618530273,4.8379998207092285
2023-04-11,19.100000381469727,81.52999877929688,102.19999694824219,3.434000015258789,4.880000114440918
2023-04-12,19.09000015258789,83.26000213623047,101.5,3.4210000038146973,4.860000133514404
2023-04-13,17.799999237060547,82.16000366210938,101.01000213623047,3.4519999027252197,4.855000019073486
2023-04-14,17.06999969482422,82.5199966430664,101.55000305175781,3.5220000743865967,4.9029998779296875
2023-04-17,16.950000762939453,80.83000183105469,102.0999984741211,3.5910000801086426,4.922999858856201
2023-04-18,16.829999923706055,80.86000061035156,101.75,3.572000026702881,5.03000020980835
2023-04-19,16.459999084472656,79.16000366210938,101.97000122070312,3.6019999980926514,4.994999885559082
2023-04-20,17.170000076293945,77.29000091552734,101.83999633789062,3.5450000762939453,4.945000171661377
2023-04-21,16.770000457763672,77.87000274658203,101.81999969482422,3.569999933242798,4.949999809265137
2023-04-24,16.889999389648438,78.76000213623047,101.3499984741211,3.515000104904175,4.873000144958496
2023-04-25,18.760000228881836,77.06999969482422,101.86000061035156,3.3959999084472656,4.953000068664551
2023-04-26,18.84000015258789,74.30000305175781,101.47000122070312,3.431999921798706,4.985000133514404
2023-04-27,17.030000686645508,74.76000213623047,101.5,3.5280001163482666,5.0
2023-04-28,15.779999732971191,76.77999877929688,101.66999816894531,3.4519999027252197,4.922999858856201
2023-05-01,16.079999923706055,75.66000366210938,102.1500015258789,3.5739998817443848,4.864999771118164
2023-05-02,17.780000686645508,71.66000366210938,101.95999908447266,3.438999891281128,5.039999961853027
2023-05-03,18.34000015258789,68.5999984741211,101.33999633789062,3.4030001163482666,5.09499979019165
2023-05-04,20.09000015258789,68.55999755859375,101.4000015258789,3.3510000705718994,5.054999828338623
2023-05-05,17.190000534057617,71.33999633789062,101.20999908447266,3.446000099182129,5.079999923706055
2023-05-08,16.979999542236328,73.16000366210938,101.37000274658203,3.5209999084472656,5.083000183105469
2023-05-09,17.709999084472656,73.70999908447266,101.63999938964844,3.5209999084472656,5.123000144958496
2023-05-10,16.940000534057617,72.55999755859375,101.4800033569336,3.438999891281128,5.065000057220459
2023-05-11,16.93000030517578,70.87000274658203,102.05999755859375,3.3970000743865967,5.014999866485596
2023-05-12,17.030000686645508,70.04000091552734,102.68000030517578,3.4630000591278076,5.0279998779296875
2023-05-15,17.1200008392334,71.11000061035156,102.43000030517578,3.507999897003174,5.0
2023-05-16,17.989999771118164,70.86000061035156,102.55999755859375,3.5490000247955322,5.058000087738037
2023-05-17,16.8700008392334,72.83000183105469,102.87999725341797,3.5810000896453857,5.0879998207092285
2023-05-18,16.049999237060547,71.86000061035156,103.58000183105469,3.6480000019073486,5.125
2023-05-19,16.809999465942383,71.55000305175781,103.19999694824219,3.691999912261963,5.085000038146973
2023-05-22,17.209999084472656,71.98999786376953,103.19999694824219,3.7190001010894775,5.09499979019165
2023-05-23,18.530000686645508,72.91000366210938,103.48999786376953,3.697999954223633,5.1529998779296875
2023-05-24,20.030000686645508,74.33999633789062,103.88999938964844,3.7190001010894775,5.184999942779541
2023-05-25,19.139999389648438,71.83000183105469,104.20999908447266,3.813999891281128,5.163000106811523
2023-05-26,17.950000762939453,72.66999816894531,104.20999908447266,3.809999942779541,5.114999771118164
2023-05-29,17.950000762939453,72.66999816894531,104.20999908447266,3.809999942779541,5.114999771118164
2023-05-30,17.459999084472656,69.45999908447266,104.16999816894531,3.700000047683716,5.14300012588501
2023-05-31,17.940000534057617,68.08999633789062,104.31999969482422,3.63700008392334,5.248000144958496
2023-06-01,15.649999618530273,70.0999984741211,103.55999755859375,3.6080000400543213,5.203000068664551
2023-06-02,14.600000381469727,71.73999786376953,104.0199966430664,3.690999984741211,5.215000152587891
2023-06-05,14.729999542236328,72.1500015258789,104.0,3.693000078201294,5.14300012588501
2023-06-06,13.960000038146973,71.73999786376953,104.12999725341797,3.6989998817443848,5.1579999923706055
2023-06-07,13.9399995803833,72.52999877929688,104.0999984741211,3.7839999198913574,5.1529998779296875
2023-06-08,13.649999618530273,71.29000091552734,103.33999633789062,3.7139999866485596,5.099999904632568
2023-06-09,13.829999923706055,70.16999816894531,103.55999755859375,3.744999885559082,5.09499979019165
2023-06-12,15.010000228881836,67.12000274658203,103.62999725341797,3.765000104904175,5.09499979019165
2023-06-13,14.609999656677246,69.41999816894531,103.33999633789062,3.8389999866485596,5.099999904632568
2023-06-14,13.880000114440918,68.2699966430664,103.01000213623047,3.7960000038146973,5.079999923706055
2023-06-15,14.5,70.62000274658203,102.12000274658203,3.7279999256134033,5.054999828338623
2023-06-16,13.539999961853027,71.77999877929688,102.30000305175781,3.7690000534057617,5.065000057220459
2023-06-19,13.539999961853027,71.77999877929688,102.30000305175781,3.7690000534057617,5.065000057220459
2023-06-20,13.880000114440918,70.5,102.54000091552734,3.7290000915527344,5.074999809265137
2023-06-21,13.199999809265137,72.52999877929688,102.06999969482422,3.7230000495910645,5.135000228881836
2023-06-22,12.90999984741211,69.51000213623047,102.38999938964844,3.7990000247955322,5.135000228881836
2023-06-23,13.4399995803833,69.16000366210938,102.9000015258789,3.739000082015991,5.138000011444092
2023-06-26,14.25,69.37000274658203,102.69000244140625,3.7190001010894775,5.15500020980835
2023-06-27,13.739999771118164,67.69999694824219,102.48999786376953,3.7679998874664307,5.179999828338623
2023-06-28,13.430000305175781,69.55999755859375,102.91000366210938,3.7100000381469727,5.170000076293945
2023-06-29,13.539999961853027,69.86000061035156,103.33999633789062,3.8540000915527344,5.175000190734863
2023-06-30,13.59000015258789,70.63999938964844,102.91000366210938,3.819000005722046,5.1529998779296875
2023-07-03,13.569999694824219,69.79000091552734,102.98999786376953,3.8580000400543213,5.144999980926514
2023-07-04,13.569999694824219,69.79000091552734,102.98999786376953,3.8580000400543213,5.144999980926514
2023-07-05,14.180000305175781,71.79000091552734,103.37000274658203,3.944999933242798,5.192999839782715
2023-07-06,15.4399995803833,71.80000305175781,103.16999816894531,4.040999889373779,5.2129998207092285
2023-07-07,14.829999923706055,73.86000061035156,102.2699966430664,4.050000190734863,5.2129998207092285
2023-07-10,15.069999694824219,72.98999786376953,101.97000122070312,4.00600004196167,5.224999904632568
2023-07-11,14.84000015258789,74.83000183105469,101.7300033569336,3.9800000190734863,5.243000030517578
2023-07-12,13.539999961853027,75.75,100.5199966430664,3.8610000610351562,5.230000019073486
2023-07-13,13.609999656677246,76.88999938964844,99.7699966430664,3.760999917984009,5.2230000495910645
2023-07-14,13.34000015258789,75.41999816894531,99.91000366210938,3.819000005722046,5.215000152587891
2023-07-17,13.479999542236328,74.1500015258789,99.83999633789062,3.796999931335449,5.232999801635742
2023-07-18,13.300000190734863,75.75,99.94000244140625,3.7890000343322754,5.248000144958496
2023-07-19,13.760000228881836,75.3499984741211,100.27999877929688,3.742000102996826,5.244999885559082
2023-07-20,13.989999771118164,75.62999725341797,100.87999725341797,3.8540000915527344,5.243000030517578
2023-07-21,13.600000381469727,77.06999969482422,101.06999969482422,3.8369998931884766,5.248000144958496
2023-07-24,13.90999984741211,78.73999786376953,101.3499984741211,3.8570001125335693,5.25
2023-07-25,13.859999656677246,79.62999725341797,101.3499984741211,3.9119999408721924,5.264999866485596
2023-07-26,13.1899995803833,78.77999877929688,100.88999938964844,3.8510000705718994,5.26800012588501
2023-07-27,14.40999984741211,80.08999633789062,101.7699966430664,4.01200008392334,5.26800012588501
2023-07-28,13.329999923706055,80.58000183105469,101.62000274658203,3.9690001010894775,5.255000114440918
2023-07-31,13.630000114440918,81.80000305175781,101.86000061035156,3.9590001106262207,5.248000144958496
2023-08-01,13.930000305175781,81.37000274658203,102.30000305175781,4.051000118255615,5.260000228881836
2023-08-02,16.09000015258789,79.48999786376953,102.58999633789062,4.078000068664551,5.260000228881836
2023-08-03,15.920000076293945,81.55000305175781,102.54000091552734,4.189000129699707,5.257999897003174
2023-08-04,17.100000381469727,82.81999969482422,102.0199966430664,4.059999942779541,5.252999782562256
2023-08-07,15.770000457763672,81.94000244140625,102.05000305175781,4.078000068664551,5.260000228881836
2023-08-08,15.989999771118164,82.91999816894531,102.52999877929688,4.026000022888184,5.275000095367432
2023-08-09,15.960000038146973,84.4000015258789,102.48999786376953,4.01200008392334,5.28000020980835
2023-08-10,15.850000381469727,82.81999969482422,102.5199966430664,4.079999923706055,5.26800012588501
2023-08-11,14.84000015258789,83.19000244140625,102.83999633789062,4.168000221252441,5.264999866485596
2023-08-14,14.819999694824219,82.51000213623047,103.19000244140625,4.184000015258789,5.269999980926514
2023-08-15,16.459999084472656,80.98999786376953,103.20999908447266,4.2210001945495605,5.28000020980835
2023-08-16,16.780000686645508,79.37999725341797,103.41999816894531,4.257999897003174,5.284999847412109
2023-08-17,17.889999389648438,80.38999938964844,103.44000244140625,4.308000087738037,5.2779998779296875
2023-08-18,17.299999237060547,81.25,103.37999725341797,4.250999927520752,5.2779998779296875
2023-08-21,17.1299991607666,80.72000122070312,103.33000183105469,4.3420000076293945,5.28000020980835
2023-08-22,16.969999313354492,80.3499984741211,103.55999755859375,4.328000068664551,5.295000076293945
2023-08-23,15.979999542236328,78.88999938964844,103.36000061035156,4.197999954223633,5.295000076293945
2023-08-24,17.200000762939453,79.05000305175781,103.9800033569336,4.235000133514404,5.302999973297119
2023-08-25,15.680000305175781,79.83000183105469,104.08000183105469,4.238999843597412,5.315000057220459
2023-08-28,15.079999923706055,80.0999984741211,104.05999755859375,4.211999893188477,5.322999954223633
2023-08-29,14.449999809265137,81.16000366210938,103.55000305175781,4.122000217437744,5.320000171661377
2023-08-30,13.880000114440918,81.62999725341797,103.16000366210938,4.118000030517578,5.315000057220459
2023-08-31,13.569999694824219,83.62999725341797,103.62000274658203,4.0929999351501465,5.297999858856201
2023-09-01,13.09000015258789,85.55000305175781,104.23999786376953,4.172999858856201,5.26800012588501
2023-09-04,13.09000015258789,85.55000305175781,104.23999786376953,4.172999858856201,5.26800012588501
2023-09-05,14.010000228881836,86.69000244140625,104.80999755859375,4.26800012588501,5.2779998779296875
2023-09-06,14.449999809265137,87.54000091552734,104.86000061035156,4.289999961853027,5.300000190734863
2023-09-07,14.399999618530273,86.87000274658203,105.05999755859375,4.260000228881836,5.2829999923706055
2023-09-08,13.84000015258789,87.51000213623047,105.08999633789062,4.257999897003174,5.293000221252441
2023-09-11,13.800000190734863,87.29000091552734,104.56999969482422,4.288000106811523,5.293000221252441
2023-09-12,14.229999542236328,88.83999633789062,104.70999908447266,4.263999938964844,5.304999828338623
2023-09-13,13.479999542236328,88.5199966430664,104.7699966430664,4.249000072479248,5.304999828338623
2023-09-14,12.819999694824219,90.16000366210938,105.41000366210938,4.288000106811523,5.295000076293945
2023-09-15,13.789999961853027,90.7699966430664,105.31999969482422,4.322000026702881,5.297999858856201
2023-09-18,14.0,91.4800033569336,105.19999694824219,4.318999767303467,5.300000190734863
2023-09-19,14.109999656677246,91.19999694824219,105.19999694824219,4.364999771118164,5.309999942779541
2023-09-20,15.140000343322754,90.27999877929688,105.16000366210938,4.348999977111816,5.315000057220459
2023-09-21,17.540000915527344,89.62999725341797,105.36000061035156,4.480000019073486,5.304999828338623
2023-09-22,17.200000762939453,90.02999877929688,105.58000183105469,4.438000202178955,5.304999828338623
2023-09-25,16.899999618530273,89.68000030517578,106.0,4.541999816894531,5.313000202178955
2023-09-26,18.940000534057617,90.38999938964844,106.2300033569336,4.558000087738037,5.324999809265137
2023-09-27,18.219999313354492,93.68000030517578,106.66999816894531,4.625999927520752,5.329999923706055
2023-09-28,17.34000015258789,91.70999908447266,106.22000122070312,4.5970001220703125,5.308000087738037
2023-09-29,17.520000457763672,90.79000091552734,106.16999816894531,4.572999954223633,5.300000190734863
2023-10-02,17.610000610351562,88.81999969482422,106.9000015258789,4.683000087738037,5.315000057220459
2023-10-03,19.780000686645508,89.2300033569336,107.0,4.802000045776367,5.340000152587891
2023-10-04,18.579999923706055,84.22000122070312,106.80000305175781,4.735000133514404,5.335000038146973
2023-10-05,18.489999771118164,82.30999755859375,106.33000183105469,4.7170000076293945,5.324999809265137
2023-10-06,17.450000762939453,82.79000091552734,106.04000091552734,4.783999919891357,5.3480000495910645
2023-10-09,17.700000762939453,86.37999725341797,106.08000183105469,4.796999931335449,5.3480000495910645
2023-10-10,17.030000686645508,85.97000122070312,105.83000183105469,4.65500020980835,5.322999954223633
2023-10-11,16.09000015258789,83.48999786376953,105.81999969482422,4.59499979019165,5.335000038146973
2023-10-12,16.690000534057617,82.91000366210938,106.56999969482422,4.711999893188477,5.335000038146973
2023-10-13,19.31999969482422,87.69000244140625,106.6500015258789,4.629000186920166,5.328000068664551
2023-10-16,17.209999084472656,86.66000366210938,106.23999786376953,4.711999893188477,5.328000068664551
2023-10-17,17.8799991607666,86.66000366210938,106.25,4.8470001220703125,5.340000152587891
2023-10-18,19.219999313354492,88.31999969482422,106.56999969482422,4.9039998054504395,5.329999923706055
2023-10-19,21.399999618530273,89.37000274658203,106.25,4.98799991607666,5.309999942779541
2023-10-20,21.709999084472656,88.75,106.16000366210938,4.923999786376953,5.300000190734863
2023-10-23,20.3700008392334,85.48999786376953,105.54000091552734,4.8379998207092285,5.293000221252441
2023-10-24,18.969999313354492,83.73999786376953,106.2699966430664,4.840000152587891,5.308000087738037
2023-10-25,20.190000534057617,85.38999938964844,106.52999877929688,4.953000068664551,5.315000057220459
2023-10-26,20.68000030517578,83.20999908447266,106.5999984741211,4.84499979019165,5.300000190734863
2023-10-27,21.270000457763672,85.54000091552734,106.55999755859375,4.84499979019165,5.304999828338623
2023-10-30,19.75,82.30999755859375,106.12000274658203,4.875,5.313000202178955
2023-10-31,18.139999389648438,81.0199966430664,106.66000366210938,4.875,5.320000171661377
2023-11-01,16.8700008392334,80.44000244140625,106.87999725341797,4.789000034332275,5.300000190734863
2023-11-02,15.65999984741211,82.45999908447266,106.12000274658203,4.669000148773193,5.269999980926514
2023-11-03,14.90999984741211,80.51000213623047,105.0199966430664,4.558000087738037,5.252999782562256
2023-11-06,14.890000343322754,80.81999969482422,105.22000122070312,4.6620001792907715,5.260000228881836
2023-11-07,14.8100004196167,77.37000274658203,105.54000091552734,4.571000099182129,5.2729997634887695
2023-11-08,14.449999809265137,75.33000183105469,105.58999633789062,4.5229997634887695,5.26800012588501
2023-11-09,15.289999961853027,75.73999786376953,105.91000366210938,4.630000114440918,5.263000011444092
2023-11-10,14.170000076293945,77.16999816894531,105.86000061035156,4.627999782562256,5.25
2023-11-13,14.760000228881836,78.26000213623047,105.66000366210938,4.631999969482422,5.260000228881836
2023-11-14,14.15999984741211,78.26000213623047,104.11000061035156,4.440999984741211,5.252999782562256
2023-11-15,14.180000305175781,76.66000366210938,104.38999938964844,4.534999847412109,5.255000114440918
2023-11-16,14.319999694824219,72.9000015258789,104.37000274658203,4.445000171661377,5.243000030517578
2023-11-17,13.800000190734863,75.88999938964844,103.81999969482422,4.440999984741211,5.232999801635742
2023-11-20,13.40999984741211,77.5999984741211,103.47000122070312,4.421999931335449,5.23799991607666
2023-11-21,13.350000381469727,77.7699966430664,103.58999633789062,4.418000221252441,5.255000114440918
2023-11-22,12.850000381469727,77.0999984741211,103.91999816894531,4.415999889373779,5.264999866485596
2023-11-23,12.850000381469727,77.0999984741211,103.91999816894531,4.415999889373779,5.264999866485596
2023-11-24,12.460000038146973,75.54000091552734,103.4000015258789,4.4720001220703125,5.252999782562256
2023-11-27,12.6899995803833,74.86000061035156,103.19999694824219,4.388999938964844,5.257999897003174
2023-11-28,12.6899995803833,76.41000366210938,102.75,4.335999965667725,5.260000228881836
2023-11-29,12.979999542236328,77.86000061035156,102.7699966430664,4.270999908447266,5.239999771118164
2023-11-30,12.920000076293945,75.95999908447266,103.5,4.3520002365112305,5.23799991607666
2023-12-01,12.630000114440918,74.06999969482422,103.2699966430664,4.22599983215332,5.215000152587891
2023-12-04,13.079999923706055,73.04000091552734,103.63999938964844,4.288000106811523,5.2230000495910645
2023-12-05,12.850000381469727,72.31999969482422,104.05000305175781,4.171000003814697,5.243000030517578
2023-12-06,12.970000267028809,69.37999725341797,104.1500015258789,4.120999813079834,5.243000030517578
2023-12-07,13.0600004196167,69.33999633789062,103.54000091552734,4.129000186920166,5.232999801635742
2023-12-08,12.350000381469727,71.2300033569336,104.01000213623047,4.244999885559082,5.232999801635742
2023-12-11,12.630000114440918,71.31999969482422,104.0999984741211,4.238999843597412,5.232999801635742
2023-12-12,12.069999694824219,68.61000061035156,103.87000274658203,4.205999851226807,5.248000144958496
2023-12-13,12.1899995803833,69.47000122070312,102.87000274658203,4.0329999923706055,5.2230000495910645
2023-12-14,12.479999542236328,71.58000183105469,101.95999908447266,3.930000066757202,5.215000152587891
2023-12-15,12.279999732971191,71.43000030517578,102.55000305175781,3.927999973297119,5.224999904632568
2023-12-18,12.5600004196167,72.47000122070312,102.51000213623047,3.9539999961853027,5.224999904632568
2023-12-19,12.529999732971191,73.44000244140625,102.16999816894531,3.921999931335449,5.23799991607666
2023-12-20,13.670000076293945,74.22000122070312,102.41000366210938,3.877000093460083,5.230000019073486
2023-12-21,13.649999618530273,73.88999938964844,101.83999633789062,3.8940000534057617,5.210000038146973
2023-12-22,13.029999732971191,73.55999755859375,101.69999694824219,3.9010000228881836,5.208000183105469
2023-12-25,13.029999732971191,73.55999755859375,101.69999694824219,3.9010000228881836,5.208000183105469
2023-12-26,12.989999771118164,75.56999969482422,101.47000122070312,3.885999917984009,5.203000068664551
2023-12-27,12.430000305175781,74.11000061035156,100.98999786376953,3.7890000343322754,5.235000133514404
2023-12-28,12.470000267028809,71.7699966430664,101.2300033569336,3.8499999046325684,5.2179999351501465
2023-12-29,12.449999809265137,71.6500015258789,101.33000183105469,3.865999937057495,5.179999828338623
2024-01-01,12.449999809265137,71.6500015258789,101.33000183105469,3.865999937057495,5.179999828338623
2024-01-02,13.199999809265137,70.37999725341797,102.19999694824219,3.946000099182129,5.2129998207092285
2024-01-03,14.039999961853027,72.69999694824219,102.45999908447266,3.9070000648498535,5.235000133514404
2024-01-04,14.130000114440918,72.19000244140625,102.41999816894531,3.990999937057495,5.228000164031982
2024-01-05,13.350000381469727,73.80999755859375,102.41000366210938,4.041999816894531,5.21999979019165
2024-01-08,13.079999923706055,70.7699966430664,102.20999908447266,4.001999855041504,5.21999979019165
2024-01-09,12.760000228881836,72.23999786376953,102.56999969482422,4.019000053405762,5.230000019073486
2024-01-10,12.6899995803833,71.37000274658203,102.36000061035156,4.03000020980835,5.224999904632568
2024-01-11,12.4399995803833,72.0199966430664,102.29000091552734,3.9769999980926514,5.2179999351501465
2024-01-12,12.699999809265137,72.68000030517578,102.4000015258789,3.950000047683716,5.197999954223633
2024-01-15,12.699999809265137,72.68000030517578,102.4000015258789,3.950000047683716,5.197999954223633
2024-01-16,13.84000015258789,72.4000015258789,103.36000061035156,4.065999984741211,5.203000068664551
2024-01-17,14.789999961853027,72.55999755859375,103.44999694824219,4.105999946594238,5.215000152587891
2024-01-18,14.130000114440918,74.08000183105469,103.54000091552734,4.144000053405762,5.199999809265137
2024-01-19,13.300000190734863,73.41000366210938,103.29000091552734,4.145999908447266,5.197999954223633
2024-01-22,13.1899995803833,75.19000244140625,103.33000183105469,4.093999862670898,5.199999809265137
2024-01-23,12.550000190734863,74.37000274658203,103.62000274658203,4.142000198364258,5.210000038146973
2024-01-24,13.140000343322754,75.08999633789062,103.23999786376953,4.177999973297119,5.210000038146973
2024-01-25,13.449999809265137,77.36000061035156,103.56999969482422,4.131999969482422,5.195000171661377
2024-01-26,13.260000228881836,78.01000213623047,103.47000122070312,4.159999847412109,5.199999809265137
2024-01-29,13.600000381469727,76.77999877929688,103.61000061035156,4.091000080108643,5.199999809265137
2024-01-30,13.3100004196167,77.81999969482422,103.4000015258789,4.059000015258789,5.203000068664551
2024-01-31,14.350000381469727,75.8499984741211,103.2699966430664,3.9670000076293945,5.188000202178955
2024-02-01,13.880000114440918,73.81999969482422,103.05000305175781,3.86299991607666,5.199999809265137
2024-02-02,13.850000381469727,72.27999877929688,103.91999816894531,4.0329999923706055,5.210000038146973
2024-02-05,13.670000076293945,72.77999877929688,104.44999694824219,4.164000034332275,5.228000164031982
2024-02-06,13.0600004196167,73.30999755859375,104.18000030517578,4.090000152587891,5.2230000495910645
2024-02-07,12.829999923706055,73.86000061035156,104.04000091552734,4.110000133514404,5.2230000495910645
2024-02-08,12.789999961853027,76.22000122070312,104.1500015258789,4.170000076293945,5.2179999351501465
2024-02-09,12.930000305175781,76.83999633789062,104.08000183105469,4.186999797821045,5.21999979019165
2024-02-12,13.930000305175781,76.91999816894531,104.16999816894531,4.171999931335449,5.228000164031982
2024-02-13,15.850000381469727,77.87000274658203,104.95999908447266,4.315999984741211,5.232999801635742
2024-02-14,14.380000114440918,76.63999938964844,104.72000122070312,4.267000198364258,5.2179999351501465
2024-02-15,14.010000228881836,78.02999877929688,104.30000305175781,4.239999771118164,5.2179999351501465
2024-02-16,14.239999771118164,79.19000244140625,104.27999877929688,4.295000076293945,5.2230000495910645
2024-02-19,14.239999771118164,79.19000244140625,104.27999877929688,4.295000076293945,5.2230000495910645
2024-02-20,15.420000076293945,78.18000030517578,104.08000183105469,4.275000095367432,5.2129998207092285
2024-02-21,15.34000015258789,77.91000366210938,104.01000213623047,4.324999809265137,5.235000133514404
2024-02-22,14.539999961853027,78.61000061035156,103.95999908447266,4.327000141143799,5.232999801635742
2024-02-23,13.75,76.48999786376953,103.94000244140625,4.260000228881836,5.239999771118164
2024-02-26,13.739999771118164,77.58000183105469,103.83000183105469,4.298999786376953,5.25
2024-02-27,13.430000305175781,78.87000274658203,103.83000183105469,4.315000057220459,5.244999885559082
2024-02-28,13.84000015258789,78.54000091552734,103.9800033569336,4.27400016784668,5.239999771118164
2024-02-29,13.399999618530273,78.26000213623047,104.16000366210938,4.251999855041504,5.2230000495910645
2024-03-01,13.109999656677246,79.97000122070312,103.86000061035156,4.179999828338623,5.215000152587891
2024-03-04,13.489999771118164,78.73999786376953,103.83000183105469,4.218999862670898,5.2230000495910645
2024-03-05,14.460000038146973,78.1500015258789,103.80000305175781,4.13700008392334,5.224999904632568
2024-03-06,14.5,79.12999725341797,103.37000274658203,4.104000091552734,5.230000019073486
2024-03-07,14.4399995803833,78.93000030517578,102.81999969482422,4.0920000076293945,5.228000164031982
2024-03-08,14.739999771118164,78.01000213623047,102.73999786376953,4.089000225067139,5.228000164031982
2024-03-11,15.220000267028809,77.93000030517578,102.87000274658203,4.104000091552734,5.239999771118164
2024-03-12,13.84000015258789,77.55999755859375,102.95999908447266,4.15500020980835,5.239999771118164
2024-03-13,13.75,79.72000122070312,102.79000091552734,4.191999912261963,5.23799991607666
2024-03-14,14.399999618530273,81.26000213623047,103.36000061035156,4.297999858856201,5.23799991607666
2024-03-15,14.40999984741211,81.04000091552734,103.43000030517578,4.303999900817871,5.23799991607666
2024-03-18,14.329999923706055,82.72000122070312,103.58000183105469,4.340000152587891,5.23799991607666
2024-03-19,13.819999694824219,83.47000122070312,103.80999755859375,4.296999931335449,5.23799991607666
2024-03-20,13.039999961853027,81.68000030517578,103.41000366210938,4.2729997634887695,5.228000164031982
2024-03-21,12.920000076293945,81.06999969482422,104.0,4.270999908447266,5.228000164031982
2024-03-22,13.0600004196167,80.62999725341797,104.43000030517578,4.2179999351501465,5.21999979019165
2024-03-25,13.1899995803833,81.94999694824219,104.2300033569336,4.252999782562256,5.2179999351501465
2024-03-26,13.239999771118164,81.62000274658203,104.29000091552734,4.234000205993652,5.2179999351501465
2024-03-27,12.779999732971191,81.3499984741211,104.3499984741211,4.196000099182129,5.215000152587891
2024-03-28,13.010000228881836,83.16999816894531,104.55000305175781,4.205999851226807,5.203000068664551
2024-03-29,13.010000228881836,83.16999816894531,104.55000305175781,4.205999851226807,5.203000068664551
2024-04-01,13.649999618530273,83.70999908447266,105.0199966430664,4.328999996185303,5.2179999351501465
2024-04-02,14.609999656677246,85.1500015258789,104.81999969482422,4.364999771118164,5.2129998207092285
2024-04-03,14.329999923706055,85.43000030517578,104.25,4.355000019073486,5.210000038146973
2024-04-04,16.350000381469727,86.58999633789062,104.12000274658203,4.309000015258789,5.203000068664551
2024-04-05,16.030000686645508,86.91000366210938,104.30000305175781,4.377999782562256,5.215000152587891
2024-04-08,15.1899995803833,86.43000030517578,104.13999938964844,4.423999786376953,5.2230000495910645
2024-04-09,14.979999542236328,85.2300033569336,104.1500015258789,4.366000175476074,5.21999979019165
2024-04-10,15.800000190734863,86.20999908447266,105.25,4.559999942779541,5.243000030517578
2024-04-11,14.90999984741211,85.0199966430664,105.27999877929688,4.576000213623047,5.23799991607666
2024-04-12,17.309999465942383,85.66000366210938,106.04000091552734,4.499000072479248,5.230000019073486
2024-04-15,19.229999542236328,85.41000366210938,106.20999908447266,4.627999782562256,5.23799991607666
2024-04-16,18.399999618530273,85.36000061035156,106.26000213623047,4.658999919891357,5.232999801635742
2024-04-17,18.209999084472656,82.69000244140625,105.94999694824219,4.585000038146973,5.239999771118164
2024-04-18,18.0,82.7300033569336,106.1500015258789,4.646999835968018,5.243000030517578
2024-04-19,18.709999084472656,83.13999938964844,106.1500015258789,4.614999771118164,5.244999885559082
2024-04-22,16.940000534057617,82.8499984741211,106.08000183105469,4.623000144958496,5.244999885559082
2024-04-23,15.6899995803833,83.36000061035156,105.69000244140625,4.5980000495910645,5.244999885559082
2024-04-24,15.970000267028809,82.80999755859375,105.86000061035156,4.6519999504089355,5.255000114440918
2024-04-25,15.369999885559082,83.56999969482422,105.5999984741211,4.705999851226807,5.244999885559082
2024-04-26,15.029999732971191,83.8499984741211,105.94000244140625,4.669000148773193,5.23799991607666
2024-04-29,14.670000076293945,82.62999725341797,105.58000183105469,4.613999843597412,5.243000030517578
2024-04-30,15.649999618530273,81.93000030517578,106.22000122070312,4.685999870300293,5.244999885559082
2024-05-01,15.390000343322754,79.0,105.76000213623047,4.59499979019165,5.25
2024-05-02,14.680000305175781,78.94999694824219,105.30000305175781,4.571000099182129,5.23799991607666
2024-05-03,13.489999771118164,78.11000061035156,105.02999877929688,4.5,5.235000133514404
2024-05-06,13.489999771118164,78.4800033569336,105.05000305175781,4.488999843597412,5.239999771118164
2024-05-07,13.229999542236328,78.37999725341797,105.41000366210938,4.4629998207092285,5.243000030517578
2024-05-08,13.0,78.98999786376953,105.55000305175781,4.492000102996826,5.244999885559082
2024-05-09,12.6899995803833,79.26000213623047,105.2300033569336,4.448999881744385,5.239999771118164
2024-05-10,12.550000190734863,78.26000213623047,105.30999755859375,4.504000186920166,5.243000030517578
2024-05-13,13.600000381469727,79.12000274658203,105.22000122070312,4.480999946594238,5.239999771118164
2024-05-14,13.420000076293945,78.0199966430664,105.01000213623047,4.445000171661377,5.235000133514404
2024-05-15,12.449999809265137,78.62999725341797,104.3499984741211,4.355999946594238,5.239999771118164
2024-05-16,12.420000076293945,79.2300033569336,104.45999908447266,4.376999855041504,5.243000030517578
2024-05-17,11.989999771118164,80.05999755859375,104.44999694824219,4.420000076293945,5.239999771118164
2024-05-20,12.149999618530273,79.80000305175781,104.56999969482422,4.436999797821045,5.239999771118164
2024-05-21,11.859999656677246,79.26000213623047,104.66000366210938,4.414000034332275,5.239999771118164
2024-05-22,12.289999961853027,77.56999969482422,104.94000244140625,4.434000015258789,5.244999885559082
2024-05-23,12.770000457763672,76.87000274658203,105.11000061035156,4.474999904632568,5.244999885559082
2024-05-24,11.930000305175781,77.72000122070312,104.72000122070312,4.4670000076293945,5.244999885559082
2024-05-27,11.930000305175781,77.72000122070312,104.72000122070312,4.4670000076293945,5.244999885559082
2024-05-28,12.920000076293945,79.83000183105469,104.61000061035156,4.541999816894531,5.248000144958496
2024-05-29,14.279999732971191,79.2300033569336,105.0999984741211,4.624000072479248,5.25
2024-05-30,14.470000267028809,77.91000366210938,104.72000122070312,4.553999900817871,5.248000144958496
2024-05-31,12.920000076293945,76.98999786376953,104.66999816894531,4.513999938964844,5.244999885559082
2024-06-03,13.109999656677246,74.22000122070312,104.13999938964844,4.4019999504089355,5.243000030517578
2024-06-04,13.15999984741211,73.25,104.11000061035156,4.335999965667725,5.239999771118164
2024-06-05,12.630000114440918,74.06999969482422,104.2699966430664,4.289000034332275,5.239999771118164
2024-06-06,12.579999923706055,75.55000305175781,104.0999984741211,4.281000137329102,5.232999801635742
2024-06-07,12.220000267028809,75.52999877929688,104.88999938964844,4.429999828338623,5.23799991607666
2024-06-10,12.739999771118164,77.73999786376953,105.1500015258789,4.468999862670898,5.232999801635742
2024-06-11,12.850000381469727,77.9000015258789,105.2300033569336,4.4039998054504395,5.244999885559082
2024-06-12,12.039999961853027,78.5,104.6500015258789,4.295000076293945,5.243000030517578
2024-06-13,11.9399995803833,78.62000274658203,105.19999694824219,4.23799991607666,5.239999771118164
2024-06-14,12.65999984741211,78.44999694824219,105.55000305175781,4.2129998207092285,5.239999771118164
2024-06-17,12.75,80.33000183105469,105.31999969482422,4.2789998054504395,5.243000030517578
2024-06-18,12.300000190734863,81.56999969482422,105.26000213623047,4.2170000076293945,5.235000133514404
2024-06-19,12.300000190734863,81.56999969482422,105.26000213623047,4.2170000076293945,5.235000133514404
2024-06-20,13.279999732971191,82.16999816894531,105.58999633789062,4.254000186920166,5.224999904632568
2024-06-21,13.199999809265137,80.7300033569336,105.80000305175781,4.256999969482422,5.215000152587891
2024-06-24,13.329999923706055,81.62999725341797,105.47000122070312,4.248000144958496,5.210000038146973
2024-06-25,12.84000015258789,80.83000183105469,105.61000061035156,4.23799991607666,5.2230000495910645
2024-06-26,12.550000190734863,80.9000015258789,106.05000305175781,4.315999984741211,5.230000019073486
2024-06-27,12.239999771118164,81.73999786376953,105.91000366210938,4.288000106811523,5.2230000495910645
2024-06-28,12.4399995803833,81.54000091552734,105.87000274658203,4.3429999351501465,5.2129998207092285
2024-07-01,12.220000267028809,83.37999725341797,105.9000015258789,4.479000091552734,5.2179999351501465
2024-07-02,12.029999732971191,82.80999755859375,105.72000122070312,4.435999870300293,5.228000164031982
2024-07-03,12.09000015258789,83.87999725341797,105.4000015258789,4.355000019073486,5.230000019073486
2024-07-04,12.09000015258789,83.87999725341797,105.4000015258789,4.355000019073486,5.230000019073486
2024-07-05,12.479999542236328,83.16000366210938,104.87999725341797,4.271999835968018,5.224999904632568
2024-07-08,12.369999885559082,82.33000183105469,105.01000213623047,4.269000053405762,5.2179999351501465
2024-07-09,12.510000228881836,81.41000366210938,105.12000274658203,4.300000190734863,5.224999904632568
2024-07-10,12.850000381469727,82.0999984741211,105.05000305175781,4.28000020980835,5.224999904632568
2024-07-11,12.920000076293945,82.62000274658203,104.44000244140625,4.192999839782715,5.197999954223633
2024-07-12,12.460000038146973,82.20999908447266,104.08999633789062,4.189000129699707,5.197999954223633
2024-07-15,13.119999885559082,81.91000366210938,104.19000244140625,4.229000091552734,5.192999839782715
2024-07-16,13.1899995803833,80.76000213623047,104.2699966430664,4.166999816894531,5.192999839782715
2024-07-17,14.479999542236328,82.8499984741211,103.75,4.145999908447266,5.195000171661377
2024-07-18,15.930000305175781,82.81999969482422,104.16999816894531,4.189000129699707,5.192999839782715
2024-07-19,16.520000457763672,80.12999725341797,104.4000015258789,4.238999843597412,5.192999839782715
2024-07-22,14.90999984741211,79.77999877929688,104.30999755859375,4.260000228881836,5.190000057220459
2024-07-23,14.720000267028809,76.95999908447266,104.44999694824219,4.238999843597412,5.172999858856201
2024-07-24,18.040000915527344,77.58999633789062,104.38999938964844,4.285999774932861,5.170000076293945
2024-07-25,18.459999084472656,78.27999877929688,104.36000061035156,4.25600004196167,5.159999847412109
2024-07-26,16.389999389648438,77.16000366210938,104.31999969482422,4.199999809265137,5.15500020980835
2024-07-29,16.600000381469727,75.80999755859375,104.55999755859375,4.177999973297119,5.146999835968018
2024-07-30,17.690000534057617,74.7300033569336,104.55000305175781,4.14300012588501,5.135000228881836
2024-07-31,16.360000610351562,77.91000366210938,104.0999984741211,4.109000205993652,5.135000228881836
2024-08-01,18.59000015258789,76.30999755859375,104.41999816894531,3.9760000705718994,5.114999771118164
2024-08-02,23.389999389648438,73.5199966430664,103.20999908447266,3.7920000553131104,5.03000020980835
2024-08-05,38.56999969482422,72.94000244140625,102.69000244140625,3.7850000858306885,5.059999942779541
2024-08-06,27.709999084472656,73.19999694824219,102.97000122070312,3.888000011444092,5.079999923706055
2024-08-07,27.850000381469727,75.2300033569336,103.19999694824219,3.9679999351501465,5.079999923706055
2024-08-08,23.790000915527344,76.19000244140625,103.20999908447266,3.996999979019165,5.083000183105469
2024-08-09,20.3700008392334,76.83999633789062,103.13999938964844,3.941999912261963,5.074999809265137
2024-08-12,20.709999084472656,80.05999755859375,103.13999938964844,3.9089999198913574,5.072999954223633
2024-08-13,18.1200008392334,78.3499984741211,102.55999755859375,3.8519999980926514,5.052999973297119
2024-08-14,16.190000534057617,76.9800033569336,102.56999969482422,3.819999933242798,5.063000202178955
2024-08-15,15.229999542236328,78.16000366210938,102.9800033569336,3.9260001182556152,5.079999923706055
2024-08-16,14.800000190734863,76.6500015258789,102.45999908447266,3.8919999599456787,5.074999809265137
2024-08-19,14.649999618530273,74.37000274658203,101.88999938964844,3.867000102996826,5.063000202178955
2024-08-20,15.880000114440918,74.04000091552734,101.44000244140625,3.818000078201294,5.0329999923706055
2024-08-21,16.270000457763672,71.93000030517578,101.04000091552734,3.7780001163482666,5.005000114440918
2024-08-22,17.549999237060547,73.01000213623047,101.51000213623047,3.861999988555908,5.025000095367432
2024-08-23,15.859999656677246,74.83000183105469,100.72000122070312,3.806999921798706,5.0
2024-08-26,16.149999618530273,77.41999816894531,100.8499984741211,3.818000078201294,4.998000144958496
2024-08-27,15.430000305175781,75.52999877929688,100.55000305175781,3.8329999446868896,4.9679999351501465
2024-08-28,17.110000610351562,74.5199966430664,101.08999633789062,3.8410000801086426,4.954999923706055
2024-08-29,15.649999618530273,75.91000366210938,101.33999633789062,3.867000102996826,4.965000152587891
2024-08-30,15.0,73.55000305175781,101.69999694824219,3.9110000133514404,4.9679999351501465
2024-09-02,15.0,73.55000305175781,101.69999694824219,3.9110000133514404,4.9679999351501465
2024-09-03,20.719999313354492,70.33999633789062,101.83000183105469,3.8440001010894775,4.96999979019165
2024-09-04,21.31999969482422,69.19999694824219,101.36000061035156,3.7679998874664307,4.947999954223633
2024-09-05,19.899999618530273,69.1500015258789,101.11000061035156,3.7309999465942383,4.932000160217285
2024-09-06,22.3799991607666,67.66999816894531,101.18000030517578,3.7100000381469727,4.9079999923706055
2024-09-09,19.450000762939453,68.70999908447266,101.55000305175781,3.697000026702881,4.894999980926514
2024-09-10,19.079999923706055,65.75,101.62999725341797,3.6459999084472656,4.835000038146973
2024-09-11,17.690000534057617,67.30999755859375,101.68000030517578,3.6530001163482666,4.875
2024-09-12,17.06999969482422,68.97000122070312,101.37000274658203,3.680000066757202,4.840000152587891
2024-09-13,16.559999465942383,68.6500015258789,101.11000061035156,3.6500000953674316,4.763000011444092
2024-09-16,17.139999389648438,70.08999633789062,100.76000213623047,3.621000051498413,4.744999885559082
2024-09-17,17.610000610351562,71.19000244140625,100.88999938964844,3.6419999599456787,4.735000133514404
2024-09-18,18.229999542236328,70.91000366210938,100.5999984741211,3.684999942779541,4.614999771118164
2024-09-19,16.329999923706055,71.94999694824219,100.61000061035156,3.740000009536743,4.5929999351501465
2024-09-20,16.149999618530273,71.91999816894531,100.72000122070312,3.7279999256134033,4.545000076293945
2024-09-23,15.890000343322754,70.37000274658203,100.91999816894531,3.739000082015991,4.502999782562256
2024-09-24,15.390000343322754,71.55999755859375,100.37000274658203,3.7360000610351562,4.494999885559082
2024-09-25,15.40999984741211,69.69000244140625,100.91999816894531,3.7809998989105225,4.486999988555908
2024-09-26,15.369999885559082,67.66999816894531,100.55999755859375,3.7909998893737793,4.4679999351501465
2024-09-27,16.959999084472656,68.18000030517578,100.41999816894531,3.749000072479248,4.48199987411499
2024-09-30,16.729999542236328,68.16999816894531,100.77999877929688,3.802000045776367,4.498000144958496
2024-10-01,19.260000228881836,69.83000183105469,101.19000244140625,3.743000030517578,4.48199987411499
2024-10-02,18.899999618530273,70.0999984741211,101.68000030517578,3.7850000858306885,4.4730000495910645
2024-10-03,20.489999771118164,73.70999908447266,101.98999786376953,3.8499999046325684,4.465000152587891
2024-10-04,19.209999084472656,74.37999725341797,102.5199966430664,3.9809999465942383,4.505000114440918
2024-10-07,22.639999389648438,77.13999938964844,102.54000091552734,4.026000022888184,4.525000095367432
2024-10-08,21.420000076293945,73.56999969482422,102.55000305175781,4.0329999923706055,4.5279998779296875
2024-10-09,20.860000610351562,73.23999786376953,102.93000030517578,4.066999912261963,4.534999847412109
2024-10-10,20.93000030517578,75.8499984741211,102.98999786376953,4.0960001945495605,4.53000020980835
2024-10-11,20.459999084472656,75.55999755859375,102.88999938964844,4.072999954223633,4.514999866485596
2024-10-14,19.700000762939453,73.83000183105469,103.30000305175781,4.0980000495910645,4.51800012588501
2024-10-15,20.639999389648438,70.58000183105469,103.26000213623047,4.038000106811523,4.514999866485596
2024-10-16,19.579999923706055,70.38999938964844,103.58999633789062,4.015999794006348,4.502999782562256
2024-10-17,19.110000610351562,70.66999816894531,103.83000183105469,4.0960001945495605,4.514999866485596
2024-10-18,18.030000686645508,69.22000122070312,103.48999786376953,4.072999954223633,4.513000011444092
2024-10-21,18.3700008392334,70.55999755859375,104.01000213623047,4.182000160217285,4.51800012588501
2024-10-22,18.200000762939453,72.08999633789062,104.08000183105469,4.203999996185303,4.5
2024-10-23,19.239999771118164,70.7699966430664,104.43000030517578,4.242000102996826,4.505000114440918
2024-10-24,19.079999923706055,70.19000244140625,104.05999755859375,4.199999809265137,4.486999988555908
2024-10-25,20.329999923706055,71.77999877929688,104.26000213623047,4.23199987411499,4.510000228881836
2024-10-28,19.799999237060547,67.37999725341797,104.31999969482422,4.2779998779296875,4.48199987411499
2024-10-29,19.34000015258789,67.20999908447266,104.27999877929688,4.27400016784668,4.480000019073486
2024-10-30,20.350000381469727,68.61000061035156,103.98999786376953,4.265999794006348,4.4629998207092285
2024-10-31,23.15999984741211,69.26000213623047,103.9800033569336,4.283999919891357,4.432000160217285
2024-11-01,21.8799991607666,69.48999786376953,104.27999877929688,4.361000061035156,4.400000095367432
2024-11-04,21.979999542236328,71.47000122070312,103.88999938964844,4.309000015258789,4.418000221252441
2024-11-05,20.489999771118164,71.98999786376953,103.41999816894531,4.289000034332275,4.422999858856201
2024-11-06,16.270000457763672,71.69000244140625,105.08999633789062,4.426000118255615,4.429999828338623
2024-11-07,15.199999809265137,72.36000061035156,104.51000213623047,4.341000080108643,4.420000076293945
2024-11-08,14.9399995803833,70.37999725341797,105.0,4.306000232696533,4.422999858856201
2024-11-11,14.970000267028809,68.04000091552734,105.54000091552734,4.308000087738037,4.414999961853027
2024-11-12,14.710000038146973,68.12000274658203,106.0199966430664,4.432000160217285,4.422999858856201
2024-11-13,14.020000457763672,68.43000030517578,106.4800033569336,4.451000213623047,4.389999866485596
2024-11-14,14.3100004196167,68.69999694824219,106.66999816894531,4.418000221252441,4.382999897003174
2024-11-15,16.139999389648438,67.0199966430664,106.69000244140625,4.427999973297119,4.39300012588501
2024-11-18,15.579999923706055,69.16000366210938,106.27999877929688,4.414000034332275,4.4029998779296875
2024-11-19,16.350000381469727,69.38999938964844,106.20999908447266,4.379000186920166,4.4079999923706055
2024-11-20,17.15999984741211,68.87000274658203,106.68000030517578,4.406000137329102,4.409999847412109
2024-11-21,16.8700008392334,70.0999984741211,106.97000122070312,4.432000160217285,4.413000106811523
2024-11-22,15.239999771118164,71.23999786376953,107.48999786376953,4.409999847412109,4.414999961853027
2024-11-25,14.600000381469727,68.94000244140625,106.81999969482422,4.264999866485596,4.40500020980835
2024-11-26,14.100000381469727,68.7699966430664,107.01000213623047,4.302000045776367,4.394999980926514
2024-11-27,14.100000381469727,68.72000122070312,106.08000183105469,4.242000102996826,4.385000228881836
2024-11-28,14.100000381469727,68.72000122070312,106.08000183105469,4.242000102996826,4.385000228881836
2024-11-29,13.510000228881836,68.0,105.73999786376953,4.177999973297119,4.373000144958496
2024-12-02,13.34000015258789,68.0999984741211,106.44999694824219,4.196000099182129,4.380000114440918
2024-12-03,13.300000190734863,69.94000244140625,106.37000274658203,4.2230000495910645,4.35699987411499
2024-12-04,13.449999809265137,68.54000091552734,106.33999633789062,4.179999828338623,4.34499979019165
2024-12-05,13.539999961853027,68.30000305175781,105.70999908447266,4.179999828338623,4.329999923706055
2024-12-06,12.770000457763672,67.19999694824219,105.97000122070312,4.151000022888184,4.295000076293945
2024-12-09,14.1899995803833,68.37000274658203,106.1500015258789,4.198999881744385,4.293000221252441
2024-12-10,14.180000305175781,68.58999633789062,106.4000015258789,4.2210001945495605,4.284999847412109
2024-12-11,13.579999923706055,70.29000091552734,106.70999908447266,4.270999908447266,4.255000114440918
2024-12-12,13.920000076293945,70.0199966430664,106.95999908447266,4.323999881744385,4.2230000495910645
2024-12-13,13.8100004196167,71.29000091552734,107.0,4.39900016784668,4.2179999351501465
2024-12-16,14.6899995803833,70.70999908447266,106.86000061035156,4.396999835968018,4.228000164031982
2024-12-17,15.869999885559082,70.08000183105469,106.95999908447266,4.385000228881836,4.239999771118164
2024-12-18,27.6200008392334,70.58000183105469,108.02999877929688,4.49399995803833,4.23199987411499
2024-12-19,24.09000015258789,69.91000366210938,108.41000366210938,4.570000171661377,4.21999979019165
2024-12-20,18.360000610351562,69.45999908447266,107.62000274658203,4.52400016784668,4.215000152587891
2024-12-23,16.780000686645508,69.23999786376953,108.04000091552734,4.598999977111816,4.215000152587891
2024-12-24,14.270000457763672,70.0999984741211,108.26000213623047,4.591000080108643,4.199999809265137
2024-12-25,14.270000457763672,70.0999984741211,108.26000213623047,4.591000080108643,4.199999809265137
2024-12-26,14.729999542236328,69.62000274658203,108.12999725341797,4.578999996185303,4.215000152587891
2024-12-27,15.949999809265137,70.5999984741211,108.0,4.61899995803833,4.177999973297119
2024-12-30,17.399999618530273,70.98999786376953,108.12999725341797,4.545000076293945,4.182000160217285
2024-12-31,17.350000381469727,71.72000122070312,108.48999786376953,4.572999954223633,4.208000183105469
2025-01-01,17.350000381469727,71.72000122070312,108.48999786376953,4.572999954223633,4.208000183105469
2025-01-02,17.93000030517578,73.12999725341797,109.38999938964844,4.574999809265137,4.208000183105469
2025-01-03,16.1299991607666,73.95999908447266,108.94999694824219,4.5960001945495605,4.192999839782715
2025-01-06,16.040000915527344,73.55999755859375,108.26000213623047,4.618000030517578,4.190000057220459
2025-01-07,17.81999969482422,74.25,108.54000091552734,4.683000087738037,4.203000068664551
2025-01-08,17.700000762939453,73.31999969482422,109.08999633789062,4.692999839782715,4.204999923706055
2025-01-09,17.700000762939453,73.91999816894531,109.18000030517578,4.692999839782715,4.204999923706055
2025-01-10,19.540000915527344,76.56999969482422,109.6500015258789,4.776000022888184,4.2129998207092285
2025-01-13,19.190000534057617,78.81999969482422,109.95999908447266,4.802999973297119,4.2179999351501465
2025-01-14,18.709999084472656,77.5,109.2699966430664,4.788000106811523,4.2129998207092285
2025-01-15,16.1200008392334,80.04000091552734,109.08999633789062,4.6529998779296875,4.204999923706055
2025-01-16,16.600000381469727,78.68000030517578,108.95999908447266,4.605999946594238,4.195000171661377
2025-01-17,15.970000267028809,77.87999725341797,109.3499984741211,4.609000205993652,4.192999839782715
2025-01-20,15.970000267028809,77.87999725341797,109.3499984741211,4.609000205993652,4.192999839782715
2025-01-21,15.0600004196167,75.88999938964844,108.05999755859375,4.573999881744385,4.197000026702881
2025-01-22,15.100000381469727,75.44000244140625,108.16999816894531,4.598999977111816,4.215000152587891
2025-01-23,15.020000457763672,74.62000274658203,108.05000305175781,4.638000011444092,4.2129998207092285
2025-01-24,14.850000381469727,74.66000366210938,107.44000244140625,4.625999927520752,4.204999923706055
2025-01-27,17.899999618530273,73.16999816894531,107.33999633789062,4.5279998779296875,4.188000202178955
2025-01-28,16.40999984741211,73.7699966430664,107.87000274658203,4.551000118255615,4.190000057220459
2025-01-29,16.559999465942383,72.62000274658203,108.0,4.554999828338623,4.188000202178955
2025-01-30,15.84000015258789,72.7300033569336,107.80000305175781,4.51200008392334,4.182000160217285
2025-01-31,16.43000030517578,72.52999877929688,108.37000274658203,4.568999767303467,4.188000202178955
2025-02-03,18.6200008392334,73.16000366210938,108.98999786376953,4.543000221252441,4.190000057220459
2025-02-04,17.209999084472656,72.69999694824219,107.95999908447266,4.513000011444092,4.2129998207092285
2025-02-05,15.770000457763672,71.02999877929688,107.58000183105469,4.421999931335449,4.210000038146973
2025-02-06,15.5,70.61000061035156,107.69000244140625,4.440000057220459,4.2129998207092285
2025-02-07,16.540000915527344,71.0,108.04000091552734,4.486999988555908,4.228000164031982
2025-02-10,15.8100004196167,72.31999969482422,108.31999969482422,4.493000030517578,4.228000164031982
2025-02-11,16.020000457763672,73.31999969482422,107.95999908447266,4.5370001792907715,4.224999904632568
2025-02-12,15.890000343322754,71.37000274658203,107.94000244140625,4.63700008392334,4.228000164031982
2025-02-13,15.100000381469727,71.29000091552734,107.30999755859375,4.525000095367432,4.2129998207092285
2025-02-14,14.770000457763672,70.73999786376953,106.56999969482422,4.4720001220703125,4.2129998207092285
2025-02-17,14.770000457763672,70.73999786376953,106.56999969482422,4.4720001220703125,4.2129998207092285
2025-02-18,15.350000381469727,71.8499984741211,107.05000305175781,4.544000148773193,4.2129998207092285
2025-02-19,15.270000457763672,72.25,107.16999816894531,4.534999847412109,4.2179999351501465
2025-02-20,15.65999984741211,72.56999969482422,106.33999633789062,4.5,4.204999923706055
2025-02-21,18.209999084472656,70.4000015258789,106.61000061035156,4.420000076293945,4.197000026702881
2025-02-24,18.979999542236328,70.69999694824219,106.5999984741211,4.39300012588501,4.190000057220459
2025-02-25,19.43000030517578,68.93000030517578,106.30999755859375,4.297999858856201,4.182000160217285
2025-02-26,19.100000381469727,68.62000274658203,106.41999816894531,4.249000072479248,4.192999839782715
2025-02-27,21.1299991607666,70.3499984741211,107.23999786376953,4.284999847412109,4.195000171661377
2025-02-28,19.6299991607666,69.76000213623047,107.61000061035156,4.230999946594238,4.192999839782715
2025-03-03,22.780000686645508,68.37000274658203,106.75,4.179999828338623,4.192999839782715
2025-03-04,23.510000228881836,68.26000213623047,105.73999786376953,4.210000038146973,4.195000171661377
2025-03-05,21.93000030517578,66.30999755859375,105.73999786376953,4.264999866485596,4.204999923706055
2025-03-06,24.8700008392334,66.36000061035156,104.05999755859375,4.285999774932861,4.197000026702881
2025-03-07,23.3700008392334,67.04000091552734,103.83999633789062,4.316999912261963,4.197000026702881
2025-03-10,27.860000610351562,66.02999877929688,103.91000366210938,4.2129998207092285,4.184999942779541
2025-03-11,26.920000076293945,66.25,103.44000244140625,4.288000106811523,4.195000171661377
2025-03-12,24.229999542236328,67.68000030517578,103.61000061035156,4.317999839782715,4.197000026702881
2025-03-13,24.65999984741211,66.55000305175781,103.83000183105469,4.27400016784668,4.188000202178955
2025-03-14,21.770000457763672,67.18000030517578,103.72000122070312,4.308000087738037,4.188000202178955
2025-03-17,20.510000228881836,67.58000183105469,103.37000274658203,4.306000232696533,4.188000202178955
2025-03-18,21.700000762939453,66.9000015258789,103.23999786376953,4.281000137329102,4.195000171661377
2025-03-19,19.899999618530273,67.16000366210938,103.43000030517578,4.25600004196167,4.190000057220459
2025-03-20,19.799999237060547,68.26000213623047,103.8499984741211,4.232999801635742,4.182000160217285
2025-03-21,19.280000686645508,68.27999877929688,104.08999633789062,4.251999855041504,4.184999942779541
2025-03-24,17.479999542236328,69.11000061035156,104.26000213623047,4.330999851226807,4.182000160217285
2025-03-25,17.149999618530273,69.0,104.18000030517578,4.307000160217285,4.182000160217285
2025-03-26,18.329999923706055,69.6500015258789,104.55000305175781,4.3379998207092285,4.190000057220459
2025-03-27,18.690000534057617,69.91999816894531,104.06999969482422,4.36899995803833,4.188000202178955
2025-03-28,21.649999618530273,69.36000061035156,104.04000091552734,4.255000114440918,4.188000202178955
2025-03-31,22.280000686645508,71.4800033569336,104.20999908447266,4.245999813079834,4.192999839782715
2025-04-01,21.770000457763672,71.19999694824219,104.26000213623047,4.156000137329102,4.199999809265137
2025-04-02,21.510000228881836,71.70999908447266,103.80999755859375,4.196000099182129,4.203000068664551
2025-04-03,30.020000457763672,66.94999694824219,102.06999969482422,4.054999828338623,4.184999942779541
2025-04-04,45.310001373291016,61.9900016784668,103.0199966430664,3.984999895095825,4.15500020980835
2025-04-07,46.97999954223633,60.70000076293945,103.26000213623047,4.15500020980835,4.150000095367432
2025-04-08,52.33000183105469,59.58000183105469,102.95999908447266,4.26200008392334,4.177999973297119
2025-04-09,33.619998931884766,62.349998474121094,102.9000015258789,4.400000095367432,4.228000164031982
2025-04-10,40.720001220703125,60.06999969482422,100.87000274658203,4.394000053405762,4.197000026702881
2025-04-11,37.560001373291016,61.5,99.77999877929688,4.493000030517578,4.2129998207092285
2025-04-14,30.889999389648438,61.529998779296875,99.63999938964844,4.363999843597412,4.195000171661377
2025-04-15,30.1200008392334,61.33000183105469,100.22000122070312,4.322999954223633,4.199999809265137
2025-04-16,32.63999938964844,62.470001220703125,99.37999725341797,4.2789998054504395,4.208000183105469
2025-04-17,29.649999618530273,64.68000030517578,99.37999725341797,4.333000183105469,4.204999923706055
2025-04-18,29.649999618530273,64.68000030517578,99.37999725341797,4.333000183105469,4.204999923706055
2025-04-21,33.81999969482422,63.08000183105469,98.27999877929688,4.40500020980835,4.210000038146973
2025-04-22,30.56999969482422,64.30999755859375,98.91999816894531,4.388999938964844,4.2129998207092285
2025-04-23,28.450000762939453,62.27000045776367,99.83999633789062,4.38700008392334,4.208000183105469
2025-04-24,26.469999313354492,62.790000915527344,99.29000091552734,4.304999828338623,4.197000026702881
2025-04-25,24.84000015258789,63.02000045776367,99.47000122070312,4.265999794006348,4.192999839782715
2025-04-28,25.149999618530273,62.04999923706055,99.01000213623047,4.216000080108643,4.192999839782715
2025-04-29,24.170000076293945,60.41999816894531,99.23999786376953,4.172999858856201,4.190000057220459
2025-04-30,24.700000762939453,58.209999084472656,99.47000122070312,4.177000045776367,4.190000057220459
2025-05-01,24.600000381469727,59.2400016784668,100.25,4.230999946594238,4.184999942779541
2025-05-02,22.68000030517578,58.290000915527344,100.0,4.322000026702881,4.208000183105469
2025-05-05,23.639999389648438,57.130001068115234,99.83000183105469,4.3429999351501465,4.208000183105469
2025-05-06,24.760000228881836,59.09000015258789,99.23999786376953,4.308000087738037,4.210000038146973
2025-05-07,23.549999237060547,58.06999969482422,99.61000061035156,4.275000095367432,4.215000152587891
2025-05-08,22.479999542236328,59.90999984741211,100.63999938964844,4.373000144958496,4.215000152587891
2025-05-09,21.899999618530273,61.02000045776367,100.33999633789062,4.375,4.215000152587891
2025-05-12,18.389999389648438,61.95000076293945,101.79000091552734,4.456999778747559,4.28000020980835
2025-05-13,18.219999313354492,63.66999816894531,101.0,4.499000072479248,4.284999847412109
2025-05-14,18.6200008392334,63.150001525878906,101.04000091552734,4.5279998779296875,4.284999847412109
2025-05-15,17.829999923706055,61.619998931884766,100.87999725341797,4.454999923706055,4.257999897003174
2025-05-16,17.239999771118164,62.4900016784668,101.08999633789062,4.440999984741211,4.236999988555908
2025-05-19,18.139999389648438,62.689998626708984,100.43000030517578,4.474999904632568,4.239999771118164
2025-05-20,18.09000015258789,62.560001373291016,100.12000274658203,4.480999946594238,4.248000144958496
2025-05-21,20.8700008392334,61.56999969482422,99.55999755859375,4.5960001945495605,4.235000133514404
2025-05-22,20.280000686645508,61.20000076293945,99.95999908447266,4.552999973297119,4.23199987411499
2025-05-23,22.290000915527344,61.529998779296875,99.11000061035156,4.508999824523926,4.230000019073486
2025-05-26,22.290000915527344,61.529998779296875,98.93000030517578,4.508999824523926,4.230000019073486
2025-05-27,18.959999084472656,60.88999938964844,99.5199966430664,4.434000015258789,4.203000068664551
2025-05-28,19.309999465942383,61.84000015258789,99.87999725341797,4.4770002365112305,4.224999904632568
2025-05-29,19.18000030517578,60.939998626708984,99.27999877929688,4.423999786376953,4.230000019073486
2025-05-30,18.56999969482422,60.790000915527344,99.33000183105469,4.415999889373779,4.23199987411499
2025-06-02,18.360000610351562,62.52000045776367,98.69999694824219,4.461999893188477,4.23199987411499
2025-06-03,17.690000534057617,63.40999984741211,99.25,4.460000038146973,4.235000133514404
2025-06-04,17.610000610351562,62.849998474121094,98.79000091552734,4.364999771118164,4.239999771118164
2025-06-05,18.479999542236328,63.369998931884766,98.73999786376953,4.394000053405762,4.23199987411499
2025-06-06,16.770000457763672,64.58000183105469,99.19000244140625,4.510000228881836,4.23199987411499
2025-06-09,17.15999984741211,65.29000091552734,98.94000244140625,4.48199987411499,4.239999771118164
2025-06-10,16.950000762939453,64.9800033569336,99.05000305175781,4.473999977111816,4.25
2025-06-11,17.260000228881836,68.1500015258789,98.62999725341797,4.4120001792907715,4.25
2025-06-12,18.020000457763672,68.04000091552734,97.91999816894531,4.35699987411499,4.257999897003174
2025-06-13,20.81999969482422,72.9800033569336,98.18000030517578,4.423999786376953,4.239999771118164
2025-06-16,19.110000610351562,71.7699966430664,98.0,4.452000141143799,4.248000144958496
2025-06-17,21.600000381469727,74.83999633789062,98.81999969482422,4.39300012588501,4.2179999351501465
2025-06-18,20.139999389648438,75.13999938964844,98.91000366210938,4.396999835968018,4.2230000495910645
2025-06-19,20.139999389648438,75.13999938964844,98.91000366210938,4.396999835968018,4.2230000495910645
2025-06-20,20.6200008392334,74.93000030517578,98.70999908447266,4.375,4.195000171661377
2025-06-23,19.829999923706055,68.51000213623047,98.41999816894531,4.320000171661377,4.1579999923706055
2025-06-24,17.479999542236328,64.37000274658203,97.86000061035156,4.293000221252441,4.182000160217285
2025-06-25,16.760000228881836,64.91999816894531,97.68000030517578,4.293000221252441,4.188000202178955
2025-06-26,16.59000015258789,65.23999786376953,97.1500015258789,4.252999782562256,4.192999839782715
2025-06-27,16.31999969482422,65.5199966430664,97.4000015258789,4.2829999923706055,4.197000026702881
2025-06-30,16.729999542236328,65.11000061035156,96.87999725341797,4.230000019073486,4.190000057220459
2025-07-01,16.829999923706055,65.44999694824219,96.81999969482422,4.250999927520752,4.224999904632568
2025-07-02,16.639999389648438,67.44999694824219,96.77999877929688,4.293000221252441,4.2230000495910645
2025-07-03,16.3799991607666,67.0,97.18000030517578,4.3480000495910645,4.239999771118164
2025-07-04,16.3799991607666,66.5,97.18000030517578,4.3480000495910645,4.239999771118164
2025-07-07,17.790000915527344,67.93000030517578,97.4800033569336,4.394999980926514,4.244999885559082
2025-07-08,16.809999465942383,68.33000183105469,97.51000213623047,4.414999961853027,4.25
2025-07-09,15.9399995803833,68.37999725341797,97.47000122070312,4.3420000076293945,4.244999885559082
2025-07-10,15.779999732971191,66.56999969482422,97.6500015258789,4.3460001945495605,4.239999771118164
2025-07-11,16.399999618530273,68.44999694824219,97.8499984741211,4.422999858856201,4.236999988555908
2025-07-14,17.200000762939453,66.9800033569336,98.08000183105469,4.427000045776367,4.228000164031982
2025-07-15,17.3799991607666,66.5199966430664,98.62000274658203,4.488999843597412,4.23199987411499
2025-07-16,17.15999984741211,66.37999725341797,98.38999938964844,4.454999923706055,4.224999904632568
2025-07-17,16.520000457763672,67.54000091552734,98.7300033569336,4.4629998207092285,4.235000133514404
2025-07-18,16.40999984741211,67.33999633789062,98.4800033569336,4.432000160217285,4.230000019073486
2025-07-21,16.649999618530273,67.19999694824219,97.8499984741211,4.372000217437744,4.2230000495910645
2025-07-22,16.5,66.20999908447266,97.38999938964844,4.335999965667725,4.230000019073486
2025-07-23,15.369999885559082,65.25,97.20999908447266,4.388000011444092,4.239999771118164
2025-07-24,15.390000343322754,66.02999877929688,97.37999725341797,4.4079999923706055,4.244999885559082
2025-07-25,14.930000305175781,65.16000366210938,97.6500015258789,4.386000156402588,4.244999885559082
2025-07-28,15.029999732971191,66.70999908447266,98.66000366210938,4.420000076293945,4.235000133514404
2025-07-29,15.979999542236328,69.20999908447266,98.91000366210938,4.329999923706055,4.230000019073486
2025-07-30,15.479999542236328,70.0,99.94000244140625,4.375999927520752,4.23199987411499
2025-07-31,16.719999313354492,69.26000213623047,100.02999877929688,4.360000133514404,4.235000133514404
2025-08-01,20.3799991607666,67.33000183105469,98.69000244140625,4.21999979019165,4.182000160217285
2025-08-04,17.520000457763672,66.29000091552734,98.77999877929688,4.199999809265137,4.1529998779296875
2025-08-05,17.850000381469727,65.16000366210938,98.77999877929688,4.196000099182129,4.150000095367432
2025-08-06,16.770000457763672,64.3499984741211,98.18000030517578,4.21999979019165,4.132999897003174
2025-08-07,16.56999969482422,63.880001068115234,98.4000015258789,4.24399995803833,4.138000011444092
2025-08-08,15.149999618530273,63.880001068115234,98.18000030517578,4.284999847412109,4.132999897003174
2025-08-11,16.25,63.959999084472656,98.5199966430664,4.2729997634887695,4.14300012588501
2025-08-12,14.729999542236328,63.16999816894531,98.0999984741211,4.293000221252441,4.130000114440918
2025-08-13,14.489999771118164,62.650001525878906,97.83999633789062,4.23799991607666,4.110000133514404
2025-08-14,14.829999923706055,63.959999084472656,98.25,4.293000221252441,4.111999988555908
2025-08-15,15.09000015258789,62.79999923706055,97.8499984741211,4.328000068664551,4.111999988555908
2025-08-18,14.989999771118164,63.41999816894531,98.16999816894531,4.341000080108643,4.123000144958496
2025-08-19,15.569999694824219,62.349998474121094,98.2699966430664,4.302000045776367,4.110000133514404
2025-08-20,15.6899995803833,63.209999084472656,98.22000122070312,4.296000003814697,4.114999771118164
2025-08-21,16.600000381469727,63.52000045776367,98.62000274658203,4.329999923706055,4.127999782562256
2025-08-22,14.220000267028809,63.65999984741211,97.72000122070312,4.260000228881836,4.0879998207092285
2025-08-25,14.789999961853027,64.80000305175781,98.43000030517578,4.275000095367432,4.0929999351501465
2025-08-26,14.619999885559082,63.25,98.2300033569336,4.257999897003174,4.0879998207092285
2025-08-27,14.850000381469727,64.1500015258789,98.2300033569336,4.23799991607666,4.059999942779541
2025-08-28,14.430000305175781,64.5999984741211,97.80999755859375,4.206999778747559,4.072000026702881
2025-08-29,15.359999656677246,64.01000213623047,97.7699966430664,4.2270002365112305,4.043000221252441
2025-09-01,15.359999656677246,64.01000213623047,97.7699966430664,4.2270002365112305,4.043000221252441
2025-09-02,17.170000076293945,65.58999633789062,98.4000015258789,4.2769999504089355,4.0320000648498535
2025-09-03,16.350000381469727,63.970001220703125,98.13999938964844,4.210999965667725,4.01800012588501
2025-09-04,15.300000190734863,63.47999954223633,98.3499984741211,4.176000118255615,3.997999906539917
2025-09-05,15.180000305175781,61.869998931884766,97.7699966430664,4.085999965667725,3.9100000858306885
2025-09-08,15.109999656677246,62.2599983215332,97.44999694824219,4.046000003814697,3.927999973297119
2025-09-09,15.039999961853027,62.630001068115234,97.79000091552734,4.073999881744385,3.943000078201294
2025-09-10,15.350000381469727,63.66999816894531,97.77999877929688,4.0320000648498535,3.930000066757202
2025-09-11,14.710000038146973,62.369998931884766,97.54000091552734,4.011000156402588,3.927999973297119
2025-09-12,14.760000228881836,62.689998626708984,97.55000305175781,4.060999870300293,3.927999973297119
2025-09-15,15.6899995803833,63.29999923706055,97.30000305175781,4.033999919891357,3.9000000953674316
2025-09-16,16.360000610351562,64.5199966430664,96.62999725341797,4.026000022888184,3.890000104904175
2025-09-17,15.720000267028809,64.05000305175781,96.87000274658203,4.076000213623047,3.868000030517578
2025-09-18,15.699999809265137,63.56999969482422,97.3499984741211,4.104000091552734,3.880000114440918
2025-09-19,15.449999809265137,62.68000030517578,97.63999938964844,4.138999938964844,3.878000020980835
2025-09-22,16.100000381469727,62.63999938964844,97.33000183105469,4.14300012588501,3.8480000495910645
2025-09-23,16.639999389648438,63.40999984741211,97.26000213623047,4.119999885559082,3.8450000286102295
2025-09-24,16.18000030517578,64.98999786376953,97.87000274658203,4.146999835968018,3.8580000400543213
2025-09-25,16.739999771118164,64.9800033569336,98.55000305175781,4.171999931335449,3.882999897003174
2025-09-26,15.289999961853027,65.72000122070312,98.1500015258789,4.186999797821045,3.859999895095825
2025-09-29,16.1200008392334,63.45000076293945,97.91000366210938,4.140999794006348,3.86299991607666
2025-09-30,16.280000686645508,62.369998931884766,97.7699966430664,4.1479997634887695,3.8450000286102295
2025-10-01,16.290000915527344,61.779998779296875,97.70999908447266,4.105999946594238,3.8450000286102295
2025-10-02,16.6299991607666,60.47999954223633,97.8499984741211,4.0879998207092285,3.8480000495910645
2025-10-03,16.649999618530273,60.880001068115234,97.72000122070312,4.11899995803833,3.8580000400543213
2025-10-06,16.3700008392334,61.689998626708984,98.11000061035156,4.1620001792907715,3.859999895095825
2025-10-07,17.239999771118164,61.72999954223633,98.58000183105469,4.126999855041504,3.8429999351501465
2025-10-08,16.299999237060547,62.54999923706055,98.8499984741211,4.129000186920166,3.8429999351501465
2025-10-09,16.43000030517578,61.5099983215332,99.54000091552734,4.1479997634887695,3.8529999256134033
2025-10-10,21.65999984741211,58.900001525878906,98.9800033569336,4.051000118255615,3.8529999256134033
2025-10-13,19.030000686645508,59.4900016784668,99.2699966430664,4.051000118255615,3.8529999256134033
2025-10-14,20.809999465942383,58.70000076293945,99.05000305175781,4.021999835968018,3.8529999256134033
2025-10-15,20.639999389648438,58.27000045776367,98.79000091552734,4.046000003814697,3.8580000400543213
2025-10-16,25.309999465942383,57.459999084472656,98.38999938964844,3.9760000705718994,3.8529999256134033
2025-10-17,20.780000686645508,57.540000915527344,98.43000030517578,4.006999969482422,3.8320000171661377
2025-10-20,18.229999542236328,57.52000045776367,98.58999633789062,3.9860000610351562,3.7980000972747803
2025-10-21,17.8700008392334,57.81999969482422,98.93000030517578,3.9630000591278076,3.7850000858306885
2025-10-22,18.600000381469727,58.5,98.9000015258789,3.953000068664551,3.7880001068115234
2025-10-23,17.299999237060547,61.790000915527344,98.94000244140625,3.990999937057495,3.7880001068115234
2025-10-24,16.3700008392334,61.5,98.94999694824219,3.996999979019165,3.763000011444092
2025-10-27,15.789999961853027,61.310001373291016,98.77999877929688,3.996999979019165,3.7179999351501465
2025-10-28,16.420000076293945,60.150001525878906,98.69000244140625,3.9830000400543213,3.7200000286102295
2025-10-29,16.920000076293945,60.47999954223633,99.22000122070312,4.058000087738037,3.7300000190734863
2025-10-30,16.90999984741211,60.56999969482422,99.52999877929688,4.0929999351501465,3.756999969482422
2025-10-31,17.440000534057617,60.97999954223633,99.80000305175781,4.10099983215332,3.7179999351501465
2025-11-03,17.170000076293945,61.04999923706055,99.87000274658203,4.105999946594238,3.7829999923706055
2025-11-04,19.0,60.560001373291016,100.22000122070312,4.089000225067139,3.7929999828338623
2025-11-05,18.010000228881836,59.599998474121094,100.19999694824219,4.1570000648498535,3.7880001068115234
2025-11-06,19.5,59.43000030517578,99.7300033569336,4.0929999351501465,3.763000011444092
2025-11-07,19.079999923706055,59.75,99.5999984741211,4.0929999351501465,3.756999969482422
2025-11-10,17.600000381469727,60.130001068115234,99.62000274658203,4.110000133514404,3.7829999923706055
2025-11-11,17.280000686645508,61.040000915527344,99.45999908447266,4.119999885559082,3.7829999923706055
2025-11-12,17.510000228881836,58.4900016784668,99.4800033569336,4.065000057220459,3.7780001163482666
2025-11-13,20.0,58.689998626708984,99.18000030517578,4.111999988555908,3.7929999828338623
2025-11-14,19.829999923706055,60.09000015258789,99.2699966430664,4.1479997634887695,3.7880001068115234
2025-11-17,22.3799991607666,59.90999984741211,99.58999633789062,4.132999897003174,3.7720000743865967
2025-11-18,24.690000534057617,60.7400016784668,99.55000305175781,4.123000144958496,3.7720000743865967
2025-11-19,23.65999984741211,59.439998626708984,100.2300033569336,4.132999897003174,3.7720000743865967
2025-11-20,26.420000076293945,59.13999938964844,100.16000366210938,4.105999946594238,3.7750000953674316
2025-11-21,23.43000030517578,58.060001373291016,100.18000030517578,4.063000202178955,3.740000009536743
2025-11-24,20.520000457763672,58.84000015258789,100.13999938964844,4.038000106811523,3.7300000190734863
2025-11-25,18.559999465942383,57.95000076293945,99.66000366210938,4.001999855041504,3.7320001125335693
2025-11-26,17.190000534057617,58.650001525878906,99.5999984741211,3.997999906539917,3.753000020980835
2025-11-27,17.190000534057617,58.650001525878906,99.5999984741211,3.997999906539917,3.753000020980835
2025-11-28,16.350000381469727,58.54999923706055,99.45999908447266,4.017000198364258,3.697000026702881
2025-12-01,17.239999771118164,59.31999969482422,99.41000366210938,4.0960001945495605,3.693000078201294
2025-12-02,16.59000015258789,58.63999938964844,99.36000061035156,4.085999965667725,3.671999931335449
2025-12-03,16.079999923706055,58.95000076293945,98.8499984741211,4.057000160217285,3.634999990463257
2025-12-04,15.779999732971191,59.66999816894531,98.98999786376953,4.107999801635742,3.611999988555908
2025-12-05,15.40999984741211,60.08000183105469,98.98999786376953,4.138999938964844,3.6029999256134033
2025-12-08,16.65999984741211,58.880001068115234,99.08999633789062,4.171999931335449,3.618000030517578
2025-12-09,16.93000030517578,58.25,99.22000122070312,4.185999870300293,3.631999969482422
2025-12-10,15.770000457763672,58.459999084472656,98.79000091552734,4.164000034332275,3.5929999351501465
2025-12-11,14.850000381469727,57.599998474121094,98.3499984741211,4.140999794006348,3.568000078201294
2025-12-12,15.739999771118164,57.439998626708984,98.4000015258789,4.193999767303467,3.5250000953674316
2025-12-15,16.5,56.81999969482422,98.1500015258789,4.182000160217285,3.5380001068115234
2025-12-16,16.479999542236328,55.27000045776367,98.1500015258789,4.14900016784668,3.5450000762939453
2025-12-17,17.6200008392334,55.939998626708984,98.37000274658203,4.151000022888184,3.5429999828338623
2025-12-18,16.8700008392334,56.150001525878906,98.43000030517578,4.116000175476074,3.5220000743865967
2025-12-19,14.90999984741211,56.65999984741211,98.5999984741211,4.151000022888184,3.5220000743865967
2025-12-22,14.079999923706055,58.0099983215332,98.29000091552734,4.169000148773193,3.5280001163482666
2025-12-23,14.0,58.380001068115234,97.94000244140625,4.169000148773193,3.546999931335449
2025-12-24,13.470000267028809,58.349998474121094,97.9800033569336,4.136000156402588,3.555000066757202
2025-12-25,13.470000267028809,58.349998474121094,97.9800033569336,4.136000156402588,3.555000066757202
2025-12-26,13.600000381469727,56.7400016784668,98.0199966430664,4.136000156402588,3.5429999828338623
2025-12-29,14.199999809265137,58.08000183105469,98.04000091552734,4.116000175476074,3.5380001068115234
2025-12-30,14.329999923706055,57.95000076293945,98.23999786376953,4.130000114440918,3.5399999618530273
2025-12-31,14.949999809265137,57.41999816894531,98.27999877929688,4.163000106811523,3.546999931335449
2026-01-01,14.949999809265137,57.41999816894531,98.27999877929688,4.163000106811523,3.546999931335449
2026-01-02,14.510000228881836,57.31999969482422,98.41999816894531,4.186999797821045,3.5329999923706055
2026-01-05,14.899999618530273,58.31999969482422,98.2699966430664,4.164999961853027,3.515000104904175
2026-01-06,14.75,57.130001068115234,98.58000183105469,4.178999900817871,3.5199999809265137
2026-01-07,15.380000114440918,55.9900016784668,98.68000030517578,4.138000011444092,3.515000104904175
2026-01-08,15.449999809265137,57.7599983215332,98.93000030517578,4.183000087738037,3.506999969482422
2026-01-09,14.489999771118164,59.119998931884766,99.12999725341797,4.171000003814697,3.513000011444092
2026-01-12,15.119999885559082,59.5,98.86000061035156,4.186999797821045,3.5329999923706055
2026-01-13,15.979999542236328,61.150001525878906,99.12999725341797,4.171000003814697,3.559999942779541
2026-01-14,16.75,62.02000045776367,99.12999725341797,4.139999866485596,3.559999942779541
2026-01-15,15.84000015258789,59.189998626708984,99.31999969482422,4.159999847412109,3.565000057220459
2026-01-16,15.859999656677246,59.439998626708984,99.38999938964844,4.230999946594238,3.556999921798706
2026-01-19,15.859999656677246,59.439998626708984,99.38999938964844,4.230999946594238,3.556999921798706
2026-01-20,20.09000015258789,60.34000015258789,98.63999938964844,4.295000076293945,3.572000026702881
2026-01-21,16.899999618530273,60.619998931884766,98.76000213623047,4.252999782562256,3.5880000591278076
2026-01-22,15.640000343322754,59.36000061035156,98.36000061035156,4.249000072479248,3.5880000591278076
2026-01-23,16.09000015258789,61.06999969482422,97.5999984741211,4.238999843597412,3.5820000171661377
2026-01-26,16.149999618530273,60.630001068115234,97.04000091552734,4.2129998207092285,3.575000047683716
2026-01-27,16.350000381469727,62.38999938964844,96.22000122070312,4.2230000495910645,3.569999933242798
2026-01-28,16.350000381469727,63.209999084472656,96.44999694824219,4.250999927520752,3.5820000171661377
2026-01-29,16.8799991607666,65.41999816894531,96.27999877929688,4.2270002365112305,3.5799999237060547
2026-01-30,17.440000534057617,65.20999908447266,96.98999786376953,4.241000175476074,3.572000026702881
2026-02-02,16.34000015258789,62.13999938964844,97.61000061035156,4.275000095367432,3.578000068664551
2026-02-03,18.0,63.209999084472656,97.44000244140625,4.27400016784668,3.5899999141693115
2026-02-04,18.639999389648438,65.13999938964844,97.62000274658203,4.275000095367432,3.5950000286102295
2026-02-05,21.770000457763672,63.290000915527344,97.81999969482422,4.210000038146973,3.578000068664551
2026-02-06,20.3700008392334,63.54999923706055,97.62999725341797,4.205999851226807,3.5899999141693115
2026-02-09,17.360000610351562,64.36000061035156,96.81999969482422,4.197999954223633,3.5929999351501465
2026-02-10,17.790000915527344,63.959999084472656,96.80000305175781,4.146999835968018,3.5899999141693115
2026-02-11,17.649999618530273,64.62999725341797,96.83000183105469,4.171999931335449,3.5999999046325684
2026-02-12,20.81999969482422,62.84000015258789,96.93000030517578,4.104000091552734,3.5980000495910645
2026-02-13,20.600000381469727,62.88999938964844,96.87999725341797,4.056000232696533,3.5929999351501465
2026-02-16,20.600000381469727,62.88999938964844,96.87999725341797,4.056000232696533,3.5929999351501465
2026-02-17,20.290000915527344,62.33000183105469,97.16000366210938,4.052000045776367,3.5929999351501465
2026-02-18,19.6200008392334,65.19000244140625,97.69999694824219,4.078999996185303,3.6029999256134033
2026-02-19,20.229999542236328,66.43000030517578,97.93000030517578,4.074999809265137,3.5950000286102295
2026-02-20,19.09000015258789,66.38999938964844,97.80000305175781,4.085999965667725,3.5950000286102295
2026-02-23,21.010000228881836,66.30999755859375,97.69999694824219,4.0289998054504395,3.5880000591278076
2026-02-24,19.549999237060547,65.62999725341797,97.87999725341797,4.0329999923706055,3.5880000591278076
2026-02-25,17.93000030517578,65.41999816894531,97.69999694824219,4.047999858856201,3.5880000591278076
2026-02-26,18.6299991607666,65.20999908447266,97.79000091552734,4.017000198364258,3.5880000591278076
2026-02-27,19.860000610351562,67.0199966430664,97.61000061035156,3.9619998931884766,3.578000068664551
2026-03-02,21.440000534057617,71.2300033569336,98.37999725341797,4.047999858856201,3.5899999141693115
2026-03-03,23.56999969482422,74.55999755859375,99.05000305175781,4.056000232696533,3.5950000286102295
2026-03-04,21.149999618530273,74.66000366210938,98.7699966430664,4.079999923706055,3.5950000286102295
2026-03-05,23.75,81.01000213623047,99.31999969482422,4.145999908447266,3.5880000591278076
2026-03-06,29.489999771118164,90.9000015258789,98.98999786376953,4.132999897003174,3.569999933242798
2026-03-09,25.5,94.7699966430664,99.18000030517578,4.136000156402588,3.5929999351501465
2026-03-10,24.93000030517578,83.44999694824219,98.83000183105469,4.136000156402588,3.5950000286102295
2026-03-11,24.229999542236328,87.25,99.2300033569336,4.208000183105469,3.5999999046325684
2026-03-12,27.290000915527344,95.7300033569336,99.73999786376953,4.2729997634887695,3.6050000190734863
2026-03-13,27.190000534057617,98.70999908447266,100.36000061035156,4.284999847412109,3.6029999256134033
2026-03-16,23.510000228881836,93.5,99.70999908447266,4.21999979019165,3.6050000190734863
2026-03-17,22.3700008392334,96.20999908447266,99.58000183105469,4.202000141143799,3.6050000190734863
2026-03-18,25.09000015258789,96.31999969482422,100.08999633789062,4.258999824523926,3.609999895095825
2026-03-19,24.059999465942383,96.13999938964844,99.2300033569336,4.281000137329102,3.611999988555908
2026-03-20,26.780000686645508,98.31999969482422,99.6500015258789,4.390999794006348,3.618000030517578
2026-03-23,26.149999618530273,88.12999725341797,98.94999694824219,4.334000110626221,3.611999988555908
2026-03-24,26.950000762939453,92.3499984741211,99.43000030517578,4.392000198364258,3.619999885559082
2026-03-25,25.329999923706055,90.31999969482422,99.5999984741211,4.328000068664551,3.619999885559082
2026-03-26,27.440000534057617,94.4800033569336,99.9000015258789,4.415999889373779,3.619999885559082
2026-03-27,31.049999237060547,99.63999938964844,100.1500015258789,4.440000057220459,3.6070001125335693
2026-03-30,30.610000610351562,102.87999725341797,100.51000213623047,4.3420000076293945,3.5980000495910645
2026-03-31,25.25,101.37999725341797,99.95999908447266,4.310999870300293,3.5999999046325684
2026-04-01,24.540000915527344,100.12000274658203,99.6500015258789,4.318999767303467,3.6050000190734863
2026-04-02,23.8700008392334,111.54000091552734,100.02999877929688,4.313000202178955,3.6070001125335693
2026-04-03,23.8700008392334,111.54000091552734,100.02999877929688,4.313000202178955,3.6070001125335693
2026-04-06,24.170000076293945,112.41000366210938,99.9800033569336,4.335000038146973,3.622999906539917
2026-04-07,25.780000686645508,112.94999694824219,99.63999938964844,4.3429999351501465,3.615000009536743
2026-04-08,21.040000915527344,94.41000366210938,99.12999725341797,4.290999889373779,3.5999999046325684
2026-04-09,19.489999771118164,97.87000274658203,98.81999969482422,4.293000221252441,3.5880000591278076
2026-04-10,19.229999542236328,96.56999969482422,98.6500015258789,4.316999912261963,3.5929999351501465
2026-04-13,19.1200008392334,99.08000183105469,98.37000274658203,4.296999931335449,3.6029999256134033
2026-04-14,18.360000610351562,91.27999877929688,98.12000274658203,4.25600004196167,3.611999988555908
2026-04-15,18.170000076293945,91.29000091552734,98.05999755859375,4.2820000648498535,3.611999988555908
2026-04-16,17.940000534057617,94.69000244140625,98.22000122070312,4.309000015258789,3.609999895095825
2026-04-17,17.479999542236328,83.8499984741211,98.0999984741211,4.245999813079834,3.5999999046325684
2026-04-20,18.8700008392334,89.61000061035156,98.05000305175781,4.25,3.5980000495910645
2026-04-21,19.5,92.12999725341797,98.41000366210938,4.291999816894531,3.5980000495910645
2026-04-22,18.920000076293945,92.95999908447266,98.58999633789062,4.294000148773193,3.5950000286102295
2026-04-23,19.309999465942383,95.8499984741211,98.80000305175781,4.322999954223633,3.5950000286102295
2026-04-24,18.709999084472656,94.4000015258789,98.51000213623047,4.309999942779541,3.5929999351501465
2026-04-27,18.020000457763672,96.37000274658203,98.4800033569336,4.335999965667725,3.5899999141693115
